billing_product_id,billing_account_id,product_instance_id,standard_product_code,billing_product_code,billing_product_name,product_family,billing_status,monthly_charge
BP00001,BA00549,ORPHAN_AS00001,STD_BB_FTTP,ABB_FTTP,Antillia Broadband FTTP,Broadband,Active,108.05
BP00002,BA00817,SAS00002,STD_BB_FTTP,ABB_FTTP,Antillia Broadband FTTP,Broadband,Active,202.8
BP00003,BA00228,SAS00003,STD_BB_FTTC,ABB_FTTC,Antillia Broadband FTTC,Broadband,Active,20.13
BP00004,BA00836,SAS00004,STD_BB_FTTC,ABB_FTTC,Antillia Broadband FTTC,Broadband,Ceased,212.23
BP00005,BA00616,SAS00005,STD_PSTN_LINE,APSTN_LINE,Antillia PSTN Line,Voice,Active,191.32
BP00006,BA00036,SAS00006,STD_BB_FTTP,ABB_FTTP,Antillia Broadband FTTP,Broadband,Active,89.66
BP00007,BA00869,SAS00007,STD_BB_FTTC,ABB_FTTC,Antillia Broadband FTTC,Broadband,Active,128.96
BP00008,BA00722,SAS00008,STD_BB_FTTC,ABB_FTTC,Antillia Broadband FTTC,Broadband,Ceased,31.64
BP00009,BA00734,SAS00009,STD_BB_FTTC,ABB_FTTC,Antillia Broadband FTTC,Broadband,Active,187.98
BP00010,BA00054,SAS00010,STD_PSTN_LINE,APSTN_LINE,Antillia PSTN Line,Voice,Ceased,198.04
BP00011,BA00307,SAS00011,STD_BB_FTTP,ABB_FTTP,Antillia Broadband FTTP,Broadband,Ceased,170.95
BP00012,BA00562,SAS00012,STD_PSTN_LINE,APSTN_LINE,Antillia PSTN Line,Voice,Active,116.01
BP00013,BA00401,SAS00013,STD_BB_FTTC,ABB_FTTC,Antillia Broadband FTTC,Broadband,Active,140.46
BP00014,BA00200,SAS00014,STD_PSTN_LINE,APSTN_LINE,Antillia PSTN Line,Voice,Active,145.14
BP00015,BA00811,SAS00015,STD_PSTN_LINE,APSTN_LINE,Antillia PSTN Line,Voice,Active,204.78
BP00016,BA00469,SAS00016,STD_PSTN_LINE,APSTN_LINE,Antillia PSTN Line,Voice,Active,151.9
BP00017,BA00919,SAS00017,STD_BB_FTTP,ABB_FTTP,Antillia Broadband FTTP,Broadband,Active,68.61
BP00018,BA00010,SAS00018,STD_PSTN_LINE,APSTN_LINE,Antillia PSTN Line,Voice,Active,216.62
BP00019,BA00880,SAS00019,STD_PSTN_LINE,APSTN_LINE,Antillia PSTN Line,Voice,Active,238.49
BP00020,BA00949,SAS00020,STD_BB_FTTC,ABB_FTTC,Antillia Broadband FTTC,Broadband,Active,100.5
BP00021,BA00121,SAS00021,STD_PSTN_LINE,APSTN_LINE,Antillia PSTN Line,Voice,Ceased,168.82
BP00022,BA00643,SAS00022,STD_BB_FTTC,ABB_FTTC,Antillia Broadband FTTC,Broadband,Inactive,74.84
BP00023,BA00310,SAS00023,STD_BB_FTTP,ABB_FTTP,Antillia Broadband FTTP,Broadband,Active,239.46
BP00024,BA00709,SAS00024,STD_PSTN_LINE,APSTN_LINE,Antillia PSTN Line,Voice,Ceased,173.61
BP00025,BA00838,SAS00025,STD_PSTN_LINE,APSTN_LINE,Antillia PSTN Line,Voice,Active,81.85
BP00026,BA00123,SAS00026,STD_BB_FTTC,ABB_FTTC,Antillia Broadband FTTC,Broadband,Active,46.32
BP00027,BA00231,SAS00027,STD_BB_FTTP,ABB_FTTP,Antillia Broadband FTTP,Broadband,Active,150.93
BP00028,BA00764,SAS00028,STD_PSTN_LINE,APSTN_LINE,Antillia PSTN Line,Voice,Active,155.55
BP00029,BA00720,SAS00029,STD_BB_FTTC,ABB_FTTC,Antillia Broadband FTTC,Broadband,Active,150.57
BP00030,BA00931,ORPHAN_AS00030,STD_BB_FTTC,ABB_FTTC,Antillia Broadband FTTC,Broadband,Suspended,142.7
BP00031,BA00404,SAS00031,STD_PSTN_LINE,APSTN_LINE,Antillia PSTN Line,Voice,Active,142.45
BP00032,BA00532,SAS00032,STD_PSTN_LINE,APSTN_LINE,Antillia PSTN Line,Voice,Inactive,143.04
BP00033,BA00772,SAS00033,STD_BB_FTTC,ABB_FTTC,Antillia Broadband FTTC,Broadband,Inactive,242.04
BP00034,BA00614,SAS00034,STD_PSTN_LINE,APSTN_LINE,Antillia PSTN Line,Voice,Active,19.24
BP00035,BA00041,SAS00035,STD_BB_FTTC,ABB_FTTC,Antillia Broadband FTTC,Broadband,Active,65.85
BP00036,BA00872,SAS00036,STD_PSTN_LINE,APSTN_LINE,Antillia PSTN Line,Voice,Inactive,37.63
BP00037,BA00990,SAS00037,STD_PSTN_LINE,APSTN_LINE,Antillia PSTN Line,Voice,Active,116.15
BP00038,BA00308,ORPHAN_AS00038,STD_PSTN_LINE,APSTN_LINE,Antillia PSTN Line,Voice,Active,237.42
BP00039,BA00547,SAS00039,STD_BB_FTTC,ABB_FTTC,Antillia Broadband FTTC,Broadband,Active,151.88
BP00040,BA00361,SAS00040,STD_BB_FTTP,ABB_FTTP,Antillia Broadband FTTP,Broadband,Active,136.46
BP00041,BA00046,SAS00041,STD_PSTN_LINE,APSTN_LINE,Antillia PSTN Line,Voice,Active,61.63
BP00042,BA00981,SAS00042,STD_BB_FTTP,ABB_FTTP,Antillia Broadband FTTP,Broadband,Active,146.08
BP00043,BA00747,SAS00043,STD_BB_FTTC,ABB_FTTC,Antillia Broadband FTTC,Broadband,Active,35.25
BP00044,BA00926,SAS00044,STD_BB_FTTC,ABB_FTTC,Antillia Broadband FTTC,Broadband,Active,123.81
BP00045,BA00963,SAS00045,STD_PSTN_LINE,APSTN_LINE,Antillia PSTN Line,Voice,Active,142.33
BP00046,BA00649,SAS00046,STD_PSTN_LINE,APSTN_LINE,Antillia PSTN Line,Voice,Active,62.69
BP00047,BA00841,SAS00047,STD_PSTN_LINE,APSTN_LINE,Antillia PSTN Line,Voice,Active,56.06
BP00048,BA00807,SAS00048,STD_PSTN_LINE,APSTN_LINE,Antillia PSTN Line,Voice,Active,24.01
BP00049,BA00128,ORPHAN_AS00049,STD_PSTN_LINE,APSTN_LINE,Antillia PSTN Line,Voice,Active,176.68
BP00050,BA00092,SAS00050,STD_BB_FTTP,ABB_FTTP,Antillia Broadband FTTP,Broadband,Active,95.38
BP00051,BA00232,SAS00051,STD_BB_FTTP,ABB_FTTP,Antillia Broadband FTTP,Broadband,Active,40.72
BP00052,BA00975,SAS00052,STD_PSTN_LINE,APSTN_LINE,Antillia PSTN Line,Voice,Active,232.75
BP00053,BA00314,SAS00053,STD_BB_FTTC,ABB_FTTC,Antillia Broadband FTTC,Broadband,Active,205.18
BP00054,BA00586,SAS00054,STD_BB_FTTC,ABB_FTTC,Antillia Broadband FTTC,Broadband,Suspended,145.96
BP00055,BA00175,SAS00055,STD_BB_FTTC,ABB_FTTC,Antillia Broadband FTTC,Broadband,Active,192.43
BP00056,BA00695,SAS00056,STD_BB_FTTC,ABB_FTTC,Antillia Broadband FTTC,Broadband,Ceased,141.35
BP00057,BA00489,SAS00057,STD_BB_FTTC,ABB_FTTC,Antillia Broadband FTTC,Broadband,Active,78.1
BP00058,BA00674,SAS00058,STD_PSTN_LINE,APSTN_LINE,Antillia PSTN Line,Voice,Active,105.88
BP00059,BA00743,ORPHAN_AS00059,STD_BB_FTTP,ABB_FTTP,Antillia Broadband FTTP,Broadband,Active,103.87
BP00060,BA00429,SAS00060,STD_BB_FTTP,ABB_FTTP,Antillia Broadband FTTP,Broadband,Active,60.48
BP00061,BA00515,SAS00061,STD_PSTN_LINE,APSTN_LINE,Antillia PSTN Line,Voice,Active,239.01
BP00062,BA00946,SAS00062,STD_PSTN_LINE,APSTN_LINE,Antillia PSTN Line,Voice,Inactive,88.8
BP00063,BA00417,SAS00063,STD_BB_FTTC,ABB_FTTC,Antillia Broadband FTTC,Broadband,Inactive,214.1
BP00064,BA00246,ORPHAN_AS00064,STD_BB_FTTP,ABB_FTTP,Antillia Broadband FTTP,Broadband,Ceased,56.31
BP00065,BA00568,SAS00065,STD_BB_FTTP,ABB_FTTP,Antillia Broadband FTTP,Broadband,Ceased,205.54
BP00066,BA00694,SAS00066,STD_BB_FTTC,ABB_FTTC,Antillia Broadband FTTC,Broadband,Active,187.54
BP00067,BA00694,SAS00067,STD_PSTN_LINE,APSTN_LINE,Antillia PSTN Line,Voice,Suspended,179.91
BP00068,BA00933,SAS00068,STD_BB_FTTP,ABB_FTTP,Antillia Broadband FTTP,Broadband,Inactive,19.69
BP00069,BA00354,SAS00069,STD_BB_FTTP,ABB_FTTP,Antillia Broadband FTTP,Broadband,Active,189.44
BP00070,BA00902,SAS00070,STD_BB_FTTP,ABB_FTTP,Antillia Broadband FTTP,Broadband,Ceased,176.71
BP00071,BA00173,SAS00071,STD_BB_FTTP,ABB_FTTP,Antillia Broadband FTTP,Broadband,Active,222.61
BP00072,BA00077,SAS00072,STD_BB_FTTC,ABB_FTTC,Antillia Broadband FTTC,Broadband,Active,48.93
BP00073,BA00508,ORPHAN_AS00073,STD_BB_FTTP,ABB_FTTP,Antillia Broadband FTTP,Broadband,Active,104.6
BP00074,BA00256,SAS00074,STD_PSTN_LINE,APSTN_LINE,Antillia PSTN Line,Voice,Inactive,215.38
BP00075,BA00495,SAS00075,STD_BB_FTTP,ABB_FTTP,Antillia Broadband FTTP,Broadband,Active,67.43
BP00076,BA00223,SAS00076,STD_BB_FTTC,ABB_FTTC,Antillia Broadband FTTC,Broadband,Ceased,233.55
BP00077,BA00915,SAS00077,STD_BB_FTTC,ABB_FTTC,Antillia Broadband FTTC,Broadband,Active,125.43
BP00078,BA00365,SAS00078,STD_BB_FTTC,ABB_FTTC,Antillia Broadband FTTC,Broadband,Active,124.8
BP00079,BA00359,SAS00079,STD_BB_FTTC,ABB_FTTC,Antillia Broadband FTTC,Broadband,Suspended,61.19
BP00080,BA00504,SAS00080,STD_BB_FTTP,ABB_FTTP,Antillia Broadband FTTP,Broadband,Active,140.75
BP00081,BA00936,SAS00081,STD_PSTN_LINE,APSTN_LINE,Antillia PSTN Line,Voice,Active,54.11
BP00082,BA00405,SAS00082,STD_BB_FTTC,ABB_FTTC,Antillia Broadband FTTC,Broadband,Active,102.56
BP00083,BA00276,SAS00083,STD_PSTN_LINE,APSTN_LINE,Antillia PSTN Line,Voice,Active,119.75
BP00084,BA00363,SAS00084,STD_BB_FTTP,ABB_FTTP,Antillia Broadband FTTP,Broadband,Inactive,19.35
BP00085,BA00114,SAS00085,STD_BB_FTTP,ABB_FTTP,Antillia Broadband FTTP,Broadband,Active,27.34
BP00086,BA00923,SAS00086,STD_PSTN_LINE,APSTN_LINE,Antillia PSTN Line,Voice,Active,172.56
BP00087,BA00273,SAS00087,STD_BB_FTTP,ABB_FTTP,Antillia Broadband FTTP,Broadband,Active,131.46
BP00088,BA00131,SAS00088,STD_PSTN_LINE,APSTN_LINE,Antillia PSTN Line,Voice,Active,195.34
BP00089,BA00946,SAS00089,STD_PSTN_LINE,APSTN_LINE,Antillia PSTN Line,Voice,Inactive,209.55
BP00090,BA00812,SAS00090,STD_BB_FTTC,ABB_FTTC,Antillia Broadband FTTC,Broadband,Active,54.09
BP00091,BA00243,SAS00091,STD_BB_FTTC,ABB_FTTC,Antillia Broadband FTTC,Broadband,Active,210.52
BP00092,BA00009,SAS00092,STD_PSTN_LINE,APSTN_LINE,Antillia PSTN Line,Voice,Active,85.16
BP00093,BA00254,SAS00093,STD_BB_FTTP,ABB_FTTP,Antillia Broadband FTTP,Broadband,Active,187.19
BP00094,BA00118,SAS00094,STD_PSTN_LINE,APSTN_LINE,Antillia PSTN Line,Voice,Suspended,248.67
BP00095,BA00204,SAS00095,STD_BB_FTTP,ABB_FTTP,Antillia Broadband FTTP,Broadband,Active,199.59
BP00096,BA00626,SAS00096,STD_PSTN_LINE,APSTN_LINE,Antillia PSTN Line,Voice,Active,248.27
BP00097,BA00235,SAS00097,STD_BB_FTTC,ABB_FTTC,Antillia Broadband FTTC,Broadband,Active,111.1
BP00098,BA00150,SAS00098,STD_BB_FTTP,ABB_FTTP,Antillia Broadband FTTP,Broadband,Active,161.02
BP00099,BA00418,ORPHAN_AS00099,STD_BB_FTTC,ABB_FTTC,Antillia Broadband FTTC,Broadband,Active,180.44
BP00100,BA00437,SAS00100,STD_BB_FTTP,ABB_FTTP,Antillia Broadband FTTP,Broadband,Active,136.29
BP00101,BA00276,SAS00101,STD_BB_FTTC,ABB_FTTC,Antillia Broadband FTTC,Broadband,Active,236.78
BP00102,BA00917,SAS00102,STD_PSTN_LINE,APSTN_LINE,Antillia PSTN Line,Voice,Active,27.49
BP00103,BA00218,SAS00103,STD_BB_FTTC,ABB_FTTC,Antillia Broadband FTTC,Broadband,Active,83.0
BP00104,BA00259,SAS00104,STD_BB_FTTP,ABB_FTTP,Antillia Broadband FTTP,Broadband,Ceased,102.35
BP00105,BA00014,ORPHAN_AS00105,STD_PSTN_LINE,APSTN_LINE,Antillia PSTN Line,Voice,Active,196.75
BP00106,BA00830,SAS00106,STD_BB_FTTC,ABB_FTTC,Antillia Broadband FTTC,Broadband,Active,198.68
BP00107,BA00666,SAS00107,STD_PSTN_LINE,APSTN_LINE,Antillia PSTN Line,Voice,Active,153.56
BP00108,BA00645,SAS00108,STD_BB_FTTC,ABB_FTTC,Antillia Broadband FTTC,Broadband,Inactive,45.92
BP00109,BA00671,SAS00109,STD_BB_FTTP,ABB_FTTP,Antillia Broadband FTTP,Broadband,Inactive,62.76
BP00110,BA00965,ORPHAN_AS00110,STD_BB_FTTP,ABB_FTTP,Antillia Broadband FTTP,Broadband,Active,97.55
BP00111,BA00207,SAS00111,STD_PSTN_LINE,APSTN_LINE,Antillia PSTN Line,Voice,Active,53.65
BP00112,BA00729,SAS00112,STD_BB_FTTC,ABB_FTTC,Antillia Broadband FTTC,Broadband,Active,221.48
BP00113,BA00999,SAS00113,STD_PSTN_LINE,APSTN_LINE,Antillia PSTN Line,Voice,Active,102.91
BP00114,BA00447,SAS00114,STD_BB_FTTC,ABB_FTTC,Antillia Broadband FTTC,Broadband,Active,115.21
BP00115,BA00023,SAS00115,STD_BB_FTTP,ABB_FTTP,Antillia Broadband FTTP,Broadband,Active,81.6
BP00116,BA00979,SAS00116,STD_PSTN_LINE,APSTN_LINE,Antillia PSTN Line,Voice,Active,202.3
BP00117,BA00408,SAS00117,STD_BB_FTTP,ABB_FTTP,Antillia Broadband FTTP,Broadband,Active,141.53
BP00118,BA00449,ORPHAN_AS00118,STD_BB_FTTP,ABB_FTTP,Antillia Broadband FTTP,Broadband,Inactive,107.12
BP00119,BA00279,SAS00119,STD_PSTN_LINE,APSTN_LINE,Antillia PSTN Line,Voice,Active,18.84
BP00120,BA00010,SAS00120,STD_BB_FTTP,ABB_FTTP,Antillia Broadband FTTP,Broadband,Suspended,201.43
BP00121,BA00538,SAS00121,STD_BB_FTTP,ABB_FTTP,Antillia Broadband FTTP,Broadband,Active,215.77
BP00122,BA00122,SAS00122,STD_BB_FTTC,ABB_FTTC,Antillia Broadband FTTC,Broadband,Active,28.58
BP00123,BA00152,ORPHAN_AS00123,STD_BB_FTTC,ABB_FTTC,Antillia Broadband FTTC,Broadband,Ceased,82.44
BP00124,BA00053,SAS00124,STD_PSTN_LINE,APSTN_LINE,Antillia PSTN Line,Voice,Active,75.77
BP00125,BA00002,SAS00125,STD_PSTN_LINE,APSTN_LINE,Antillia PSTN Line,Voice,Active,164.78
BP00126,BA00970,SAS00126,STD_PSTN_LINE,APSTN_LINE,Antillia PSTN Line,Voice,Active,145.43
BP00127,BA00627,SAS00127,STD_BB_FTTP,ABB_FTTP,Antillia Broadband FTTP,Broadband,Active,246.58
BP00128,BA00365,ORPHAN_AS00128,STD_BB_FTTP,ABB_FTTP,Antillia Broadband FTTP,Broadband,Active,241.93
BP00129,BA00551,SAS00129,STD_PSTN_LINE,APSTN_LINE,Antillia PSTN Line,Voice,Active,219.37
BP00130,BA00740,SAS00130,STD_PSTN_LINE,APSTN_LINE,Antillia PSTN Line,Voice,Inactive,106.62
BP00131,BA00650,SAS00131,STD_PSTN_LINE,APSTN_LINE,Antillia PSTN Line,Voice,Active,65.83
BP00132,BA00209,SAS00132,STD_BB_FTTP,ABB_FTTP,Antillia Broadband FTTP,Broadband,Active,205.39
BP00133,BA00238,SAS00133,STD_BB_FTTP,ABB_FTTP,Antillia Broadband FTTP,Broadband,Inactive,118.67
BP00134,BA00508,SAS00134,STD_PSTN_LINE,APSTN_LINE,Antillia PSTN Line,Voice,Active,60.93
BP00135,BA00503,SAS00135,STD_BB_FTTP,ABB_FTTP,Antillia Broadband FTTP,Broadband,Ceased,59.85
BP00136,BA00907,SAS00136,STD_BB_FTTC,ABB_FTTC,Antillia Broadband FTTC,Broadband,Active,109.45
BP00137,BA00074,ORPHAN_AS00137,STD_PSTN_LINE,APSTN_LINE,Antillia PSTN Line,Voice,Active,123.57
BP00138,BA00742,SAS00138,STD_BB_FTTC,ABB_FTTC,Antillia Broadband FTTC,Broadband,Active,186.61
BP00139,BA00387,SAS00139,STD_PSTN_LINE,APSTN_LINE,Antillia PSTN Line,Voice,Active,43.53
BP00140,BA00958,SAS00140,STD_BB_FTTP,ABB_FTTP,Antillia Broadband FTTP,Broadband,Active,75.62
BP00141,BA00643,SAS00141,STD_BB_FTTP,ABB_FTTP,Antillia Broadband FTTP,Broadband,Active,201.84
BP00142,BA00556,SAS00142,STD_PSTN_LINE,APSTN_LINE,Antillia PSTN Line,Voice,Inactive,96.51
BP00143,BA00492,SAS00143,STD_BB_FTTC,ABB_FTTC,Antillia Broadband FTTC,Broadband,Inactive,225.03
BP00144,BA00491,SAS00144,STD_PSTN_LINE,APSTN_LINE,Antillia PSTN Line,Voice,Active,30.96
BP00145,BA00127,SAS00145,STD_PSTN_LINE,APSTN_LINE,Antillia PSTN Line,Voice,Active,28.33
BP00146,BA00908,SAS00146,STD_PSTN_LINE,APSTN_LINE,Antillia PSTN Line,Voice,Inactive,50.91
BP00147,BA00438,ORPHAN_AS00147,STD_PSTN_LINE,APSTN_LINE,Antillia PSTN Line,Voice,Active,99.97
BP00148,BA00701,SAS00148,STD_BB_FTTC,ABB_FTTC,Antillia Broadband FTTC,Broadband,Active,223.14
BP00149,BA00174,SAS00149,STD_PSTN_LINE,APSTN_LINE,Antillia PSTN Line,Voice,Ceased,70.09
BP00150,BA00079,SAS00150,STD_BB_FTTC,ABB_FTTC,Antillia Broadband FTTC,Broadband,Active,45.46
BP00151,BA00918,SAS00151,STD_BB_FTTC,ABB_FTTC,Antillia Broadband FTTC,Broadband,Active,53.06
BP00152,BA00186,SAS00152,STD_BB_FTTC,ABB_FTTC,Antillia Broadband FTTC,Broadband,Active,52.85
BP00153,BA00838,SAS00153,STD_PSTN_LINE,APSTN_LINE,Antillia PSTN Line,Voice,Active,221.09
BP00154,BA00378,SAS00154,STD_BB_FTTC,ABB_FTTC,Antillia Broadband FTTC,Broadband,Ceased,206.09
BP00155,BA00003,ORPHAN_AS00155,STD_PSTN_LINE,APSTN_LINE,Antillia PSTN Line,Voice,Suspended,244.91
BP00156,BA00152,SAS00156,STD_BB_FTTC,ABB_FTTC,Antillia Broadband FTTC,Broadband,Active,185.35
BP00157,BA00069,SAS00157,STD_BB_FTTP,ABB_FTTP,Antillia Broadband FTTP,Broadband,Active,117.17
BP00158,BA00331,SAS00158,STD_BB_FTTC,ABB_FTTC,Antillia Broadband FTTC,Broadband,Ceased,60.19
BP00159,BA00435,SAS00159,STD_PSTN_LINE,APSTN_LINE,Antillia PSTN Line,Voice,Active,243.7
BP00160,BA00142,SAS00160,STD_BB_FTTP,ABB_FTTP,Antillia Broadband FTTP,Broadband,Inactive,169.72
BP00161,BA00510,SAS00161,STD_BB_FTTP,ABB_FTTP,Antillia Broadband FTTP,Broadband,Active,132.28
BP00162,BA00086,SAS00162,STD_BB_FTTP,ABB_FTTP,Antillia Broadband FTTP,Broadband,Active,115.87
BP00163,BA00767,SAS00163,STD_BB_FTTP,ABB_FTTP,Antillia Broadband FTTP,Broadband,Active,38.24
BP00164,BA00872,SAS00164,STD_PSTN_LINE,APSTN_LINE,Antillia PSTN Line,Voice,Active,147.54
BP00165,BA00062,SAS00165,STD_BB_FTTC,ABB_FTTC,Antillia Broadband FTTC,Broadband,Suspended,101.72
BP00166,BA00143,SAS00166,STD_PSTN_LINE,APSTN_LINE,Antillia PSTN Line,Voice,Active,51.44
BP00167,BA00935,SAS00167,STD_BB_FTTP,ABB_FTTP,Antillia Broadband FTTP,Broadband,Active,66.89
BP00168,BA00121,SAS00168,STD_BB_FTTP,ABB_FTTP,Antillia Broadband FTTP,Broadband,Ceased,181.32
BP00169,BA00989,ORPHAN_AS00169,STD_BB_FTTP,ABB_FTTP,Antillia Broadband FTTP,Broadband,Active,30.55
BP00170,BA00489,SAS00170,STD_BB_FTTC,ABB_FTTC,Antillia Broadband FTTC,Broadband,Inactive,219.95
BP00171,BA00081,SAS00171,STD_PSTN_LINE,APSTN_LINE,Antillia PSTN Line,Voice,Active,20.89
BP00172,BA00784,SAS00172,STD_BB_FTTP,ABB_FTTP,Antillia Broadband FTTP,Broadband,Active,190.51
BP00173,BA00307,SAS00173,STD_PSTN_LINE,APSTN_LINE,Antillia PSTN Line,Voice,Active,185.63
BP00174,BA00014,SAS00174,STD_BB_FTTP,ABB_FTTP,Antillia Broadband FTTP,Broadband,Active,54.17
BP00175,BA00770,ORPHAN_AS00175,STD_BB_FTTC,ABB_FTTC,Antillia Broadband FTTC,Broadband,Active,55.2
BP00176,BA00971,SAS00176,STD_PSTN_LINE,APSTN_LINE,Antillia PSTN Line,Voice,Suspended,146.56
BP00177,BA00514,SAS00177,STD_PSTN_LINE,APSTN_LINE,Antillia PSTN Line,Voice,Active,70.74
BP00178,BA00095,SAS00178,STD_BB_FTTP,ABB_FTTP,Antillia Broadband FTTP,Broadband,Active,244.88
BP00179,BA00634,SAS00179,STD_PSTN_LINE,APSTN_LINE,Antillia PSTN Line,Voice,Active,109.01
BP00180,BA00620,SAS00180,STD_BB_FTTC,ABB_FTTC,Antillia Broadband FTTC,Broadband,Suspended,207.44
BP00181,BA00658,SAS00181,STD_BB_FTTC,ABB_FTTC,Antillia Broadband FTTC,Broadband,Active,106.27
BP00182,BA00435,SAS00182,STD_PSTN_LINE,APSTN_LINE,Antillia PSTN Line,Voice,Active,43.15
BP00183,BA00867,SAS00183,STD_BB_FTTC,ABB_FTTC,Antillia Broadband FTTC,Broadband,Active,73.57
BP00184,BA00217,SAS00184,STD_BB_FTTC,ABB_FTTC,Antillia Broadband FTTC,Broadband,Active,193.51
BP00185,BA00654,SAS00185,STD_BB_FTTC,ABB_FTTC,Antillia Broadband FTTC,Broadband,Ceased,73.76
BP00186,BA00046,SAS00186,STD_PSTN_LINE,APSTN_LINE,Antillia PSTN Line,Voice,Active,201.33
BP00187,BA00967,SAS00187,STD_BB_FTTP,ABB_FTTP,Antillia Broadband FTTP,Broadband,Active,245.49
BP00188,BA00513,SAS00188,STD_BB_FTTC,ABB_FTTC,Antillia Broadband FTTC,Broadband,Active,192.43
BP00189,BA00720,SAS00189,STD_BB_FTTC,ABB_FTTC,Antillia Broadband FTTC,Broadband,Active,94.87
BP00190,BA00515,SAS00190,STD_BB_FTTP,ABB_FTTP,Antillia Broadband FTTP,Broadband,Inactive,52.84
BP00191,BA00601,SAS00191,STD_BB_FTTC,ABB_FTTC,Antillia Broadband FTTC,Broadband,Suspended,26.68
BP00192,BA00081,SAS00192,STD_BB_FTTP,ABB_FTTP,Antillia Broadband FTTP,Broadband,Suspended,39.64
BP00193,BA00827,SAS00193,STD_PSTN_LINE,APSTN_LINE,Antillia PSTN Line,Voice,Active,50.68
BP00194,BA00514,SAS00194,STD_BB_FTTC,ABB_FTTC,Antillia Broadband FTTC,Broadband,Active,187.06
BP00195,BA00350,SAS00195,STD_BB_FTTC,ABB_FTTC,Antillia Broadband FTTC,Broadband,Active,48.44
BP00196,BA00963,SAS00196,STD_PSTN_LINE,APSTN_LINE,Antillia PSTN Line,Voice,Active,224.64
BP00197,BA00214,SAS00197,STD_BB_FTTP,ABB_FTTP,Antillia Broadband FTTP,Broadband,Ceased,158.8
BP00198,BA00510,SAS00198,STD_PSTN_LINE,APSTN_LINE,Antillia PSTN Line,Voice,Active,21.47
BP00199,BA00889,SAS00199,STD_PSTN_LINE,APSTN_LINE,Antillia PSTN Line,Voice,Ceased,199.3
BP00200,BA00322,ORPHAN_AS00200,STD_BB_FTTC,ABB_FTTC,Antillia Broadband FTTC,Broadband,Active,86.58
BP00201,BA00362,SAS00201,STD_PSTN_LINE,APSTN_LINE,Antillia PSTN Line,Voice,Active,59.57
BP00202,BA00485,SAS00202,STD_BB_FTTP,ABB_FTTP,Antillia Broadband FTTP,Broadband,Ceased,195.05
BP00203,BA00963,SAS00203,STD_BB_FTTC,ABB_FTTC,Antillia Broadband FTTC,Broadband,Active,149.95
BP00204,BA00411,SAS00204,STD_BB_FTTP,ABB_FTTP,Antillia Broadband FTTP,Broadband,Active,161.77
BP00205,BA00525,SAS00205,STD_PSTN_LINE,APSTN_LINE,Antillia PSTN Line,Voice,Suspended,238.87
BP00206,BA00519,SAS00206,STD_PSTN_LINE,APSTN_LINE,Antillia PSTN Line,Voice,Active,221.56
BP00207,BA00660,ORPHAN_AS00207,STD_BB_FTTC,ABB_FTTC,Antillia Broadband FTTC,Broadband,Active,201.42
BP00208,BA00159,SAS00208,STD_BB_FTTP,ABB_FTTP,Antillia Broadband FTTP,Broadband,Suspended,85.43
BP00209,BA00075,SAS00209,STD_BB_FTTC,ABB_FTTC,Antillia Broadband FTTC,Broadband,Active,220.8
BP00210,BA00480,SAS00210,STD_PSTN_LINE,APSTN_LINE,Antillia PSTN Line,Voice,Active,226.83
BP00211,BA00750,ORPHAN_AS00211,STD_PSTN_LINE,APSTN_LINE,Antillia PSTN Line,Voice,Active,240.62
BP00212,BA00412,SAS00212,STD_BB_FTTP,ABB_FTTP,Antillia Broadband FTTP,Broadband,Active,91.61
BP00213,BA00720,SAS00213,STD_PSTN_LINE,APSTN_LINE,Antillia PSTN Line,Voice,Inactive,44.52
BP00214,BA00972,SAS00214,STD_BB_FTTP,ABB_FTTP,Antillia Broadband FTTP,Broadband,Active,166.53
BP00215,BA00616,ORPHAN_AS00215,STD_BB_FTTP,ABB_FTTP,Antillia Broadband FTTP,Broadband,Inactive,32.48
BP00216,BA00485,SAS00216,STD_BB_FTTC,ABB_FTTC,Antillia Broadband FTTC,Broadband,Active,67.07
BP00217,BA00434,SAS00217,STD_PSTN_LINE,APSTN_LINE,Antillia PSTN Line,Voice,Active,165.48
BP00218,BA00415,ORPHAN_AS00218,STD_BB_FTTP,ABB_FTTP,Antillia Broadband FTTP,Broadband,Active,220.72
BP00219,BA00220,SAS00219,STD_PSTN_LINE,APSTN_LINE,Antillia PSTN Line,Voice,Active,78.19
BP00220,BA00924,ORPHAN_AS00220,STD_BB_FTTP,ABB_FTTP,Antillia Broadband FTTP,Broadband,Active,241.5
BP00221,BA00965,SAS00221,STD_BB_FTTP,ABB_FTTP,Antillia Broadband FTTP,Broadband,Active,128.32
BP00222,BA00714,SAS00222,STD_PSTN_LINE,APSTN_LINE,Antillia PSTN Line,Voice,Active,229.72
BP00223,BA00575,SAS00223,STD_BB_FTTP,ABB_FTTP,Antillia Broadband FTTP,Broadband,Inactive,156.53
BP00224,BA00632,SAS00224,STD_BB_FTTP,ABB_FTTP,Antillia Broadband FTTP,Broadband,Active,172.06
BP00225,BA00846,SAS00225,STD_PSTN_LINE,APSTN_LINE,Antillia PSTN Line,Voice,Inactive,91.43
BP00226,BA00152,SAS00226,STD_BB_FTTC,ABB_FTTC,Antillia Broadband FTTC,Broadband,Active,91.41
BP00227,BA00270,SAS00227,STD_BB_FTTP,ABB_FTTP,Antillia Broadband FTTP,Broadband,Active,18.85
BP00228,BA00129,SAS00228,STD_PSTN_LINE,APSTN_LINE,Antillia PSTN Line,Voice,Active,166.23
BP00229,BA00764,ORPHAN_AS00229,STD_BB_FTTC,ABB_FTTC,Antillia Broadband FTTC,Broadband,Ceased,115.48
BP00230,BA00387,SAS00230,STD_BB_FTTC,ABB_FTTC,Antillia Broadband FTTC,Broadband,Active,66.67
BP00231,BA00979,SAS00231,STD_PSTN_LINE,APSTN_LINE,Antillia PSTN Line,Voice,Active,206.8
BP00232,BA00515,SAS00232,STD_BB_FTTP,ABB_FTTP,Antillia Broadband FTTP,Broadband,Inactive,46.94
BP00233,BA00424,SAS00233,STD_BB_FTTP,ABB_FTTP,Antillia Broadband FTTP,Broadband,Active,99.71
BP00234,BA00784,SAS00234,STD_BB_FTTP,ABB_FTTP,Antillia Broadband FTTP,Broadband,Active,232.91
BP00235,BA00567,SAS00235,STD_PSTN_LINE,APSTN_LINE,Antillia PSTN Line,Voice,Active,143.92
BP00236,BA00706,SAS00236,STD_BB_FTTP,ABB_FTTP,Antillia Broadband FTTP,Broadband,Active,165.11
BP00237,BA00928,SAS00237,STD_BB_FTTP,ABB_FTTP,Antillia Broadband FTTP,Broadband,Suspended,248.92
BP00238,BA00666,SAS00238,STD_PSTN_LINE,APSTN_LINE,Antillia PSTN Line,Voice,Active,234.34
BP00239,BA00639,SAS00239,STD_BB_FTTC,ABB_FTTC,Antillia Broadband FTTC,Broadband,Ceased,41.13
BP00240,BA00034,SAS00240,STD_PSTN_LINE,APSTN_LINE,Antillia PSTN Line,Voice,Active,215.6
BP00241,BA00565,SAS00241,STD_BB_FTTP,ABB_FTTP,Antillia Broadband FTTP,Broadband,Active,63.37
BP00242,BA00991,SAS00242,STD_BB_FTTC,ABB_FTTC,Antillia Broadband FTTC,Broadband,Inactive,125.64
BP00243,BA00804,SAS00243,STD_BB_FTTP,ABB_FTTP,Antillia Broadband FTTP,Broadband,Inactive,19.76
BP00244,BA00291,SAS00244,STD_BB_FTTC,ABB_FTTC,Antillia Broadband FTTC,Broadband,Active,170.81
BP00245,BA00932,SAS00245,STD_BB_FTTC,ABB_FTTC,Antillia Broadband FTTC,Broadband,Active,74.04
BP00246,BA00016,SAS00246,STD_BB_FTTP,ABB_FTTP,Antillia Broadband FTTP,Broadband,Active,201.4
BP00247,BA00760,SAS00247,STD_BB_FTTP,ABB_FTTP,Antillia Broadband FTTP,Broadband,Active,95.74
BP00248,BA00248,SAS00248,STD_BB_FTTC,ABB_FTTC,Antillia Broadband FTTC,Broadband,Active,108.8
BP00249,BA00053,SAS00249,STD_PSTN_LINE,APSTN_LINE,Antillia PSTN Line,Voice,Inactive,152.06
BP00250,BA00746,SAS00250,STD_PSTN_LINE,APSTN_LINE,Antillia PSTN Line,Voice,Active,227.77
BP00251,BA00102,SAS00251,STD_BB_FTTP,ABB_FTTP,Antillia Broadband FTTP,Broadband,Active,47.31
BP00252,BA00402,SAS00252,STD_BB_FTTC,ABB_FTTC,Antillia Broadband FTTC,Broadband,Suspended,163.54
BP00253,BA00972,SAS00253,STD_BB_FTTP,ABB_FTTP,Antillia Broadband FTTP,Broadband,Active,39.64
BP00254,BA00789,ORPHAN_AS00254,STD_BB_FTTC,ABB_FTTC,Antillia Broadband FTTC,Broadband,Active,24.45
BP00255,BA00081,SAS00255,STD_BB_FTTP,ABB_FTTP,Antillia Broadband FTTP,Broadband,Active,23.87
BP00256,BA00650,SAS00256,STD_PSTN_LINE,APSTN_LINE,Antillia PSTN Line,Voice,Active,101.08
BP00257,BA00305,SAS00257,STD_BB_FTTP,ABB_FTTP,Antillia Broadband FTTP,Broadband,Active,212.99
BP00258,BA00388,SAS00258,STD_BB_FTTP,ABB_FTTP,Antillia Broadband FTTP,Broadband,Inactive,170.95
BP00259,BA00643,SAS00259,STD_PSTN_LINE,APSTN_LINE,Antillia PSTN Line,Voice,Active,246.47
BP00260,BA00950,SAS00260,STD_BB_FTTP,ABB_FTTP,Antillia Broadband FTTP,Broadband,Active,42.84
BP00261,BA00096,SAS00261,STD_BB_FTTC,ABB_FTTC,Antillia Broadband FTTC,Broadband,Active,213.95
BP00262,BA00104,SAS00262,STD_BB_FTTC,ABB_FTTC,Antillia Broadband FTTC,Broadband,Active,23.09
BP00263,BA00079,SAS00263,STD_BB_FTTC,ABB_FTTC,Antillia Broadband FTTC,Broadband,Active,115.42
BP00264,BA00462,SAS00264,STD_PSTN_LINE,APSTN_LINE,Antillia PSTN Line,Voice,Inactive,59.72
BP00265,BA00581,SAS00265,STD_BB_FTTP,ABB_FTTP,Antillia Broadband FTTP,Broadband,Active,216.32
BP00266,BA00356,SAS00266,STD_BB_FTTP,ABB_FTTP,Antillia Broadband FTTP,Broadband,Active,160.45
BP00267,BA00760,SAS00267,STD_BB_FTTP,ABB_FTTP,Antillia Broadband FTTP,Broadband,Active,46.21
BP00268,BA00531,SAS00268,STD_BB_FTTP,ABB_FTTP,Antillia Broadband FTTP,Broadband,Active,53.34
BP00269,BA00223,SAS00269,STD_BB_FTTC,ABB_FTTC,Antillia Broadband FTTC,Broadband,Active,50.15
BP00270,BA00130,SAS00270,STD_PSTN_LINE,APSTN_LINE,Antillia PSTN Line,Voice,Active,129.73
BP00271,BA00565,SAS00271,STD_BB_FTTP,ABB_FTTP,Antillia Broadband FTTP,Broadband,Active,126.35
BP00272,BA00970,SAS00272,STD_BB_FTTC,ABB_FTTC,Antillia Broadband FTTC,Broadband,Active,62.79
BP00273,BA00909,SAS00273,STD_BB_FTTP,ABB_FTTP,Antillia Broadband FTTP,Broadband,Active,241.15
BP00274,BA00602,SAS00274,STD_BB_FTTC,ABB_FTTC,Antillia Broadband FTTC,Broadband,Active,202.23
BP00275,BA00905,SAS00275,STD_BB_FTTP,ABB_FTTP,Antillia Broadband FTTP,Broadband,Active,156.35
BP00276,BA00111,SAS00276,STD_PSTN_LINE,APSTN_LINE,Antillia PSTN Line,Voice,Active,117.6
BP00277,BA00648,SAS00277,STD_BB_FTTP,ABB_FTTP,Antillia Broadband FTTP,Broadband,Inactive,122.26
BP00278,BA00260,SAS00278,STD_BB_FTTP,ABB_FTTP,Antillia Broadband FTTP,Broadband,Active,86.09
BP00279,BA00989,SAS00279,STD_BB_FTTP,ABB_FTTP,Antillia Broadband FTTP,Broadband,Active,110.41
BP00280,BA00440,SAS00280,STD_PSTN_LINE,APSTN_LINE,Antillia PSTN Line,Voice,Inactive,101.0
BP00281,BA00381,SAS00281,STD_PSTN_LINE,APSTN_LINE,Antillia PSTN Line,Voice,Active,90.95
BP00282,BA00735,SAS00282,STD_BB_FTTP,ABB_FTTP,Antillia Broadband FTTP,Broadband,Active,125.97
BP00283,BA00576,SAS00283,STD_PSTN_LINE,APSTN_LINE,Antillia PSTN Line,Voice,Active,83.8
BP00284,BA00575,SAS00284,STD_BB_FTTC,ABB_FTTC,Antillia Broadband FTTC,Broadband,Active,159.03
BP00285,BA00077,SAS00285,STD_BB_FTTC,ABB_FTTC,Antillia Broadband FTTC,Broadband,Active,167.93
BP00286,BA00833,SAS00286,STD_BB_FTTC,ABB_FTTC,Antillia Broadband FTTC,Broadband,Active,63.73
BP00287,BA00282,SAS00287,STD_BB_FTTC,ABB_FTTC,Antillia Broadband FTTC,Broadband,Active,46.79
BP00288,BA00393,SAS00288,STD_PSTN_LINE,APSTN_LINE,Antillia PSTN Line,Voice,Active,22.93
BP00289,BA00590,SAS00289,STD_BB_FTTP,ABB_FTTP,Antillia Broadband FTTP,Broadband,Ceased,229.5
BP00290,BA00413,SAS00290,STD_BB_FTTP,ABB_FTTP,Antillia Broadband FTTP,Broadband,Active,141.76
BP00291,BA00017,SAS00291,STD_PSTN_LINE,APSTN_LINE,Antillia PSTN Line,Voice,Active,40.07
BP00292,BA00282,SAS00292,STD_PSTN_LINE,APSTN_LINE,Antillia PSTN Line,Voice,Active,98.23
BP00293,BA00506,SAS00293,STD_PSTN_LINE,APSTN_LINE,Antillia PSTN Line,Voice,Active,109.25
BP00294,BA00870,SAS00294,STD_BB_FTTP,ABB_FTTP,Antillia Broadband FTTP,Broadband,Active,229.23
BP00295,BA00106,SAS00295,STD_PSTN_LINE,APSTN_LINE,Antillia PSTN Line,Voice,Active,29.1
BP00296,BA00331,SAS00296,STD_BB_FTTC,ABB_FTTC,Antillia Broadband FTTC,Broadband,Suspended,186.03
BP00297,BA00742,ORPHAN_AS00297,STD_BB_FTTC,ABB_FTTC,Antillia Broadband FTTC,Broadband,Suspended,103.58
BP00298,BA00957,SAS00298,STD_PSTN_LINE,APSTN_LINE,Antillia PSTN Line,Voice,Active,30.18
BP00299,BA00050,ORPHAN_AS00299,STD_BB_FTTP,ABB_FTTP,Antillia Broadband FTTP,Broadband,Ceased,35.41
BP00300,BA00832,SAS00300,STD_BB_FTTC,ABB_FTTC,Antillia Broadband FTTC,Broadband,Active,180.09
BP00301,BA00123,SAS00301,STD_BB_FTTC,ABB_FTTC,Antillia Broadband FTTC,Broadband,Active,217.96
BP00302,BA00990,SAS00302,STD_BB_FTTP,ABB_FTTP,Antillia Broadband FTTP,Broadband,Suspended,165.76
BP00303,BA00247,SAS00303,STD_PSTN_LINE,APSTN_LINE,Antillia PSTN Line,Voice,Active,171.41
BP00304,BA00749,SAS00304,STD_BB_FTTP,ABB_FTTP,Antillia Broadband FTTP,Broadband,Active,39.3
BP00305,BA00362,SAS00305,STD_BB_FTTP,ABB_FTTP,Antillia Broadband FTTP,Broadband,Active,220.51
BP00306,BA00211,SAS00306,STD_BB_FTTP,ABB_FTTP,Antillia Broadband FTTP,Broadband,Active,35.43
BP00307,BA00687,SAS00307,STD_BB_FTTP,ABB_FTTP,Antillia Broadband FTTP,Broadband,Active,207.89
BP00308,BA00214,SAS00308,STD_PSTN_LINE,APSTN_LINE,Antillia PSTN Line,Voice,Inactive,194.69
BP00309,BA00968,SAS00309,STD_PSTN_LINE,APSTN_LINE,Antillia PSTN Line,Voice,Active,123.33
BP00310,BA00937,SAS00310,STD_BB_FTTP,ABB_FTTP,Antillia Broadband FTTP,Broadband,Active,230.67
BP00311,BA00636,SAS00311,STD_BB_FTTC,ABB_FTTC,Antillia Broadband FTTC,Broadband,Active,198.96
BP00312,BA00169,SAS00312,STD_PSTN_LINE,APSTN_LINE,Antillia PSTN Line,Voice,Active,238.75
BP00313,BA00473,SAS00313,STD_BB_FTTC,ABB_FTTC,Antillia Broadband FTTC,Broadband,Suspended,190.85
BP00314,BA00192,SAS00314,STD_BB_FTTP,ABB_FTTP,Antillia Broadband FTTP,Broadband,Active,128.49
BP00315,BA00122,SAS00315,STD_BB_FTTP,ABB_FTTP,Antillia Broadband FTTP,Broadband,Ceased,37.5
BP00316,BA00515,SAS00316,STD_BB_FTTP,ABB_FTTP,Antillia Broadband FTTP,Broadband,Active,95.43
BP00317,BA00051,SAS00317,STD_BB_FTTP,ABB_FTTP,Antillia Broadband FTTP,Broadband,Active,187.82
BP00318,BA00413,SAS00318,STD_BB_FTTP,ABB_FTTP,Antillia Broadband FTTP,Broadband,Active,82.01
BP00319,BA00112,SAS00319,STD_BB_FTTC,ABB_FTTC,Antillia Broadband FTTC,Broadband,Active,167.95
BP00320,BA00055,SAS00320,STD_PSTN_LINE,APSTN_LINE,Antillia PSTN Line,Voice,Suspended,151.45
BP00321,BA00283,SAS00321,STD_BB_FTTP,ABB_FTTP,Antillia Broadband FTTP,Broadband,Active,161.89
BP00322,BA00104,SAS00322,STD_BB_FTTP,ABB_FTTP,Antillia Broadband FTTP,Broadband,Active,209.18
BP00323,BA00176,SAS00323,STD_BB_FTTP,ABB_FTTP,Antillia Broadband FTTP,Broadband,Inactive,98.65
BP00324,BA00752,SAS00324,STD_PSTN_LINE,APSTN_LINE,Antillia PSTN Line,Voice,Active,60.94
BP00325,BA00757,SAS00325,STD_PSTN_LINE,APSTN_LINE,Antillia PSTN Line,Voice,Active,228.35
BP00326,BA00072,SAS00326,STD_BB_FTTP,ABB_FTTP,Antillia Broadband FTTP,Broadband,Active,95.06
BP00327,BA00683,SAS00327,STD_PSTN_LINE,APSTN_LINE,Antillia PSTN Line,Voice,Active,95.5
BP00328,BA00079,SAS00328,STD_BB_FTTP,ABB_FTTP,Antillia Broadband FTTP,Broadband,Active,194.38
BP00329,BA00486,SAS00329,STD_BB_FTTP,ABB_FTTP,Antillia Broadband FTTP,Broadband,Active,131.29
BP00330,BA00839,SAS00330,STD_PSTN_LINE,APSTN_LINE,Antillia PSTN Line,Voice,Active,175.77
BP00331,BA00516,SAS00331,STD_BB_FTTP,ABB_FTTP,Antillia Broadband FTTP,Broadband,Active,52.01
BP00332,BA00754,SAS00332,STD_BB_FTTC,ABB_FTTC,Antillia Broadband FTTC,Broadband,Active,131.83
BP00333,BA00680,SAS00333,STD_BB_FTTP,ABB_FTTP,Antillia Broadband FTTP,Broadband,Active,102.52
BP00334,BA00728,SAS00334,STD_BB_FTTP,ABB_FTTP,Antillia Broadband FTTP,Broadband,Active,138.14
BP00335,BA00864,SAS00335,STD_PSTN_LINE,APSTN_LINE,Antillia PSTN Line,Voice,Active,44.16
BP00336,BA00022,SAS00336,STD_BB_FTTC,ABB_FTTC,Antillia Broadband FTTC,Broadband,Active,113.19
BP00337,BA00366,SAS00337,STD_BB_FTTC,ABB_FTTC,Antillia Broadband FTTC,Broadband,Active,74.69
BP00338,BA00369,SAS00338,STD_BB_FTTP,ABB_FTTP,Antillia Broadband FTTP,Broadband,Active,38.71
BP00339,BA00111,SAS00339,STD_PSTN_LINE,APSTN_LINE,Antillia PSTN Line,Voice,Ceased,221.5
BP00340,BA00461,SAS00340,STD_BB_FTTC,ABB_FTTC,Antillia Broadband FTTC,Broadband,Ceased,221.25
BP00341,BA00358,SAS00341,STD_BB_FTTC,ABB_FTTC,Antillia Broadband FTTC,Broadband,Suspended,108.72
BP00342,BA00317,SAS00342,STD_BB_FTTC,ABB_FTTC,Antillia Broadband FTTC,Broadband,Active,152.45
BP00343,BA00126,SAS00343,STD_BB_FTTP,ABB_FTTP,Antillia Broadband FTTP,Broadband,Active,123.57
BP00344,BA00296,SAS00344,STD_BB_FTTP,ABB_FTTP,Antillia Broadband FTTP,Broadband,Active,19.93
BP00345,BA00698,SAS00345,STD_PSTN_LINE,APSTN_LINE,Antillia PSTN Line,Voice,Active,242.27
BP00346,BA00311,SAS00346,STD_BB_FTTC,ABB_FTTC,Antillia Broadband FTTC,Broadband,Active,32.99
BP00347,BA00223,SAS00347,STD_BB_FTTC,ABB_FTTC,Antillia Broadband FTTC,Broadband,Active,155.59
BP00348,BA00441,SAS00348,STD_PSTN_LINE,APSTN_LINE,Antillia PSTN Line,Voice,Active,211.51
BP00349,BA00900,SAS00349,STD_BB_FTTP,ABB_FTTP,Antillia Broadband FTTP,Broadband,Active,217.29
BP00350,BA00159,SAS00350,STD_BB_FTTC,ABB_FTTC,Antillia Broadband FTTC,Broadband,Ceased,183.46
BP00351,BA00443,SAS00351,STD_PSTN_LINE,APSTN_LINE,Antillia PSTN Line,Voice,Active,36.73
BP00352,BA00364,SAS00352,STD_PSTN_LINE,APSTN_LINE,Antillia PSTN Line,Voice,Active,175.41
BP00353,BA00926,SAS00353,STD_BB_FTTC,ABB_FTTC,Antillia Broadband FTTC,Broadband,Active,78.61
BP00354,BA00578,SAS00354,STD_BB_FTTP,ABB_FTTP,Antillia Broadband FTTP,Broadband,Active,221.22
BP00355,BA00787,SAS00355,STD_PSTN_LINE,APSTN_LINE,Antillia PSTN Line,Voice,Active,49.48
BP00356,BA00088,SAS00356,STD_BB_FTTC,ABB_FTTC,Antillia Broadband FTTC,Broadband,Active,233.09
BP00357,BA00802,SAS00357,STD_BB_FTTC,ABB_FTTC,Antillia Broadband FTTC,Broadband,Suspended,119.36
BP00358,BA00321,SAS00358,STD_BB_FTTC,ABB_FTTC,Antillia Broadband FTTC,Broadband,Active,176.96
BP00359,BA00478,SAS00359,STD_BB_FTTC,ABB_FTTC,Antillia Broadband FTTC,Broadband,Active,113.18
BP00360,BA00981,SAS00360,STD_PSTN_LINE,APSTN_LINE,Antillia PSTN Line,Voice,Inactive,38.52
BP00361,BA00806,SAS00361,STD_BB_FTTC,ABB_FTTC,Antillia Broadband FTTC,Broadband,Active,136.83
BP00362,BA00580,SAS00362,STD_BB_FTTC,ABB_FTTC,Antillia Broadband FTTC,Broadband,Suspended,30.42
BP00363,BA00687,SAS00363,STD_BB_FTTC,ABB_FTTC,Antillia Broadband FTTC,Broadband,Active,205.34
BP00364,BA00056,SAS00364,STD_BB_FTTC,ABB_FTTC,Antillia Broadband FTTC,Broadband,Active,80.68
BP00365,BA00609,SAS00365,STD_PSTN_LINE,APSTN_LINE,Antillia PSTN Line,Voice,Active,85.41
BP00366,BA00063,SAS00366,STD_BB_FTTC,ABB_FTTC,Antillia Broadband FTTC,Broadband,Active,153.63
BP00367,BA00719,SAS00367,STD_BB_FTTP,ABB_FTTP,Antillia Broadband FTTP,Broadband,Active,51.44
BP00368,BA00229,SAS00368,STD_BB_FTTP,ABB_FTTP,Antillia Broadband FTTP,Broadband,Suspended,166.4
BP00369,BA00737,SAS00369,STD_BB_FTTP,ABB_FTTP,Antillia Broadband FTTP,Broadband,Ceased,19.5
BP00370,BA00118,SAS00370,STD_BB_FTTC,ABB_FTTC,Antillia Broadband FTTC,Broadband,Active,53.5
BP00371,BA00254,SAS00371,STD_PSTN_LINE,APSTN_LINE,Antillia PSTN Line,Voice,Active,127.91
BP00372,BA00057,SAS00372,STD_BB_FTTP,ABB_FTTP,Antillia Broadband FTTP,Broadband,Ceased,87.58
BP00373,BA00241,SAS00373,STD_BB_FTTP,ABB_FTTP,Antillia Broadband FTTP,Broadband,Suspended,144.84
BP00374,BA00880,SAS00374,STD_PSTN_LINE,APSTN_LINE,Antillia PSTN Line,Voice,Active,46.58
BP00375,BA00146,ORPHAN_AS00375,STD_PSTN_LINE,APSTN_LINE,Antillia PSTN Line,Voice,Inactive,170.53
BP00376,BA00560,SAS00376,STD_PSTN_LINE,APSTN_LINE,Antillia PSTN Line,Voice,Active,129.47
BP00377,BA00603,SAS00377,STD_PSTN_LINE,APSTN_LINE,Antillia PSTN Line,Voice,Active,172.91
BP00378,BA00110,SAS00378,STD_BB_FTTP,ABB_FTTP,Antillia Broadband FTTP,Broadband,Active,206.73
BP00379,BA00124,SAS00379,STD_BB_FTTC,ABB_FTTC,Antillia Broadband FTTC,Broadband,Active,20.56
BP00380,BA00915,SAS00380,STD_PSTN_LINE,APSTN_LINE,Antillia PSTN Line,Voice,Active,121.12
BP00381,BA00143,SAS00381,STD_BB_FTTP,ABB_FTTP,Antillia Broadband FTTP,Broadband,Active,185.75
BP00382,BA00367,SAS00382,STD_BB_FTTP,ABB_FTTP,Antillia Broadband FTTP,Broadband,Active,217.76
BP00383,BA00538,SAS00383,STD_BB_FTTP,ABB_FTTP,Antillia Broadband FTTP,Broadband,Active,32.56
BP00384,BA00737,SAS00384,STD_PSTN_LINE,APSTN_LINE,Antillia PSTN Line,Voice,Active,124.6
BP00385,BA00804,SAS00385,STD_BB_FTTC,ABB_FTTC,Antillia Broadband FTTC,Broadband,Inactive,88.28
BP00386,BA00661,SAS00386,STD_PSTN_LINE,APSTN_LINE,Antillia PSTN Line,Voice,Active,241.31
BP00387,BA00726,SAS00387,STD_PSTN_LINE,APSTN_LINE,Antillia PSTN Line,Voice,Ceased,197.89
BP00388,BA00332,SAS00388,STD_PSTN_LINE,APSTN_LINE,Antillia PSTN Line,Voice,Active,152.73
BP00389,BA00070,SAS00389,STD_BB_FTTC,ABB_FTTC,Antillia Broadband FTTC,Broadband,Active,215.67
BP00390,BA00109,ORPHAN_AS00390,STD_BB_FTTC,ABB_FTTC,Antillia Broadband FTTC,Broadband,Active,175.6
BP00391,BA00791,SAS00391,STD_BB_FTTC,ABB_FTTC,Antillia Broadband FTTC,Broadband,Inactive,187.97
BP00392,BA00179,SAS00392,STD_PSTN_LINE,APSTN_LINE,Antillia PSTN Line,Voice,Inactive,107.11
BP00393,BA00064,SAS00393,STD_PSTN_LINE,APSTN_LINE,Antillia PSTN Line,Voice,Active,44.56
BP00394,BA00782,ORPHAN_AS00394,STD_PSTN_LINE,APSTN_LINE,Antillia PSTN Line,Voice,Active,164.46
BP00395,BA00111,SAS00395,STD_PSTN_LINE,APSTN_LINE,Antillia PSTN Line,Voice,Active,105.61
BP00396,BA00205,SAS00396,STD_BB_FTTC,ABB_FTTC,Antillia Broadband FTTC,Broadband,Active,131.94
BP00397,BA00760,SAS00397,STD_PSTN_LINE,APSTN_LINE,Antillia PSTN Line,Voice,Active,206.81
BP00398,BA00597,SAS00398,STD_BB_FTTP,ABB_FTTP,Antillia Broadband FTTP,Broadband,Active,240.68
BP00399,BA00144,ORPHAN_AS00399,STD_PSTN_LINE,APSTN_LINE,Antillia PSTN Line,Voice,Suspended,101.42
BP00400,BA00074,SAS00400,STD_BB_FTTP,ABB_FTTP,Antillia Broadband FTTP,Broadband,Active,176.31
BP00401,BA00541,SAS00401,STD_PSTN_LINE,APSTN_LINE,Antillia PSTN Line,Voice,Active,211.12
BP00402,BA00361,SAS00402,STD_PSTN_LINE,APSTN_LINE,Antillia PSTN Line,Voice,Active,226.74
BP00403,BA00450,SAS00403,STD_BB_FTTP,ABB_FTTP,Antillia Broadband FTTP,Broadband,Active,105.26
BP00404,BA00802,ORPHAN_AS00404,STD_BB_FTTP,ABB_FTTP,Antillia Broadband FTTP,Broadband,Active,41.41
BP00405,BA00554,ORPHAN_AS00405,STD_BB_FTTC,ABB_FTTC,Antillia Broadband FTTC,Broadband,Active,69.97
BP00406,BA00258,SAS00406,STD_BB_FTTC,ABB_FTTC,Antillia Broadband FTTC,Broadband,Active,101.03
BP00407,BA00295,SAS00407,STD_BB_FTTP,ABB_FTTP,Antillia Broadband FTTP,Broadband,Active,151.48
BP00408,BA00513,SAS00408,STD_PSTN_LINE,APSTN_LINE,Antillia PSTN Line,Voice,Active,161.53
BP00409,BA00597,SAS00409,STD_PSTN_LINE,APSTN_LINE,Antillia PSTN Line,Voice,Active,230.83
BP00410,BA00347,ORPHAN_AS00410,STD_BB_FTTP,ABB_FTTP,Antillia Broadband FTTP,Broadband,Active,64.52
BP00411,BA00210,ORPHAN_AS00411,STD_PSTN_LINE,APSTN_LINE,Antillia PSTN Line,Voice,Active,188.26
BP00412,BA00900,SAS00412,STD_PSTN_LINE,APSTN_LINE,Antillia PSTN Line,Voice,Active,132.5
BP00413,BA00625,SAS00413,STD_BB_FTTC,ABB_FTTC,Antillia Broadband FTTC,Broadband,Active,195.61
BP00414,BA00973,SAS00414,STD_PSTN_LINE,APSTN_LINE,Antillia PSTN Line,Voice,Active,189.52
BP00415,BA00491,SAS00415,STD_BB_FTTP,ABB_FTTP,Antillia Broadband FTTP,Broadband,Ceased,80.76
BP00416,BA00520,ORPHAN_AS00416,STD_PSTN_LINE,APSTN_LINE,Antillia PSTN Line,Voice,Active,99.26
BP00417,BA00898,SAS00417,STD_BB_FTTC,ABB_FTTC,Antillia Broadband FTTC,Broadband,Ceased,22.97
BP00418,BA00831,SAS00418,STD_BB_FTTC,ABB_FTTC,Antillia Broadband FTTC,Broadband,Active,159.09
BP00419,BA00019,SAS00419,STD_BB_FTTC,ABB_FTTC,Antillia Broadband FTTC,Broadband,Active,30.1
BP00420,BA00441,SAS00420,STD_PSTN_LINE,APSTN_LINE,Antillia PSTN Line,Voice,Active,145.49
BP00421,BA00631,SAS00421,STD_BB_FTTP,ABB_FTTP,Antillia Broadband FTTP,Broadband,Ceased,103.31
BP00422,BA00060,SAS00422,STD_PSTN_LINE,APSTN_LINE,Antillia PSTN Line,Voice,Active,39.34
BP00423,BA00771,SAS00423,STD_BB_FTTC,ABB_FTTC,Antillia Broadband FTTC,Broadband,Suspended,202.02
BP00424,BA00016,SAS00424,STD_BB_FTTC,ABB_FTTC,Antillia Broadband FTTC,Broadband,Suspended,75.98
BP00425,BA00450,ORPHAN_AS00425,STD_BB_FTTP,ABB_FTTP,Antillia Broadband FTTP,Broadband,Active,28.14
BP00426,BA00251,SAS00426,STD_BB_FTTP,ABB_FTTP,Antillia Broadband FTTP,Broadband,Ceased,48.09
BP00427,BA00673,SAS00427,STD_BB_FTTC,ABB_FTTC,Antillia Broadband FTTC,Broadband,Active,76.05
BP00428,BA00753,SAS00428,STD_PSTN_LINE,APSTN_LINE,Antillia PSTN Line,Voice,Inactive,226.25
BP00429,BA00310,SAS00429,STD_PSTN_LINE,APSTN_LINE,Antillia PSTN Line,Voice,Ceased,199.01
BP00430,BA00540,SAS00430,STD_BB_FTTP,ABB_FTTP,Antillia Broadband FTTP,Broadband,Suspended,91.98
BP00431,BA00355,SAS00431,STD_BB_FTTC,ABB_FTTC,Antillia Broadband FTTC,Broadband,Suspended,181.68
BP00432,BA00209,SAS00432,STD_BB_FTTP,ABB_FTTP,Antillia Broadband FTTP,Broadband,Suspended,213.21
BP00433,BA00567,SAS00433,STD_BB_FTTC,ABB_FTTC,Antillia Broadband FTTC,Broadband,Active,104.39
BP00434,BA00241,SAS00434,STD_PSTN_LINE,APSTN_LINE,Antillia PSTN Line,Voice,Active,168.78
BP00435,BA00511,SAS00435,STD_PSTN_LINE,APSTN_LINE,Antillia PSTN Line,Voice,Inactive,80.71
BP00436,BA00989,SAS00436,STD_BB_FTTP,ABB_FTTP,Antillia Broadband FTTP,Broadband,Active,82.75
BP00437,BA00884,SAS00437,STD_BB_FTTC,ABB_FTTC,Antillia Broadband FTTC,Broadband,Active,121.01
BP00438,BA00676,SAS00438,STD_PSTN_LINE,APSTN_LINE,Antillia PSTN Line,Voice,Active,30.12
BP00439,BA00357,SAS00439,STD_PSTN_LINE,APSTN_LINE,Antillia PSTN Line,Voice,Ceased,229.13
BP00440,BA00849,SAS00440,STD_PSTN_LINE,APSTN_LINE,Antillia PSTN Line,Voice,Suspended,205.98
BP00441,BA00350,SAS00441,STD_BB_FTTP,ABB_FTTP,Antillia Broadband FTTP,Broadband,Inactive,162.2
BP00442,BA00951,SAS00442,STD_BB_FTTC,ABB_FTTC,Antillia Broadband FTTC,Broadband,Inactive,31.25
BP00443,BA00739,SAS00443,STD_PSTN_LINE,APSTN_LINE,Antillia PSTN Line,Voice,Ceased,84.68
BP00444,BA00435,SAS00444,STD_PSTN_LINE,APSTN_LINE,Antillia PSTN Line,Voice,Active,149.85
BP00445,BA00391,SAS00445,STD_PSTN_LINE,APSTN_LINE,Antillia PSTN Line,Voice,Active,248.29
BP00446,BA00288,SAS00446,STD_PSTN_LINE,APSTN_LINE,Antillia PSTN Line,Voice,Inactive,238.62
BP00447,BA00556,SAS00447,STD_BB_FTTC,ABB_FTTC,Antillia Broadband FTTC,Broadband,Active,150.49
BP00448,BA00276,SAS00448,STD_PSTN_LINE,APSTN_LINE,Antillia PSTN Line,Voice,Active,199.52
BP00449,BA00128,SAS00449,STD_BB_FTTC,ABB_FTTC,Antillia Broadband FTTC,Broadband,Active,171.3
BP00450,BA00455,SAS00450,STD_BB_FTTP,ABB_FTTP,Antillia Broadband FTTP,Broadband,Active,120.06
BP00451,BA00492,SAS00451,STD_BB_FTTP,ABB_FTTP,Antillia Broadband FTTP,Broadband,Active,147.13
BP00452,BA00082,SAS00452,STD_PSTN_LINE,APSTN_LINE,Antillia PSTN Line,Voice,Active,159.6
BP00453,BA00185,ORPHAN_AS00453,STD_BB_FTTP,ABB_FTTP,Antillia Broadband FTTP,Broadband,Active,200.52
BP00454,BA00233,SAS00454,STD_PSTN_LINE,APSTN_LINE,Antillia PSTN Line,Voice,Active,52.08
BP00455,BA00118,ORPHAN_AS00455,STD_BB_FTTC,ABB_FTTC,Antillia Broadband FTTC,Broadband,Active,60.75
BP00456,BA00325,SAS00456,STD_BB_FTTC,ABB_FTTC,Antillia Broadband FTTC,Broadband,Active,184.43
BP00457,BA00266,SAS00457,STD_PSTN_LINE,APSTN_LINE,Antillia PSTN Line,Voice,Ceased,21.74
BP00458,BA00554,SAS00458,STD_BB_FTTC,ABB_FTTC,Antillia Broadband FTTC,Broadband,Active,157.33
BP00459,BA00455,ORPHAN_AS00459,STD_BB_FTTC,ABB_FTTC,Antillia Broadband FTTC,Broadband,Active,35.97
BP00460,BA00850,SAS00460,STD_BB_FTTC,ABB_FTTC,Antillia Broadband FTTC,Broadband,Inactive,114.5
BP00461,BA00147,SAS00461,STD_BB_FTTC,ABB_FTTC,Antillia Broadband FTTC,Broadband,Active,158.82
BP00462,BA00919,SAS00462,STD_BB_FTTP,ABB_FTTP,Antillia Broadband FTTP,Broadband,Active,127.2
BP00463,BA00165,SAS00463,STD_PSTN_LINE,APSTN_LINE,Antillia PSTN Line,Voice,Active,85.48
BP00464,BA00109,SAS00464,STD_BB_FTTC,ABB_FTTC,Antillia Broadband FTTC,Broadband,Active,205.46
BP00465,BA00521,SAS00465,STD_BB_FTTP,ABB_FTTP,Antillia Broadband FTTP,Broadband,Inactive,183.38
BP00466,BA00597,SAS00466,STD_BB_FTTP,ABB_FTTP,Antillia Broadband FTTP,Broadband,Active,186.49
BP00467,BA00081,SAS00467,STD_BB_FTTC,ABB_FTTC,Antillia Broadband FTTC,Broadband,Ceased,240.4
BP00468,BA00589,SAS00468,STD_BB_FTTP,ABB_FTTP,Antillia Broadband FTTP,Broadband,Active,188.28
BP00469,BA00900,SAS00469,STD_PSTN_LINE,APSTN_LINE,Antillia PSTN Line,Voice,Active,29.93
BP00470,BA00452,SAS00470,STD_BB_FTTC,ABB_FTTC,Antillia Broadband FTTC,Broadband,Active,63.25
BP00471,BA00337,SAS00471,STD_BB_FTTC,ABB_FTTC,Antillia Broadband FTTC,Broadband,Active,196.09
BP00472,BA00767,SAS00472,STD_BB_FTTC,ABB_FTTC,Antillia Broadband FTTC,Broadband,Ceased,178.79
BP00473,BA00420,SAS00473,STD_PSTN_LINE,APSTN_LINE,Antillia PSTN Line,Voice,Active,99.66
BP00474,BA00670,SAS00474,STD_BB_FTTP,ABB_FTTP,Antillia Broadband FTTP,Broadband,Active,71.44
BP00475,BA00848,SAS00475,STD_BB_FTTP,ABB_FTTP,Antillia Broadband FTTP,Broadband,Inactive,47.07
BP00476,BA00418,SAS00476,STD_BB_FTTP,ABB_FTTP,Antillia Broadband FTTP,Broadband,Active,172.49
BP00477,BA00350,SAS00477,STD_BB_FTTC,ABB_FTTC,Antillia Broadband FTTC,Broadband,Active,36.91
BP00478,BA00590,SAS00478,STD_BB_FTTP,ABB_FTTP,Antillia Broadband FTTP,Broadband,Active,222.49
BP00479,BA00465,SAS00479,STD_PSTN_LINE,APSTN_LINE,Antillia PSTN Line,Voice,Active,46.02
BP00480,BA00953,SAS00480,STD_BB_FTTP,ABB_FTTP,Antillia Broadband FTTP,Broadband,Active,41.43
BP00481,BA00025,SAS00481,STD_BB_FTTC,ABB_FTTC,Antillia Broadband FTTC,Broadband,Active,247.66
BP00482,BA00941,SAS00482,STD_BB_FTTC,ABB_FTTC,Antillia Broadband FTTC,Broadband,Active,115.99
BP00483,BA00248,SAS00483,STD_BB_FTTC,ABB_FTTC,Antillia Broadband FTTC,Broadband,Active,45.61
BP00484,BA00606,SAS00484,STD_BB_FTTP,ABB_FTTP,Antillia Broadband FTTP,Broadband,Active,43.0
BP00485,BA00943,ORPHAN_AS00485,STD_BB_FTTP,ABB_FTTP,Antillia Broadband FTTP,Broadband,Active,122.14
BP00486,BA00855,SAS00486,STD_BB_FTTP,ABB_FTTP,Antillia Broadband FTTP,Broadband,Active,193.78
BP00487,BA00742,SAS00487,STD_PSTN_LINE,APSTN_LINE,Antillia PSTN Line,Voice,Inactive,230.59
BP00488,BA00918,ORPHAN_AS00488,STD_BB_FTTC,ABB_FTTC,Antillia Broadband FTTC,Broadband,Active,155.59
BP00489,BA00329,SAS00489,STD_PSTN_LINE,APSTN_LINE,Antillia PSTN Line,Voice,Active,136.01
BP00490,BA00100,SAS00490,STD_PSTN_LINE,APSTN_LINE,Antillia PSTN Line,Voice,Active,132.44
BP00491,BA00538,SAS00491,STD_PSTN_LINE,APSTN_LINE,Antillia PSTN Line,Voice,Active,213.82
BP00492,BA00327,SAS00492,STD_PSTN_LINE,APSTN_LINE,Antillia PSTN Line,Voice,Inactive,239.22
BP00493,BA00904,SAS00493,STD_PSTN_LINE,APSTN_LINE,Antillia PSTN Line,Voice,Ceased,66.88
BP00494,BA00631,SAS00494,STD_BB_FTTP,ABB_FTTP,Antillia Broadband FTTP,Broadband,Active,98.58
BP00495,BA00499,SAS00495,STD_PSTN_LINE,APSTN_LINE,Antillia PSTN Line,Voice,Active,223.4
BP00496,BA00621,SAS00496,STD_PSTN_LINE,APSTN_LINE,Antillia PSTN Line,Voice,Inactive,232.49
BP00497,BA00212,SAS00497,STD_BB_FTTC,ABB_FTTC,Antillia Broadband FTTC,Broadband,Active,136.02
BP00498,BA00041,SAS00498,STD_PSTN_LINE,APSTN_LINE,Antillia PSTN Line,Voice,Ceased,143.24
BP00499,BA00853,ORPHAN_AS00499,STD_BB_FTTC,ABB_FTTC,Antillia Broadband FTTC,Broadband,Inactive,103.73
BP00500,BA00437,SAS00500,STD_PSTN_LINE,APSTN_LINE,Antillia PSTN Line,Voice,Inactive,138.85
BP00501,BA00113,SAS00501,STD_BB_FTTC,ABB_FTTC,Antillia Broadband FTTC,Broadband,Active,231.25
BP00502,BA00506,SAS00502,STD_BB_FTTP,ABB_FTTP,Antillia Broadband FTTP,Broadband,Active,218.56
BP00503,BA00120,SAS00503,STD_BB_FTTC,ABB_FTTC,Antillia Broadband FTTC,Broadband,Ceased,204.44
BP00504,BA00077,SAS00504,STD_PSTN_LINE,APSTN_LINE,Antillia PSTN Line,Voice,Active,135.64
BP00505,BA00526,SAS00505,STD_PSTN_LINE,APSTN_LINE,Antillia PSTN Line,Voice,Active,35.19
BP00506,BA00040,SAS00506,STD_BB_FTTC,ABB_FTTC,Antillia Broadband FTTC,Broadband,Active,234.31
BP00507,BA00862,SAS00507,STD_BB_FTTP,ABB_FTTP,Antillia Broadband FTTP,Broadband,Active,212.33
BP00508,BA00643,SAS00508,STD_PSTN_LINE,APSTN_LINE,Antillia PSTN Line,Voice,Active,49.75
BP00509,BA00690,SAS00509,STD_BB_FTTP,ABB_FTTP,Antillia Broadband FTTP,Broadband,Active,127.07
BP00510,BA00509,SAS00510,STD_PSTN_LINE,APSTN_LINE,Antillia PSTN Line,Voice,Active,64.07
BP00511,BA00878,SAS00511,STD_BB_FTTP,ABB_FTTP,Antillia Broadband FTTP,Broadband,Inactive,67.69
BP00512,BA00626,SAS00512,STD_BB_FTTP,ABB_FTTP,Antillia Broadband FTTP,Broadband,Active,59.32
BP00513,BA00390,SAS00513,STD_BB_FTTC,ABB_FTTC,Antillia Broadband FTTC,Broadband,Active,72.45
BP00514,BA00978,SAS00514,STD_BB_FTTC,ABB_FTTC,Antillia Broadband FTTC,Broadband,Active,87.62
BP00515,BA00497,SAS00515,STD_PSTN_LINE,APSTN_LINE,Antillia PSTN Line,Voice,Active,164.17
BP00516,BA00303,SAS00516,STD_PSTN_LINE,APSTN_LINE,Antillia PSTN Line,Voice,Active,44.07
BP00517,BA00295,SAS00517,STD_BB_FTTC,ABB_FTTC,Antillia Broadband FTTC,Broadband,Active,121.74
BP00518,BA00181,SAS00518,STD_BB_FTTC,ABB_FTTC,Antillia Broadband FTTC,Broadband,Active,91.99
BP00519,BA00722,SAS00519,STD_PSTN_LINE,APSTN_LINE,Antillia PSTN Line,Voice,Active,222.66
BP00520,BA00616,SAS00520,STD_PSTN_LINE,APSTN_LINE,Antillia PSTN Line,Voice,Active,72.49
BP00521,BA00912,SAS00521,STD_BB_FTTP,ABB_FTTP,Antillia Broadband FTTP,Broadband,Suspended,112.89
BP00522,BA00692,SAS00522,STD_BB_FTTP,ABB_FTTP,Antillia Broadband FTTP,Broadband,Active,108.8
BP00523,BA00935,SAS00523,STD_PSTN_LINE,APSTN_LINE,Antillia PSTN Line,Voice,Active,130.64
BP00524,BA00047,SAS00524,STD_BB_FTTP,ABB_FTTP,Antillia Broadband FTTP,Broadband,Active,113.08
BP00525,BA00212,SAS00525,STD_BB_FTTC,ABB_FTTC,Antillia Broadband FTTC,Broadband,Inactive,43.59
BP00526,BA00133,SAS00526,STD_BB_FTTC,ABB_FTTC,Antillia Broadband FTTC,Broadband,Active,22.62
BP00527,BA00093,SAS00527,STD_BB_FTTP,ABB_FTTP,Antillia Broadband FTTP,Broadband,Inactive,95.32
BP00528,BA00065,SAS00528,STD_BB_FTTP,ABB_FTTP,Antillia Broadband FTTP,Broadband,Active,138.33
BP00529,BA00161,SAS00529,STD_BB_FTTC,ABB_FTTC,Antillia Broadband FTTC,Broadband,Inactive,109.76
BP00530,BA00166,SAS00530,STD_BB_FTTP,ABB_FTTP,Antillia Broadband FTTP,Broadband,Suspended,94.91
BP00531,BA00963,SAS00531,STD_BB_FTTP,ABB_FTTP,Antillia Broadband FTTP,Broadband,Active,214.15
BP00532,BA00514,SAS00532,STD_BB_FTTP,ABB_FTTP,Antillia Broadband FTTP,Broadband,Active,130.5
BP00533,BA00236,SAS00533,STD_BB_FTTC,ABB_FTTC,Antillia Broadband FTTC,Broadband,Active,177.63
BP00534,BA00833,SAS00534,STD_PSTN_LINE,APSTN_LINE,Antillia PSTN Line,Voice,Inactive,170.02
BP00535,BA00277,SAS00535,STD_BB_FTTP,ABB_FTTP,Antillia Broadband FTTP,Broadband,Suspended,35.75
BP00536,BA00751,SAS00536,STD_PSTN_LINE,APSTN_LINE,Antillia PSTN Line,Voice,Active,21.42
BP00537,BA00156,SAS00537,STD_BB_FTTP,ABB_FTTP,Antillia Broadband FTTP,Broadband,Active,154.46
BP00538,BA00880,SAS00538,STD_BB_FTTC,ABB_FTTC,Antillia Broadband FTTC,Broadband,Active,93.1
BP00539,BA00281,ORPHAN_AS00539,STD_BB_FTTC,ABB_FTTC,Antillia Broadband FTTC,Broadband,Active,41.13
BP00540,BA00386,SAS00540,STD_BB_FTTC,ABB_FTTC,Antillia Broadband FTTC,Broadband,Active,39.59
BP00541,BA00495,SAS00541,STD_PSTN_LINE,APSTN_LINE,Antillia PSTN Line,Voice,Active,181.07
BP00542,BA00509,SAS00542,STD_BB_FTTP,ABB_FTTP,Antillia Broadband FTTP,Broadband,Inactive,238.74
BP00543,BA00464,SAS00543,STD_BB_FTTP,ABB_FTTP,Antillia Broadband FTTP,Broadband,Active,244.24
BP00544,BA00379,SAS00544,STD_BB_FTTC,ABB_FTTC,Antillia Broadband FTTC,Broadband,Active,43.28
BP00545,BA00646,SAS00545,STD_BB_FTTC,ABB_FTTC,Antillia Broadband FTTC,Broadband,Ceased,40.13
BP00546,BA00502,SAS00546,STD_BB_FTTP,ABB_FTTP,Antillia Broadband FTTP,Broadband,Active,37.46
BP00547,BA00536,SAS00547,STD_BB_FTTC,ABB_FTTC,Antillia Broadband FTTC,Broadband,Inactive,149.46
BP00548,BA00259,SAS00548,STD_PSTN_LINE,APSTN_LINE,Antillia PSTN Line,Voice,Active,189.8
BP00549,BA00706,ORPHAN_AS00549,STD_BB_FTTC,ABB_FTTC,Antillia Broadband FTTC,Broadband,Active,112.32
BP00550,BA00774,SAS00550,STD_PSTN_LINE,APSTN_LINE,Antillia PSTN Line,Voice,Active,131.38
BP00551,BA00242,SAS00551,STD_PSTN_LINE,APSTN_LINE,Antillia PSTN Line,Voice,Active,182.46
BP00552,BA00751,SAS00552,STD_BB_FTTP,ABB_FTTP,Antillia Broadband FTTP,Broadband,Active,42.37
BP00553,BA00776,SAS00553,STD_BB_FTTP,ABB_FTTP,Antillia Broadband FTTP,Broadband,Active,138.63
BP00554,BA00891,SAS00554,STD_PSTN_LINE,APSTN_LINE,Antillia PSTN Line,Voice,Ceased,27.06
BP00555,BA00823,SAS00555,STD_PSTN_LINE,APSTN_LINE,Antillia PSTN Line,Voice,Active,50.45
BP00556,BA00010,SAS00556,STD_BB_FTTP,ABB_FTTP,Antillia Broadband FTTP,Broadband,Active,119.03
BP00557,BA00693,SAS00557,STD_BB_FTTC,ABB_FTTC,Antillia Broadband FTTC,Broadband,Active,92.79
BP00558,BA00170,SAS00558,STD_PSTN_LINE,APSTN_LINE,Antillia PSTN Line,Voice,Active,139.39
BP00559,BA00732,SAS00559,STD_BB_FTTC,ABB_FTTC,Antillia Broadband FTTC,Broadband,Active,158.25
BP00560,BA00339,SAS00560,STD_PSTN_LINE,APSTN_LINE,Antillia PSTN Line,Voice,Ceased,185.07
BP00561,BA00537,SAS00561,STD_BB_FTTC,ABB_FTTC,Antillia Broadband FTTC,Broadband,Active,127.94
BP00562,BA00482,SAS00562,STD_BB_FTTP,ABB_FTTP,Antillia Broadband FTTP,Broadband,Active,244.66
BP00563,BA00711,SAS00563,STD_BB_FTTC,ABB_FTTC,Antillia Broadband FTTC,Broadband,Active,124.39
BP00564,BA00609,SAS00564,STD_BB_FTTC,ABB_FTTC,Antillia Broadband FTTC,Broadband,Active,99.31
BP00565,BA00644,SAS00565,STD_BB_FTTC,ABB_FTTC,Antillia Broadband FTTC,Broadband,Active,62.69
BP00566,BA00437,SAS00566,STD_BB_FTTP,ABB_FTTP,Antillia Broadband FTTP,Broadband,Active,88.93
BP00567,BA00261,SAS00567,STD_BB_FTTC,ABB_FTTC,Antillia Broadband FTTC,Broadband,Active,166.85
BP00568,BA00106,SAS00568,STD_BB_FTTP,ABB_FTTP,Antillia Broadband FTTP,Broadband,Inactive,82.96
BP00569,BA00817,SAS00569,STD_BB_FTTP,ABB_FTTP,Antillia Broadband FTTP,Broadband,Active,167.6
BP00570,BA00874,SAS00570,STD_BB_FTTP,ABB_FTTP,Antillia Broadband FTTP,Broadband,Active,82.32
BP00571,BA00685,SAS00571,STD_BB_FTTC,ABB_FTTC,Antillia Broadband FTTC,Broadband,Suspended,66.56
BP00572,BA00222,SAS00572,STD_BB_FTTP,ABB_FTTP,Antillia Broadband FTTP,Broadband,Active,204.38
BP00573,BA00896,SAS00573,STD_BB_FTTC,ABB_FTTC,Antillia Broadband FTTC,Broadband,Active,36.05
BP00574,BA00827,SAS00574,STD_BB_FTTC,ABB_FTTC,Antillia Broadband FTTC,Broadband,Active,172.24
BP00575,BA00121,SAS00575,STD_BB_FTTP,ABB_FTTP,Antillia Broadband FTTP,Broadband,Active,109.23
BP00576,BA00364,SAS00576,STD_BB_FTTC,ABB_FTTC,Antillia Broadband FTTC,Broadband,Active,139.1
BP00577,BA00863,SAS00577,STD_PSTN_LINE,APSTN_LINE,Antillia PSTN Line,Voice,Active,56.54
BP00578,BA00147,SAS00578,STD_BB_FTTC,ABB_FTTC,Antillia Broadband FTTC,Broadband,Inactive,148.03
BP00579,BA00702,SAS00579,STD_PSTN_LINE,APSTN_LINE,Antillia PSTN Line,Voice,Active,226.74
BP00580,BA00887,SAS00580,STD_BB_FTTC,ABB_FTTC,Antillia Broadband FTTC,Broadband,Active,126.13
BP00581,BA00219,SAS00581,STD_PSTN_LINE,APSTN_LINE,Antillia PSTN Line,Voice,Active,221.3
BP00582,BA00384,SAS00582,STD_PSTN_LINE,APSTN_LINE,Antillia PSTN Line,Voice,Active,191.45
BP00583,BA00539,SAS00583,STD_PSTN_LINE,APSTN_LINE,Antillia PSTN Line,Voice,Active,154.0
BP00584,BA00938,SAS00584,STD_PSTN_LINE,APSTN_LINE,Antillia PSTN Line,Voice,Active,231.8
BP00585,BA00282,ORPHAN_AS00585,STD_BB_FTTP,ABB_FTTP,Antillia Broadband FTTP,Broadband,Active,110.4
BP00586,BA00281,SAS00586,STD_BB_FTTC,ABB_FTTC,Antillia Broadband FTTC,Broadband,Active,243.3
BP00587,BA00950,SAS00587,STD_BB_FTTC,ABB_FTTC,Antillia Broadband FTTC,Broadband,Active,158.95
BP00588,BA00768,SAS00588,STD_PSTN_LINE,APSTN_LINE,Antillia PSTN Line,Voice,Suspended,192.14
BP00589,BA00030,ORPHAN_AS00589,STD_BB_FTTP,ABB_FTTP,Antillia Broadband FTTP,Broadband,Active,183.49
BP00590,BA00872,SAS00590,STD_BB_FTTP,ABB_FTTP,Antillia Broadband FTTP,Broadband,Active,115.34
BP00591,BA00653,ORPHAN_AS00591,STD_BB_FTTC,ABB_FTTC,Antillia Broadband FTTC,Broadband,Active,90.9
BP00592,BA00874,SAS00592,STD_BB_FTTC,ABB_FTTC,Antillia Broadband FTTC,Broadband,Active,160.45
BP00593,BA00869,SAS00593,STD_BB_FTTP,ABB_FTTP,Antillia Broadband FTTP,Broadband,Suspended,226.27
BP00594,BA00740,SAS00594,STD_PSTN_LINE,APSTN_LINE,Antillia PSTN Line,Voice,Ceased,137.79
BP00595,BA00858,SAS00595,STD_BB_FTTC,ABB_FTTC,Antillia Broadband FTTC,Broadband,Active,32.26
BP00596,BA00152,SAS00596,STD_BB_FTTP,ABB_FTTP,Antillia Broadband FTTP,Broadband,Inactive,37.48
BP00597,BA00204,SAS00597,STD_BB_FTTC,ABB_FTTC,Antillia Broadband FTTC,Broadband,Active,112.95
BP00598,BA00964,SAS00598,STD_PSTN_LINE,APSTN_LINE,Antillia PSTN Line,Voice,Active,81.51
BP00599,BA00582,SAS00599,STD_BB_FTTC,ABB_FTTC,Antillia Broadband FTTC,Broadband,Inactive,37.97
BP00600,BA00941,ORPHAN_AS00600,STD_PSTN_LINE,APSTN_LINE,Antillia PSTN Line,Voice,Active,187.26
BP00601,BA00989,SAS00601,STD_BB_FTTP,ABB_FTTP,Antillia Broadband FTTP,Broadband,Active,57.29
BP00602,BA00472,SAS00602,STD_BB_FTTC,ABB_FTTC,Antillia Broadband FTTC,Broadband,Active,186.03
BP00603,BA00658,SAS00603,STD_PSTN_LINE,APSTN_LINE,Antillia PSTN Line,Voice,Ceased,218.58
BP00604,BA00318,SAS00604,STD_BB_FTTP,ABB_FTTP,Antillia Broadband FTTP,Broadband,Active,181.77
BP00605,BA00324,SAS00605,STD_PSTN_LINE,APSTN_LINE,Antillia PSTN Line,Voice,Active,211.78
BP00606,BA00303,SAS00606,STD_BB_FTTP,ABB_FTTP,Antillia Broadband FTTP,Broadband,Active,119.99
BP00607,BA00373,SAS00607,STD_BB_FTTC,ABB_FTTC,Antillia Broadband FTTC,Broadband,Active,166.9
BP00608,BA00852,SAS00608,STD_BB_FTTC,ABB_FTTC,Antillia Broadband FTTC,Broadband,Active,238.32
BP00609,BA00583,SAS00609,STD_PSTN_LINE,APSTN_LINE,Antillia PSTN Line,Voice,Active,180.91
BP00610,BA00816,SAS00610,STD_BB_FTTP,ABB_FTTP,Antillia Broadband FTTP,Broadband,Active,97.39
BP00611,BA00761,SAS00611,STD_BB_FTTP,ABB_FTTP,Antillia Broadband FTTP,Broadband,Inactive,39.06
BP00612,BA00479,SAS00612,STD_BB_FTTC,ABB_FTTC,Antillia Broadband FTTC,Broadband,Active,231.89
BP00613,BA00487,SAS00613,STD_PSTN_LINE,APSTN_LINE,Antillia PSTN Line,Voice,Active,154.14
BP00614,BA00603,SAS00614,STD_PSTN_LINE,APSTN_LINE,Antillia PSTN Line,Voice,Suspended,92.79
BP00615,BA00923,SAS00615,STD_BB_FTTP,ABB_FTTP,Antillia Broadband FTTP,Broadband,Active,115.77
BP00616,BA00103,SAS00616,STD_BB_FTTC,ABB_FTTC,Antillia Broadband FTTC,Broadband,Active,101.06
BP00617,BA00771,SAS00617,STD_PSTN_LINE,APSTN_LINE,Antillia PSTN Line,Voice,Active,205.74
BP00618,BA00446,SAS00618,STD_BB_FTTC,ABB_FTTC,Antillia Broadband FTTC,Broadband,Inactive,127.87
BP00619,BA00616,SAS00619,STD_BB_FTTC,ABB_FTTC,Antillia Broadband FTTC,Broadband,Active,175.42
BP00620,BA00899,SAS00620,STD_BB_FTTC,ABB_FTTC,Antillia Broadband FTTC,Broadband,Active,234.86
BP00621,BA00437,SAS00621,STD_BB_FTTC,ABB_FTTC,Antillia Broadband FTTC,Broadband,Inactive,239.32
BP00622,BA00525,ORPHAN_AS00622,STD_PSTN_LINE,APSTN_LINE,Antillia PSTN Line,Voice,Active,87.74
BP00623,BA00537,SAS00623,STD_PSTN_LINE,APSTN_LINE,Antillia PSTN Line,Voice,Active,243.6
BP00624,BA00342,SAS00624,STD_BB_FTTP,ABB_FTTP,Antillia Broadband FTTP,Broadband,Inactive,30.48
BP00625,BA00145,SAS00625,STD_PSTN_LINE,APSTN_LINE,Antillia PSTN Line,Voice,Inactive,124.42
BP00626,BA00152,ORPHAN_AS00626,STD_BB_FTTP,ABB_FTTP,Antillia Broadband FTTP,Broadband,Active,57.92
BP00627,BA00879,SAS00627,STD_PSTN_LINE,APSTN_LINE,Antillia PSTN Line,Voice,Active,38.92
BP00628,BA00866,SAS00628,STD_BB_FTTC,ABB_FTTC,Antillia Broadband FTTC,Broadband,Inactive,19.15
BP00629,BA00564,ORPHAN_AS00629,STD_PSTN_LINE,APSTN_LINE,Antillia PSTN Line,Voice,Active,180.12
BP00630,BA00852,SAS00630,STD_PSTN_LINE,APSTN_LINE,Antillia PSTN Line,Voice,Active,74.32
BP00631,BA00326,SAS00631,STD_BB_FTTC,ABB_FTTC,Antillia Broadband FTTC,Broadband,Inactive,48.98
BP00632,BA00840,SAS00632,STD_PSTN_LINE,APSTN_LINE,Antillia PSTN Line,Voice,Active,220.46
BP00633,BA00356,SAS00633,STD_BB_FTTP,ABB_FTTP,Antillia Broadband FTTP,Broadband,Active,189.78
BP00634,BA00624,SAS00634,STD_PSTN_LINE,APSTN_LINE,Antillia PSTN Line,Voice,Active,72.56
BP00635,BA00002,SAS00635,STD_BB_FTTC,ABB_FTTC,Antillia Broadband FTTC,Broadband,Active,192.39
BP00636,BA00142,SAS00636,STD_BB_FTTC,ABB_FTTC,Antillia Broadband FTTC,Broadband,Active,28.27
BP00637,BA00394,ORPHAN_AS00637,STD_BB_FTTP,ABB_FTTP,Antillia Broadband FTTP,Broadband,Active,116.77
BP00638,BA00841,SAS00638,STD_PSTN_LINE,APSTN_LINE,Antillia PSTN Line,Voice,Active,78.56
BP00639,BA00408,SAS00639,STD_BB_FTTC,ABB_FTTC,Antillia Broadband FTTC,Broadband,Active,211.54
BP00640,BA00703,ORPHAN_AS00640,STD_BB_FTTC,ABB_FTTC,Antillia Broadband FTTC,Broadband,Inactive,170.16
BP00641,BA00165,SAS00641,STD_PSTN_LINE,APSTN_LINE,Antillia PSTN Line,Voice,Active,151.33
BP00642,BA00498,SAS00642,STD_BB_FTTP,ABB_FTTP,Antillia Broadband FTTP,Broadband,Active,173.49
BP00643,BA00436,ORPHAN_AS00643,STD_BB_FTTP,ABB_FTTP,Antillia Broadband FTTP,Broadband,Active,165.12
BP00644,BA00462,SAS00644,STD_BB_FTTC,ABB_FTTC,Antillia Broadband FTTC,Broadband,Active,199.19
BP00645,BA00996,SAS00645,STD_BB_FTTP,ABB_FTTP,Antillia Broadband FTTP,Broadband,Active,200.23
BP00646,BA00393,SAS00646,STD_BB_FTTC,ABB_FTTC,Antillia Broadband FTTC,Broadband,Suspended,36.56
BP00647,BA00725,SAS00647,STD_PSTN_LINE,APSTN_LINE,Antillia PSTN Line,Voice,Active,63.85
BP00648,BA00466,SAS00648,STD_BB_FTTC,ABB_FTTC,Antillia Broadband FTTC,Broadband,Active,125.83
BP00649,BA00472,SAS00649,STD_BB_FTTC,ABB_FTTC,Antillia Broadband FTTC,Broadband,Active,224.29
BP00650,BA00346,SAS00650,STD_PSTN_LINE,APSTN_LINE,Antillia PSTN Line,Voice,Active,195.91
BP00651,BA00301,SAS00651,STD_BB_FTTC,ABB_FTTC,Antillia Broadband FTTC,Broadband,Active,22.06
BP00652,BA00611,SAS00652,STD_BB_FTTP,ABB_FTTP,Antillia Broadband FTTP,Broadband,Active,187.8
BP00653,BA00180,SAS00653,STD_BB_FTTC,ABB_FTTC,Antillia Broadband FTTC,Broadband,Active,39.94
BP00654,BA00442,SAS00654,STD_BB_FTTC,ABB_FTTC,Antillia Broadband FTTC,Broadband,Suspended,98.13
BP00655,BA00941,SAS00655,STD_BB_FTTP,ABB_FTTP,Antillia Broadband FTTP,Broadband,Inactive,211.7
BP00656,BA00470,SAS00656,STD_BB_FTTP,ABB_FTTP,Antillia Broadband FTTP,Broadband,Active,93.77
BP00657,BA00742,SAS00657,STD_BB_FTTC,ABB_FTTC,Antillia Broadband FTTC,Broadband,Active,222.63
BP00658,BA00081,SAS00658,STD_PSTN_LINE,APSTN_LINE,Antillia PSTN Line,Voice,Active,165.72
BP00659,BA00189,SAS00659,STD_BB_FTTP,ABB_FTTP,Antillia Broadband FTTP,Broadband,Ceased,77.59
BP00660,BA00857,SAS00660,STD_BB_FTTC,ABB_FTTC,Antillia Broadband FTTC,Broadband,Suspended,241.92
BP00661,BA00311,SAS00661,STD_BB_FTTP,ABB_FTTP,Antillia Broadband FTTP,Broadband,Active,143.08
BP00662,BA00051,SAS00662,STD_BB_FTTC,ABB_FTTC,Antillia Broadband FTTC,Broadband,Active,127.72
BP00663,BA00765,SAS00663,STD_BB_FTTP,ABB_FTTP,Antillia Broadband FTTP,Broadband,Active,61.09
BP00664,BA00409,ORPHAN_AS00664,STD_PSTN_LINE,APSTN_LINE,Antillia PSTN Line,Voice,Suspended,175.34
BP00665,BA00020,SAS00665,STD_BB_FTTP,ABB_FTTP,Antillia Broadband FTTP,Broadband,Inactive,170.47
BP00666,BA00810,SAS00666,STD_BB_FTTP,ABB_FTTP,Antillia Broadband FTTP,Broadband,Ceased,91.81
BP00667,BA00333,ORPHAN_AS00667,STD_PSTN_LINE,APSTN_LINE,Antillia PSTN Line,Voice,Active,159.84
BP00668,BA00472,SAS00668,STD_PSTN_LINE,APSTN_LINE,Antillia PSTN Line,Voice,Active,165.27
BP00669,BA00953,SAS00669,STD_BB_FTTP,ABB_FTTP,Antillia Broadband FTTP,Broadband,Active,97.56
BP00670,BA00156,SAS00670,STD_BB_FTTP,ABB_FTTP,Antillia Broadband FTTP,Broadband,Active,190.28
BP00671,BA00690,SAS00671,STD_BB_FTTC,ABB_FTTC,Antillia Broadband FTTC,Broadband,Active,111.48
BP00672,BA00081,SAS00672,STD_BB_FTTP,ABB_FTTP,Antillia Broadband FTTP,Broadband,Active,148.23
BP00673,BA00543,SAS00673,STD_PSTN_LINE,APSTN_LINE,Antillia PSTN Line,Voice,Active,85.7
BP00674,BA00031,SAS00674,STD_BB_FTTC,ABB_FTTC,Antillia Broadband FTTC,Broadband,Active,153.71
BP00675,BA00426,SAS00675,STD_PSTN_LINE,APSTN_LINE,Antillia PSTN Line,Voice,Ceased,23.43
BP00676,BA00503,SAS00676,STD_BB_FTTC,ABB_FTTC,Antillia Broadband FTTC,Broadband,Ceased,105.07
BP00677,BA00972,SAS00677,STD_BB_FTTP,ABB_FTTP,Antillia Broadband FTTP,Broadband,Suspended,40.5
BP00678,BA00585,SAS00678,STD_BB_FTTP,ABB_FTTP,Antillia Broadband FTTP,Broadband,Active,218.66
BP00679,BA00411,SAS00679,STD_BB_FTTC,ABB_FTTC,Antillia Broadband FTTC,Broadband,Active,99.67
BP00680,BA00286,SAS00680,STD_PSTN_LINE,APSTN_LINE,Antillia PSTN Line,Voice,Active,102.26
BP00681,BA00984,SAS00681,STD_BB_FTTC,ABB_FTTC,Antillia Broadband FTTC,Broadband,Active,165.6
BP00682,BA00231,SAS00682,STD_PSTN_LINE,APSTN_LINE,Antillia PSTN Line,Voice,Suspended,132.8
BP00683,BA00461,SAS00683,STD_BB_FTTC,ABB_FTTC,Antillia Broadband FTTC,Broadband,Active,220.62
BP00684,BA00850,ORPHAN_AS00684,STD_PSTN_LINE,APSTN_LINE,Antillia PSTN Line,Voice,Active,125.65
BP00685,BA00393,SAS00685,STD_BB_FTTC,ABB_FTTC,Antillia Broadband FTTC,Broadband,Active,115.0
BP00686,BA00030,SAS00686,STD_BB_FTTP,ABB_FTTP,Antillia Broadband FTTP,Broadband,Active,50.15
BP00687,BA00614,SAS00687,STD_BB_FTTP,ABB_FTTP,Antillia Broadband FTTP,Broadband,Active,112.84
BP00688,BA00171,SAS00688,STD_PSTN_LINE,APSTN_LINE,Antillia PSTN Line,Voice,Active,127.48
BP00689,BA00761,SAS00689,STD_PSTN_LINE,APSTN_LINE,Antillia PSTN Line,Voice,Active,201.25
BP00690,BA00198,SAS00690,STD_PSTN_LINE,APSTN_LINE,Antillia PSTN Line,Voice,Suspended,55.44
BP00691,BA00180,SAS00691,STD_PSTN_LINE,APSTN_LINE,Antillia PSTN Line,Voice,Active,183.37
BP00692,BA00067,SAS00692,STD_PSTN_LINE,APSTN_LINE,Antillia PSTN Line,Voice,Suspended,66.03
BP00693,BA00618,SAS00693,STD_BB_FTTP,ABB_FTTP,Antillia Broadband FTTP,Broadband,Active,74.12
BP00694,BA00657,SAS00694,STD_PSTN_LINE,APSTN_LINE,Antillia PSTN Line,Voice,Active,158.13
BP00695,BA00164,SAS00695,STD_BB_FTTC,ABB_FTTC,Antillia Broadband FTTC,Broadband,Active,185.51
BP00696,BA00699,SAS00696,STD_BB_FTTP,ABB_FTTP,Antillia Broadband FTTP,Broadband,Active,219.16
BP00697,BA00073,SAS00697,STD_PSTN_LINE,APSTN_LINE,Antillia PSTN Line,Voice,Inactive,240.16
BP00698,BA00733,SAS00698,STD_BB_FTTP,ABB_FTTP,Antillia Broadband FTTP,Broadband,Inactive,168.12
BP00699,BA00493,ORPHAN_AS00699,STD_BB_FTTP,ABB_FTTP,Antillia Broadband FTTP,Broadband,Inactive,31.87
BP00700,BA00743,SAS00700,STD_BB_FTTC,ABB_FTTC,Antillia Broadband FTTC,Broadband,Inactive,102.3
BP00701,BA00666,SAS00701,STD_BB_FTTP,ABB_FTTP,Antillia Broadband FTTP,Broadband,Active,200.68
BP00702,BA00777,SAS00702,STD_PSTN_LINE,APSTN_LINE,Antillia PSTN Line,Voice,Inactive,192.83
BP00703,BA00423,SAS00703,STD_PSTN_LINE,APSTN_LINE,Antillia PSTN Line,Voice,Active,50.93
BP00704,BA00271,SAS00704,STD_BB_FTTC,ABB_FTTC,Antillia Broadband FTTC,Broadband,Active,166.95
BP00705,BA00504,SAS00705,STD_PSTN_LINE,APSTN_LINE,Antillia PSTN Line,Voice,Inactive,193.62
BP00706,BA00339,SAS00706,STD_BB_FTTC,ABB_FTTC,Antillia Broadband FTTC,Broadband,Inactive,180.3
BP00707,BA00780,SAS00707,STD_BB_FTTP,ABB_FTTP,Antillia Broadband FTTP,Broadband,Active,139.05
BP00708,BA00578,SAS00708,STD_BB_FTTC,ABB_FTTC,Antillia Broadband FTTC,Broadband,Active,85.56
BP00709,BA00650,SAS00709,STD_PSTN_LINE,APSTN_LINE,Antillia PSTN Line,Voice,Active,183.43
BP00710,BA00825,SAS00710,STD_BB_FTTP,ABB_FTTP,Antillia Broadband FTTP,Broadband,Active,51.99
BP00711,BA00653,SAS00711,STD_BB_FTTC,ABB_FTTC,Antillia Broadband FTTC,Broadband,Active,215.41
BP00712,BA00013,SAS00712,STD_BB_FTTC,ABB_FTTC,Antillia Broadband FTTC,Broadband,Active,185.3
BP00713,BA00416,SAS00713,STD_BB_FTTC,ABB_FTTC,Antillia Broadband FTTC,Broadband,Active,226.8
BP00714,BA00602,SAS00714,STD_BB_FTTC,ABB_FTTC,Antillia Broadband FTTC,Broadband,Suspended,90.92
BP00715,BA00497,SAS00715,STD_BB_FTTC,ABB_FTTC,Antillia Broadband FTTC,Broadband,Active,220.02
BP00716,BA00389,SAS00716,STD_BB_FTTP,ABB_FTTP,Antillia Broadband FTTP,Broadband,Active,237.69
BP00717,BA00230,SAS00717,STD_BB_FTTP,ABB_FTTP,Antillia Broadband FTTP,Broadband,Active,159.2
BP00718,BA00202,SAS00718,STD_BB_FTTP,ABB_FTTP,Antillia Broadband FTTP,Broadband,Active,124.56
BP00719,BA00861,SAS00719,STD_BB_FTTC,ABB_FTTC,Antillia Broadband FTTC,Broadband,Inactive,207.98
BP00720,BA00760,SAS00720,STD_BB_FTTP,ABB_FTTP,Antillia Broadband FTTP,Broadband,Active,172.1
BP00721,BA00338,ORPHAN_AS00721,STD_BB_FTTP,ABB_FTTP,Antillia Broadband FTTP,Broadband,Active,80.98
BP00722,BA00551,SAS00722,STD_PSTN_LINE,APSTN_LINE,Antillia PSTN Line,Voice,Suspended,243.14
BP00723,BA00254,SAS00723,STD_BB_FTTP,ABB_FTTP,Antillia Broadband FTTP,Broadband,Active,202.97
BP00724,BA00879,SAS00724,STD_BB_FTTC,ABB_FTTC,Antillia Broadband FTTC,Broadband,Active,178.0
BP00725,BA00624,ORPHAN_AS00725,STD_PSTN_LINE,APSTN_LINE,Antillia PSTN Line,Voice,Active,82.37
BP00726,BA00940,SAS00726,STD_BB_FTTC,ABB_FTTC,Antillia Broadband FTTC,Broadband,Active,227.53
BP00727,BA00234,ORPHAN_AS00727,STD_PSTN_LINE,APSTN_LINE,Antillia PSTN Line,Voice,Active,194.71
BP00728,BA00903,ORPHAN_AS00728,STD_BB_FTTC,ABB_FTTC,Antillia Broadband FTTC,Broadband,Inactive,91.98
BP00729,BA00120,SAS00729,STD_BB_FTTC,ABB_FTTC,Antillia Broadband FTTC,Broadband,Active,128.44
BP00730,BA00613,SAS00730,STD_BB_FTTC,ABB_FTTC,Antillia Broadband FTTC,Broadband,Active,150.08
BP00731,BA00115,SAS00731,STD_BB_FTTC,ABB_FTTC,Antillia Broadband FTTC,Broadband,Active,120.69
BP00732,BA00651,SAS00732,STD_BB_FTTP,ABB_FTTP,Antillia Broadband FTTP,Broadband,Active,123.85
BP00733,BA00616,SAS00733,STD_BB_FTTP,ABB_FTTP,Antillia Broadband FTTP,Broadband,Active,164.42
BP00734,BA00291,SAS00734,STD_BB_FTTP,ABB_FTTP,Antillia Broadband FTTP,Broadband,Ceased,87.52
BP00735,BA00282,SAS00735,STD_PSTN_LINE,APSTN_LINE,Antillia PSTN Line,Voice,Active,134.71
BP00736,BA00775,SAS00736,STD_PSTN_LINE,APSTN_LINE,Antillia PSTN Line,Voice,Ceased,131.12
BP00737,BA00482,SAS00737,STD_BB_FTTP,ABB_FTTP,Antillia Broadband FTTP,Broadband,Active,59.48
BP00738,BA00097,SAS00738,STD_BB_FTTP,ABB_FTTP,Antillia Broadband FTTP,Broadband,Ceased,120.82
BP00739,BA00188,SAS00739,STD_BB_FTTC,ABB_FTTC,Antillia Broadband FTTC,Broadband,Active,43.22
BP00740,BA00313,SAS00740,STD_PSTN_LINE,APSTN_LINE,Antillia PSTN Line,Voice,Active,141.05
BP00741,BA00625,SAS00741,STD_BB_FTTP,ABB_FTTP,Antillia Broadband FTTP,Broadband,Active,173.88
BP00742,BA00406,SAS00742,STD_PSTN_LINE,APSTN_LINE,Antillia PSTN Line,Voice,Inactive,215.75
BP00743,BA00980,SAS00743,STD_BB_FTTP,ABB_FTTP,Antillia Broadband FTTP,Broadband,Active,127.92
BP00744,BA00744,SAS00744,STD_BB_FTTP,ABB_FTTP,Antillia Broadband FTTP,Broadband,Active,234.42
BP00745,BA00311,SAS00745,STD_PSTN_LINE,APSTN_LINE,Antillia PSTN Line,Voice,Active,89.05
BP00746,BA00323,SAS00746,STD_BB_FTTP,ABB_FTTP,Antillia Broadband FTTP,Broadband,Active,116.67
BP00747,BA00781,SAS00747,STD_PSTN_LINE,APSTN_LINE,Antillia PSTN Line,Voice,Ceased,30.83
BP00748,BA00144,SAS00748,STD_PSTN_LINE,APSTN_LINE,Antillia PSTN Line,Voice,Ceased,195.96
BP00749,BA00214,SAS00749,STD_PSTN_LINE,APSTN_LINE,Antillia PSTN Line,Voice,Active,77.38
BP00750,BA00438,ORPHAN_AS00750,STD_PSTN_LINE,APSTN_LINE,Antillia PSTN Line,Voice,Inactive,93.56
BP00751,BA00221,SAS00751,STD_BB_FTTC,ABB_FTTC,Antillia Broadband FTTC,Broadband,Active,120.1
BP00752,BA00165,ORPHAN_AS00752,STD_BB_FTTP,ABB_FTTP,Antillia Broadband FTTP,Broadband,Active,129.29
BP00753,BA00995,SAS00753,STD_BB_FTTP,ABB_FTTP,Antillia Broadband FTTP,Broadband,Ceased,199.24
BP00754,BA00724,SAS00754,STD_PSTN_LINE,APSTN_LINE,Antillia PSTN Line,Voice,Active,82.99
BP00755,BA00104,SAS00755,STD_BB_FTTP,ABB_FTTP,Antillia Broadband FTTP,Broadband,Active,97.5
BP00756,BA00292,SAS00756,STD_PSTN_LINE,APSTN_LINE,Antillia PSTN Line,Voice,Active,49.15
BP00757,BA00794,SAS00757,STD_PSTN_LINE,APSTN_LINE,Antillia PSTN Line,Voice,Inactive,209.24
BP00758,BA00588,SAS00758,STD_PSTN_LINE,APSTN_LINE,Antillia PSTN Line,Voice,Active,38.42
BP00759,BA00782,SAS00759,STD_BB_FTTC,ABB_FTTC,Antillia Broadband FTTC,Broadband,Active,147.15
BP00760,BA00144,SAS00760,STD_PSTN_LINE,APSTN_LINE,Antillia PSTN Line,Voice,Inactive,33.78
BP00761,BA00322,SAS00761,STD_BB_FTTP,ABB_FTTP,Antillia Broadband FTTP,Broadband,Ceased,101.81
BP00762,BA00220,SAS00762,STD_PSTN_LINE,APSTN_LINE,Antillia PSTN Line,Voice,Active,126.65
BP00763,BA00694,SAS00763,STD_BB_FTTC,ABB_FTTC,Antillia Broadband FTTC,Broadband,Ceased,78.09
BP00764,BA00144,SAS00764,STD_BB_FTTP,ABB_FTTP,Antillia Broadband FTTP,Broadband,Active,113.3
BP00765,BA00050,SAS00765,STD_BB_FTTC,ABB_FTTC,Antillia Broadband FTTC,Broadband,Inactive,31.99
BP00766,BA00580,SAS00766,STD_BB_FTTC,ABB_FTTC,Antillia Broadband FTTC,Broadband,Active,25.44
BP00767,BA00810,SAS00767,STD_BB_FTTC,ABB_FTTC,Antillia Broadband FTTC,Broadband,Active,83.57
BP00768,BA00078,ORPHAN_AS00768,STD_PSTN_LINE,APSTN_LINE,Antillia PSTN Line,Voice,Active,244.02
BP00769,BA00818,SAS00769,STD_BB_FTTC,ABB_FTTC,Antillia Broadband FTTC,Broadband,Active,215.54
BP00770,BA00666,SAS00770,STD_BB_FTTP,ABB_FTTP,Antillia Broadband FTTP,Broadband,Ceased,192.44
BP00771,BA00284,SAS00771,STD_PSTN_LINE,APSTN_LINE,Antillia PSTN Line,Voice,Active,224.33
BP00772,BA00339,SAS00772,STD_BB_FTTP,ABB_FTTP,Antillia Broadband FTTP,Broadband,Active,168.3
BP00773,BA00710,SAS00773,STD_PSTN_LINE,APSTN_LINE,Antillia PSTN Line,Voice,Inactive,238.05
BP00774,BA00301,SAS00774,STD_BB_FTTP,ABB_FTTP,Antillia Broadband FTTP,Broadband,Active,210.15
BP00775,BA00438,SAS00775,STD_PSTN_LINE,APSTN_LINE,Antillia PSTN Line,Voice,Active,216.49
BP00776,BA00546,SAS00776,STD_BB_FTTP,ABB_FTTP,Antillia Broadband FTTP,Broadband,Active,172.37
BP00777,BA00364,SAS00777,STD_BB_FTTP,ABB_FTTP,Antillia Broadband FTTP,Broadband,Suspended,183.86
BP00778,BA00152,SAS00778,STD_PSTN_LINE,APSTN_LINE,Antillia PSTN Line,Voice,Active,60.13
BP00779,BA00865,SAS00779,STD_PSTN_LINE,APSTN_LINE,Antillia PSTN Line,Voice,Active,47.54
BP00780,BA00892,ORPHAN_AS00780,STD_BB_FTTC,ABB_FTTC,Antillia Broadband FTTC,Broadband,Active,71.38
BP00781,BA00435,SAS00781,STD_BB_FTTC,ABB_FTTC,Antillia Broadband FTTC,Broadband,Ceased,72.05
BP00782,BA00028,SAS00782,STD_BB_FTTC,ABB_FTTC,Antillia Broadband FTTC,Broadband,Active,226.54
BP00783,BA00385,SAS00783,STD_PSTN_LINE,APSTN_LINE,Antillia PSTN Line,Voice,Active,219.27
BP00784,BA00051,SAS00784,STD_PSTN_LINE,APSTN_LINE,Antillia PSTN Line,Voice,Active,110.61
BP00785,BA00835,SAS00785,STD_BB_FTTP,ABB_FTTP,Antillia Broadband FTTP,Broadband,Active,242.86
BP00786,BA00529,SAS00786,STD_BB_FTTP,ABB_FTTP,Antillia Broadband FTTP,Broadband,Active,193.53
BP00787,BA00620,SAS00787,STD_BB_FTTC,ABB_FTTC,Antillia Broadband FTTC,Broadband,Active,248.92
BP00788,BA00093,SAS00788,STD_BB_FTTC,ABB_FTTC,Antillia Broadband FTTC,Broadband,Inactive,101.49
BP00789,BA00468,SAS00789,STD_BB_FTTP,ABB_FTTP,Antillia Broadband FTTP,Broadband,Active,106.17
BP00790,BA00103,SAS00790,STD_PSTN_LINE,APSTN_LINE,Antillia PSTN Line,Voice,Active,237.41
BP00791,BA00869,SAS00791,STD_PSTN_LINE,APSTN_LINE,Antillia PSTN Line,Voice,Active,71.21
BP00792,BA00830,SAS00792,STD_BB_FTTC,ABB_FTTC,Antillia Broadband FTTC,Broadband,Active,127.36
BP00793,BA00663,SAS00793,STD_BB_FTTP,ABB_FTTP,Antillia Broadband FTTP,Broadband,Suspended,28.53
BP00794,BA00010,SAS00794,STD_BB_FTTC,ABB_FTTC,Antillia Broadband FTTC,Broadband,Active,54.14
BP00795,BA00063,SAS00795,STD_PSTN_LINE,APSTN_LINE,Antillia PSTN Line,Voice,Active,66.68
BP00796,BA00633,SAS00796,STD_PSTN_LINE,APSTN_LINE,Antillia PSTN Line,Voice,Active,54.54
BP00797,BA00989,SAS00797,STD_BB_FTTP,ABB_FTTP,Antillia Broadband FTTP,Broadband,Active,205.78
BP00798,BA00948,SAS00798,STD_BB_FTTP,ABB_FTTP,Antillia Broadband FTTP,Broadband,Active,55.67
BP00799,BA00641,SAS00799,STD_PSTN_LINE,APSTN_LINE,Antillia PSTN Line,Voice,Active,213.21
BP00800,BA00027,ORPHAN_AS00800,STD_BB_FTTP,ABB_FTTP,Antillia Broadband FTTP,Broadband,Active,224.21
BP00801,BA00936,SAS00801,STD_BB_FTTC,ABB_FTTC,Antillia Broadband FTTC,Broadband,Active,143.16
BP00802,BA00174,SAS00802,STD_BB_FTTC,ABB_FTTC,Antillia Broadband FTTC,Broadband,Active,21.47
BP00803,BA00068,ORPHAN_AS00803,STD_PSTN_LINE,APSTN_LINE,Antillia PSTN Line,Voice,Active,128.36
BP00804,BA00550,SAS00804,STD_BB_FTTC,ABB_FTTC,Antillia Broadband FTTC,Broadband,Active,216.8
BP00805,BA00488,ORPHAN_AS00805,STD_PSTN_LINE,APSTN_LINE,Antillia PSTN Line,Voice,Active,227.47
BP00806,BA00375,SAS00806,STD_BB_FTTC,ABB_FTTC,Antillia Broadband FTTC,Broadband,Ceased,173.08
BP00807,BA00852,SAS00807,STD_BB_FTTC,ABB_FTTC,Antillia Broadband FTTC,Broadband,Suspended,63.54
BP00808,BA00965,SAS00808,STD_PSTN_LINE,APSTN_LINE,Antillia PSTN Line,Voice,Active,170.94
BP00809,BA00290,SAS00809,STD_PSTN_LINE,APSTN_LINE,Antillia PSTN Line,Voice,Suspended,42.41
BP00810,BA00676,SAS00810,STD_BB_FTTC,ABB_FTTC,Antillia Broadband FTTC,Broadband,Active,182.83
BP00811,BA00530,SAS00811,STD_BB_FTTC,ABB_FTTC,Antillia Broadband FTTC,Broadband,Active,222.99
BP00812,BA00433,SAS00812,STD_PSTN_LINE,APSTN_LINE,Antillia PSTN Line,Voice,Active,51.69
BP00813,BA00766,SAS00813,STD_BB_FTTP,ABB_FTTP,Antillia Broadband FTTP,Broadband,Suspended,107.33
BP00814,BA00187,SAS00814,STD_PSTN_LINE,APSTN_LINE,Antillia PSTN Line,Voice,Active,165.23
BP00815,BA00407,SAS00815,STD_BB_FTTC,ABB_FTTC,Antillia Broadband FTTC,Broadband,Active,150.72
BP00816,BA00644,SAS00816,STD_BB_FTTC,ABB_FTTC,Antillia Broadband FTTC,Broadband,Suspended,243.22
BP00817,BA00465,SAS00817,STD_BB_FTTP,ABB_FTTP,Antillia Broadband FTTP,Broadband,Active,144.64
BP00818,BA00787,SAS00818,STD_PSTN_LINE,APSTN_LINE,Antillia PSTN Line,Voice,Active,96.27
BP00819,BA00350,SAS00819,STD_BB_FTTC,ABB_FTTC,Antillia Broadband FTTC,Broadband,Inactive,131.07
BP00820,BA00685,SAS00820,STD_PSTN_LINE,APSTN_LINE,Antillia PSTN Line,Voice,Suspended,195.08
BP00821,BA00437,SAS00821,STD_PSTN_LINE,APSTN_LINE,Antillia PSTN Line,Voice,Active,241.82
BP00822,BA00469,SAS00822,STD_BB_FTTC,ABB_FTTC,Antillia Broadband FTTC,Broadband,Inactive,45.9
BP00823,BA00356,SAS00823,STD_BB_FTTP,ABB_FTTP,Antillia Broadband FTTP,Broadband,Active,119.19
BP00824,BA00888,ORPHAN_AS00824,STD_BB_FTTC,ABB_FTTC,Antillia Broadband FTTC,Broadband,Ceased,60.37
BP00825,BA00524,SAS00825,STD_PSTN_LINE,APSTN_LINE,Antillia PSTN Line,Voice,Active,212.88
BP00826,BA00752,ORPHAN_AS00826,STD_PSTN_LINE,APSTN_LINE,Antillia PSTN Line,Voice,Inactive,139.93
BP00827,BA00544,SAS00827,STD_BB_FTTC,ABB_FTTC,Antillia Broadband FTTC,Broadband,Active,203.66
BP00828,BA00970,SAS00828,STD_PSTN_LINE,APSTN_LINE,Antillia PSTN Line,Voice,Ceased,56.69
BP00829,BA00651,SAS00829,STD_BB_FTTP,ABB_FTTP,Antillia Broadband FTTP,Broadband,Active,161.42
BP00830,BA00156,SAS00830,STD_BB_FTTC,ABB_FTTC,Antillia Broadband FTTC,Broadband,Active,239.59
BP00831,BA00051,SAS00831,STD_PSTN_LINE,APSTN_LINE,Antillia PSTN Line,Voice,Ceased,238.14
BP00832,BA00996,SAS00832,STD_BB_FTTC,ABB_FTTC,Antillia Broadband FTTC,Broadband,Active,128.56
BP00833,BA00308,SAS00833,STD_BB_FTTC,ABB_FTTC,Antillia Broadband FTTC,Broadband,Active,76.31
BP00834,BA00946,SAS00834,STD_BB_FTTC,ABB_FTTC,Antillia Broadband FTTC,Broadband,Inactive,155.8
BP00835,BA00144,SAS00835,STD_BB_FTTC,ABB_FTTC,Antillia Broadband FTTC,Broadband,Active,208.81
BP00836,BA00974,SAS00836,STD_BB_FTTC,ABB_FTTC,Antillia Broadband FTTC,Broadband,Ceased,108.77
BP00837,BA00606,SAS00837,STD_BB_FTTP,ABB_FTTP,Antillia Broadband FTTP,Broadband,Active,211.56
BP00838,BA00283,SAS00838,STD_BB_FTTP,ABB_FTTP,Antillia Broadband FTTP,Broadband,Active,111.13
BP00839,BA00689,SAS00839,STD_BB_FTTP,ABB_FTTP,Antillia Broadband FTTP,Broadband,Active,120.86
BP00840,BA00012,SAS00840,STD_BB_FTTC,ABB_FTTC,Antillia Broadband FTTC,Broadband,Active,138.78
BP00841,BA00613,SAS00841,STD_BB_FTTP,ABB_FTTP,Antillia Broadband FTTP,Broadband,Active,171.22
BP00842,BA00761,SAS00842,STD_BB_FTTC,ABB_FTTC,Antillia Broadband FTTC,Broadband,Active,53.65
BP00843,BA00738,SAS00843,STD_PSTN_LINE,APSTN_LINE,Antillia PSTN Line,Voice,Active,81.13
BP00844,BA00913,SAS00844,STD_BB_FTTP,ABB_FTTP,Antillia Broadband FTTP,Broadband,Active,163.44
BP00845,BA00727,SAS00845,STD_BB_FTTP,ABB_FTTP,Antillia Broadband FTTP,Broadband,Active,202.31
BP00846,BA00106,SAS00846,STD_BB_FTTC,ABB_FTTC,Antillia Broadband FTTC,Broadband,Active,187.77
BP00847,BA00248,SAS00847,STD_BB_FTTP,ABB_FTTP,Antillia Broadband FTTP,Broadband,Suspended,172.26
BP00848,BA00432,SAS00848,STD_BB_FTTP,ABB_FTTP,Antillia Broadband FTTP,Broadband,Active,42.4
BP00849,BA00751,SAS00849,STD_BB_FTTP,ABB_FTTP,Antillia Broadband FTTP,Broadband,Active,76.39
BP00850,BA00857,SAS00850,STD_BB_FTTP,ABB_FTTP,Antillia Broadband FTTP,Broadband,Active,100.75
BP00851,BA00498,SAS00851,STD_PSTN_LINE,APSTN_LINE,Antillia PSTN Line,Voice,Active,132.83
BP00852,BA00107,SAS00852,STD_BB_FTTP,ABB_FTTP,Antillia Broadband FTTP,Broadband,Ceased,209.69
BP00853,BA00580,SAS00853,STD_BB_FTTC,ABB_FTTC,Antillia Broadband FTTC,Broadband,Active,138.4
BP00854,BA00617,SAS00854,STD_BB_FTTP,ABB_FTTP,Antillia Broadband FTTP,Broadband,Active,212.46
BP00855,BA00098,ORPHAN_AS00855,STD_PSTN_LINE,APSTN_LINE,Antillia PSTN Line,Voice,Active,195.26
BP00856,BA00926,SAS00856,STD_BB_FTTP,ABB_FTTP,Antillia Broadband FTTP,Broadband,Active,207.15
BP00857,BA00663,ORPHAN_AS00857,STD_PSTN_LINE,APSTN_LINE,Antillia PSTN Line,Voice,Inactive,215.72
BP00858,BA00963,SAS00858,STD_PSTN_LINE,APSTN_LINE,Antillia PSTN Line,Voice,Active,204.81
BP00859,BA00930,SAS00859,STD_BB_FTTP,ABB_FTTP,Antillia Broadband FTTP,Broadband,Active,149.53
BP00860,BA00102,SAS00860,STD_PSTN_LINE,APSTN_LINE,Antillia PSTN Line,Voice,Active,113.62
BP00861,BA00913,SAS00861,STD_BB_FTTP,ABB_FTTP,Antillia Broadband FTTP,Broadband,Active,207.86
BP00862,BA00255,SAS00862,STD_BB_FTTC,ABB_FTTC,Antillia Broadband FTTC,Broadband,Active,199.82
BP00863,BA00651,SAS00863,STD_BB_FTTC,ABB_FTTC,Antillia Broadband FTTC,Broadband,Active,202.12
BP00864,BA00561,SAS00864,STD_BB_FTTC,ABB_FTTC,Antillia Broadband FTTC,Broadband,Active,189.84
BP00865,BA00177,SAS00865,STD_PSTN_LINE,APSTN_LINE,Antillia PSTN Line,Voice,Suspended,216.74
BP00866,BA00758,SAS00866,STD_BB_FTTP,ABB_FTTP,Antillia Broadband FTTP,Broadband,Inactive,242.09
BP00867,BA00937,SAS00867,STD_BB_FTTC,ABB_FTTC,Antillia Broadband FTTC,Broadband,Inactive,166.35
BP00868,BA00191,SAS00868,STD_PSTN_LINE,APSTN_LINE,Antillia PSTN Line,Voice,Inactive,64.9
BP00869,BA00346,SAS00869,STD_PSTN_LINE,APSTN_LINE,Antillia PSTN Line,Voice,Inactive,225.82
BP00870,BA00331,SAS00870,STD_BB_FTTP,ABB_FTTP,Antillia Broadband FTTP,Broadband,Active,62.03
BP00871,BA00658,SAS00871,STD_BB_FTTP,ABB_FTTP,Antillia Broadband FTTP,Broadband,Active,193.57
BP00872,BA00713,SAS00872,STD_BB_FTTP,ABB_FTTP,Antillia Broadband FTTP,Broadband,Active,39.66
BP00873,BA00680,SAS00873,STD_BB_FTTC,ABB_FTTC,Antillia Broadband FTTC,Broadband,Active,79.1
BP00874,BA00407,SAS00874,STD_BB_FTTC,ABB_FTTC,Antillia Broadband FTTC,Broadband,Active,107.38
BP00875,BA00898,SAS00875,STD_BB_FTTC,ABB_FTTC,Antillia Broadband FTTC,Broadband,Suspended,86.19
BP00876,BA00231,ORPHAN_AS00876,STD_BB_FTTP,ABB_FTTP,Antillia Broadband FTTP,Broadband,Active,27.46
BP00877,BA00281,SAS00877,STD_BB_FTTC,ABB_FTTC,Antillia Broadband FTTC,Broadband,Active,70.08
BP00878,BA00897,SAS00878,STD_BB_FTTP,ABB_FTTP,Antillia Broadband FTTP,Broadband,Active,168.31
BP00879,BA00250,ORPHAN_AS00879,STD_BB_FTTP,ABB_FTTP,Antillia Broadband FTTP,Broadband,Ceased,216.95
BP00880,BA00570,SAS00880,STD_PSTN_LINE,APSTN_LINE,Antillia PSTN Line,Voice,Active,149.8
BP00881,BA00595,SAS00881,STD_PSTN_LINE,APSTN_LINE,Antillia PSTN Line,Voice,Active,151.51
BP00882,BA00268,SAS00882,STD_BB_FTTP,ABB_FTTP,Antillia Broadband FTTP,Broadband,Active,245.8
BP00883,BA00380,SAS00883,STD_PSTN_LINE,APSTN_LINE,Antillia PSTN Line,Voice,Active,232.72
BP00884,BA00079,SAS00884,STD_PSTN_LINE,APSTN_LINE,Antillia PSTN Line,Voice,Ceased,49.2
BP00885,BA00253,SAS00885,STD_BB_FTTP,ABB_FTTP,Antillia Broadband FTTP,Broadband,Inactive,152.32
BP00886,BA00520,SAS00886,STD_BB_FTTC,ABB_FTTC,Antillia Broadband FTTC,Broadband,Active,142.2
BP00887,BA00234,SAS00887,STD_BB_FTTC,ABB_FTTC,Antillia Broadband FTTC,Broadband,Inactive,184.47
BP00888,BA00230,SAS00888,STD_PSTN_LINE,APSTN_LINE,Antillia PSTN Line,Voice,Active,151.23
BP00889,BA00510,SAS00889,STD_BB_FTTC,ABB_FTTC,Antillia Broadband FTTC,Broadband,Active,33.0
BP00890,BA00460,ORPHAN_AS00890,STD_PSTN_LINE,APSTN_LINE,Antillia PSTN Line,Voice,Active,31.35
BP00891,BA00152,SAS00891,STD_PSTN_LINE,APSTN_LINE,Antillia PSTN Line,Voice,Active,100.22
BP00892,BA00259,SAS00892,STD_BB_FTTC,ABB_FTTC,Antillia Broadband FTTC,Broadband,Ceased,186.84
BP00893,BA00722,SAS00893,STD_BB_FTTP,ABB_FTTP,Antillia Broadband FTTP,Broadband,Inactive,48.94
BP00894,BA00318,SAS00894,STD_BB_FTTP,ABB_FTTP,Antillia Broadband FTTP,Broadband,Active,174.52
BP00895,BA00897,SAS00895,STD_PSTN_LINE,APSTN_LINE,Antillia PSTN Line,Voice,Active,112.46
BP00896,BA00601,SAS00896,STD_BB_FTTC,ABB_FTTC,Antillia Broadband FTTC,Broadband,Active,19.57
BP00897,BA00367,SAS00897,STD_PSTN_LINE,APSTN_LINE,Antillia PSTN Line,Voice,Active,197.71
BP00898,BA00424,ORPHAN_AS00898,STD_PSTN_LINE,APSTN_LINE,Antillia PSTN Line,Voice,Inactive,187.95
BP00899,BA00778,SAS00899,STD_BB_FTTC,ABB_FTTC,Antillia Broadband FTTC,Broadband,Ceased,211.89
BP00900,BA00747,SAS00900,STD_BB_FTTP,ABB_FTTP,Antillia Broadband FTTP,Broadband,Active,38.67
BP00901,BA00972,SAS00901,STD_PSTN_LINE,APSTN_LINE,Antillia PSTN Line,Voice,Active,204.74
BP00902,BA00868,SAS00902,STD_BB_FTTP,ABB_FTTP,Antillia Broadband FTTP,Broadband,Active,40.24
BP00903,BA00901,SAS00903,STD_BB_FTTP,ABB_FTTP,Antillia Broadband FTTP,Broadband,Active,39.05
BP00904,BA00360,SAS00904,STD_PSTN_LINE,APSTN_LINE,Antillia PSTN Line,Voice,Ceased,164.86
BP00905,BA00537,SAS00905,STD_PSTN_LINE,APSTN_LINE,Antillia PSTN Line,Voice,Active,222.0
BP00906,BA00700,SAS00906,STD_BB_FTTP,ABB_FTTP,Antillia Broadband FTTP,Broadband,Active,57.1
BP00907,BA00005,SAS00907,STD_PSTN_LINE,APSTN_LINE,Antillia PSTN Line,Voice,Active,89.05
BP00908,BA00384,SAS00908,STD_BB_FTTP,ABB_FTTP,Antillia Broadband FTTP,Broadband,Suspended,239.73
BP00909,BA00187,SAS00909,STD_BB_FTTC,ABB_FTTC,Antillia Broadband FTTC,Broadband,Active,244.38
BP00910,BA00159,SAS00910,STD_BB_FTTC,ABB_FTTC,Antillia Broadband FTTC,Broadband,Active,151.16
BP00911,BA00901,SAS00911,STD_BB_FTTC,ABB_FTTC,Antillia Broadband FTTC,Broadband,Inactive,135.7
BP00912,BA00638,SAS00912,STD_BB_FTTC,ABB_FTTC,Antillia Broadband FTTC,Broadband,Active,142.72
BP00913,BA00827,SAS00913,STD_BB_FTTP,ABB_FTTP,Antillia Broadband FTTP,Broadband,Ceased,234.93
BP00914,BA00605,SAS00914,STD_BB_FTTP,ABB_FTTP,Antillia Broadband FTTP,Broadband,Active,226.85
BP00915,BA00628,SAS00915,STD_PSTN_LINE,APSTN_LINE,Antillia PSTN Line,Voice,Suspended,235.57
BP00916,BA00399,SAS00916,STD_BB_FTTC,ABB_FTTC,Antillia Broadband FTTC,Broadband,Inactive,237.01
BP00917,BA00253,ORPHAN_AS00917,STD_BB_FTTP,ABB_FTTP,Antillia Broadband FTTP,Broadband,Active,73.55
BP00918,BA00414,SAS00918,STD_PSTN_LINE,APSTN_LINE,Antillia PSTN Line,Voice,Active,31.6
BP00919,BA00864,SAS00919,STD_BB_FTTP,ABB_FTTP,Antillia Broadband FTTP,Broadband,Suspended,182.17
BP00920,BA00533,ORPHAN_AS00920,STD_BB_FTTC,ABB_FTTC,Antillia Broadband FTTC,Broadband,Active,169.91
BP00921,BA00720,SAS00921,STD_PSTN_LINE,APSTN_LINE,Antillia PSTN Line,Voice,Active,109.45
BP00922,BA00329,SAS00922,STD_PSTN_LINE,APSTN_LINE,Antillia PSTN Line,Voice,Active,195.14
BP00923,BA00414,SAS00923,STD_PSTN_LINE,APSTN_LINE,Antillia PSTN Line,Voice,Active,37.11
BP00924,BA00575,SAS00924,STD_BB_FTTC,ABB_FTTC,Antillia Broadband FTTC,Broadband,Active,108.2
BP00925,BA00295,SAS00925,STD_PSTN_LINE,APSTN_LINE,Antillia PSTN Line,Voice,Inactive,180.15
BP00926,BA00970,ORPHAN_AS00926,STD_PSTN_LINE,APSTN_LINE,Antillia PSTN Line,Voice,Active,224.97
BP00927,BA00178,SAS00927,STD_BB_FTTP,ABB_FTTP,Antillia Broadband FTTP,Broadband,Active,189.51
BP00928,BA00311,ORPHAN_AS00928,STD_BB_FTTP,ABB_FTTP,Antillia Broadband FTTP,Broadband,Active,99.61
BP00929,BA00701,SAS00929,STD_PSTN_LINE,APSTN_LINE,Antillia PSTN Line,Voice,Suspended,189.34
BP00930,BA00380,SAS00930,STD_BB_FTTC,ABB_FTTC,Antillia Broadband FTTC,Broadband,Active,28.38
BP00931,BA00191,SAS00931,STD_BB_FTTP,ABB_FTTP,Antillia Broadband FTTP,Broadband,Suspended,183.28
BP00932,BA00212,SAS00932,STD_BB_FTTP,ABB_FTTP,Antillia Broadband FTTP,Broadband,Active,160.22
BP00933,BA00922,SAS00933,STD_BB_FTTP,ABB_FTTP,Antillia Broadband FTTP,Broadband,Active,232.44
BP00934,BA00834,SAS00934,STD_BB_FTTP,ABB_FTTP,Antillia Broadband FTTP,Broadband,Suspended,94.73
BP00935,BA00234,SAS00935,STD_PSTN_LINE,APSTN_LINE,Antillia PSTN Line,Voice,Active,212.37
BP00936,BA00253,SAS00936,STD_PSTN_LINE,APSTN_LINE,Antillia PSTN Line,Voice,Active,77.9
BP00937,BA00728,SAS00937,STD_BB_FTTC,ABB_FTTC,Antillia Broadband FTTC,Broadband,Suspended,163.28
BP00938,BA00755,SAS00938,STD_BB_FTTP,ABB_FTTP,Antillia Broadband FTTP,Broadband,Suspended,112.94
BP00939,BA00387,SAS00939,STD_PSTN_LINE,APSTN_LINE,Antillia PSTN Line,Voice,Active,227.05
BP00940,BA00615,SAS00940,STD_PSTN_LINE,APSTN_LINE,Antillia PSTN Line,Voice,Active,178.67
BP00941,BA00132,SAS00941,STD_BB_FTTP,ABB_FTTP,Antillia Broadband FTTP,Broadband,Active,69.73
BP00942,BA00924,SAS00942,STD_BB_FTTC,ABB_FTTC,Antillia Broadband FTTC,Broadband,Inactive,33.43
BP00943,BA00758,SAS00943,STD_PSTN_LINE,APSTN_LINE,Antillia PSTN Line,Voice,Active,175.97
BP00944,BA00550,SAS00944,STD_BB_FTTC,ABB_FTTC,Antillia Broadband FTTC,Broadband,Active,216.48
BP00945,BA00405,SAS00945,STD_BB_FTTP,ABB_FTTP,Antillia Broadband FTTP,Broadband,Inactive,223.09
BP00946,BA00510,SAS00946,STD_BB_FTTP,ABB_FTTP,Antillia Broadband FTTP,Broadband,Active,138.23
BP00947,BA00115,SAS00947,STD_BB_FTTC,ABB_FTTC,Antillia Broadband FTTC,Broadband,Active,211.28
BP00948,BA00826,SAS00948,STD_BB_FTTC,ABB_FTTC,Antillia Broadband FTTC,Broadband,Active,119.14
BP00949,BA00453,SAS00949,STD_BB_FTTC,ABB_FTTC,Antillia Broadband FTTC,Broadband,Active,27.52
BP00950,BA00194,SAS00950,STD_PSTN_LINE,APSTN_LINE,Antillia PSTN Line,Voice,Inactive,186.18
BP00951,BA00157,ORPHAN_AS00951,STD_BB_FTTC,ABB_FTTC,Antillia Broadband FTTC,Broadband,Active,238.5
BP00952,BA00206,SAS00952,STD_BB_FTTP,ABB_FTTP,Antillia Broadband FTTP,Broadband,Suspended,31.09
BP00953,BA00518,SAS00953,STD_BB_FTTC,ABB_FTTC,Antillia Broadband FTTC,Broadband,Active,60.68
BP00954,BA00450,SAS00954,STD_PSTN_LINE,APSTN_LINE,Antillia PSTN Line,Voice,Active,120.2
BP00955,BA00295,SAS00955,STD_BB_FTTP,ABB_FTTP,Antillia Broadband FTTP,Broadband,Active,51.26
BP00956,BA00702,ORPHAN_AS00956,STD_BB_FTTC,ABB_FTTC,Antillia Broadband FTTC,Broadband,Active,138.19
BP00957,BA00742,SAS00957,STD_PSTN_LINE,APSTN_LINE,Antillia PSTN Line,Voice,Ceased,103.93
BP00958,BA00240,SAS00958,STD_BB_FTTC,ABB_FTTC,Antillia Broadband FTTC,Broadband,Active,18.79
BP00959,BA00581,SAS00959,STD_PSTN_LINE,APSTN_LINE,Antillia PSTN Line,Voice,Active,70.09
BP00960,BA00076,SAS00960,STD_BB_FTTC,ABB_FTTC,Antillia Broadband FTTC,Broadband,Active,209.17
BP00961,BA00396,SAS00961,STD_PSTN_LINE,APSTN_LINE,Antillia PSTN Line,Voice,Active,160.92
BP00962,BA00700,SAS00962,STD_BB_FTTP,ABB_FTTP,Antillia Broadband FTTP,Broadband,Active,76.01
BP00963,BA00491,SAS00963,STD_BB_FTTP,ABB_FTTP,Antillia Broadband FTTP,Broadband,Suspended,53.53
BP00964,BA00148,SAS00964,STD_BB_FTTP,ABB_FTTP,Antillia Broadband FTTP,Broadband,Active,187.59
BP00965,BA00264,SAS00965,STD_PSTN_LINE,APSTN_LINE,Antillia PSTN Line,Voice,Suspended,103.39
BP00966,BA00148,SAS00966,STD_PSTN_LINE,APSTN_LINE,Antillia PSTN Line,Voice,Active,113.21
BP00967,BA00412,SAS00967,STD_BB_FTTP,ABB_FTTP,Antillia Broadband FTTP,Broadband,Active,163.35
BP00968,BA00905,SAS00968,STD_BB_FTTC,ABB_FTTC,Antillia Broadband FTTC,Broadband,Active,188.16
BP00969,BA00373,SAS00969,STD_PSTN_LINE,APSTN_LINE,Antillia PSTN Line,Voice,Active,172.37
BP00970,BA00252,SAS00970,STD_BB_FTTC,ABB_FTTC,Antillia Broadband FTTC,Broadband,Active,62.3
BP00971,BA00676,SAS00971,STD_PSTN_LINE,APSTN_LINE,Antillia PSTN Line,Voice,Inactive,102.31
BP00972,BA00812,SAS00972,STD_BB_FTTC,ABB_FTTC,Antillia Broadband FTTC,Broadband,Active,167.41
BP00973,BA00112,SAS00973,STD_PSTN_LINE,APSTN_LINE,Antillia PSTN Line,Voice,Active,122.94
BP00974,BA00891,SAS00974,STD_BB_FTTC,ABB_FTTC,Antillia Broadband FTTC,Broadband,Active,29.81
BP00975,BA00161,SAS00975,STD_BB_FTTC,ABB_FTTC,Antillia Broadband FTTC,Broadband,Active,235.41
BP00976,BA00025,SAS00976,STD_BB_FTTC,ABB_FTTC,Antillia Broadband FTTC,Broadband,Active,107.55
BP00977,BA00764,SAS00977,STD_PSTN_LINE,APSTN_LINE,Antillia PSTN Line,Voice,Active,196.46
BP00978,BA00821,SAS00978,STD_BB_FTTP,ABB_FTTP,Antillia Broadband FTTP,Broadband,Active,113.42
BP00979,BA00134,SAS00979,STD_PSTN_LINE,APSTN_LINE,Antillia PSTN Line,Voice,Inactive,130.91
BP00980,BA00544,SAS00980,STD_BB_FTTC,ABB_FTTC,Antillia Broadband FTTC,Broadband,Inactive,221.21
BP00981,BA00088,SAS00981,STD_BB_FTTP,ABB_FTTP,Antillia Broadband FTTP,Broadband,Active,231.48
BP00982,BA00093,SAS00982,STD_BB_FTTC,ABB_FTTC,Antillia Broadband FTTC,Broadband,Active,227.22
BP00983,BA00219,SAS00983,STD_PSTN_LINE,APSTN_LINE,Antillia PSTN Line,Voice,Active,33.32
BP00984,BA00927,SAS00984,STD_BB_FTTC,ABB_FTTC,Antillia Broadband FTTC,Broadband,Inactive,128.22
BP00985,BA00104,SAS00985,STD_PSTN_LINE,APSTN_LINE,Antillia PSTN Line,Voice,Inactive,55.08
BP00986,BA00122,SAS00986,STD_BB_FTTC,ABB_FTTC,Antillia Broadband FTTC,Broadband,Active,161.44
BP00987,BA00481,SAS00987,STD_PSTN_LINE,APSTN_LINE,Antillia PSTN Line,Voice,Active,83.25
BP00988,BA00117,SAS00988,STD_PSTN_LINE,APSTN_LINE,Antillia PSTN Line,Voice,Active,52.02
BP00989,BA00139,SAS00989,STD_BB_FTTP,ABB_FTTP,Antillia Broadband FTTP,Broadband,Suspended,127.69
BP00990,BA00601,SAS00990,STD_PSTN_LINE,APSTN_LINE,Antillia PSTN Line,Voice,Active,207.76
BP00991,BA00187,SAS00991,STD_BB_FTTP,ABB_FTTP,Antillia Broadband FTTP,Broadband,Active,22.61
BP00992,BA00353,SAS00992,STD_BB_FTTC,ABB_FTTC,Antillia Broadband FTTC,Broadband,Suspended,247.17
BP00993,BA00139,ORPHAN_AS00993,STD_BB_FTTP,ABB_FTTP,Antillia Broadband FTTP,Broadband,Active,175.15
BP00994,BA00958,SAS00994,STD_BB_FTTC,ABB_FTTC,Antillia Broadband FTTC,Broadband,Inactive,173.19
BP00995,BA00729,SAS00995,STD_BB_FTTC,ABB_FTTC,Antillia Broadband FTTC,Broadband,Inactive,200.49
BP00996,BA00507,SAS00996,STD_BB_FTTP,ABB_FTTP,Antillia Broadband FTTP,Broadband,Active,224.72
BP00997,BA00872,SAS00997,STD_BB_FTTC,ABB_FTTC,Antillia Broadband FTTC,Broadband,Active,137.11
BP00998,BA00025,SAS00998,STD_BB_FTTC,ABB_FTTC,Antillia Broadband FTTC,Broadband,Active,228.15
BP00999,BA00314,SAS00999,STD_BB_FTTP,ABB_FTTP,Antillia Broadband FTTP,Broadband,Active,249.11
BP01000,BA00778,SAS01000,STD_BB_FTTC,ABB_FTTC,Antillia Broadband FTTC,Broadband,Active,170.98
