billing_product_id,attribute_name,attribute_value
BP00001,Asset ID,ORPHAN_AS00001
BP00001,Access Line ID,AL000001
BP00001,Circuit ID,CIR000001
BP00002,Asset ID,SAS00002
BP00002,Access Line ID,AL000002
BP00002,Circuit ID,CIR000002
BP00003,Asset ID,SAS00003
BP00003,Access Line ID,AL000003
BP00003,Circuit ID,CIR000003
BP00004,Asset ID,SAS00004
BP00004,Access Line ID,AL000004
BP00004,Circuit ID,CIR000004
BP00005,Asset ID,SAS00005
BP00005,Access Line ID,AL000005
BP00005,Circuit ID,CIR000005
BP00006,Asset ID,SAS00006
BP00006,Access Line ID,AL000006
BP00006,Circuit ID,CIR000006
BP00007,Asset ID,SAS00007
BP00007,Access Line ID,AL000007
BP00007,Circuit ID,CIR000007
BP00008,Asset ID,SAS00008
BP00008,Access Line ID,AL000008
BP00008,Circuit ID,CIR000008
BP00009,Asset ID,SAS00009
BP00009,Access Line ID,AL000009
BP00009,Circuit ID,CIR000009
BP00010,Asset ID,SAS00010
BP00010,Access Line ID,AL000010
BP00010,Circuit ID,CIR000010
BP00011,Asset ID,SAS00011
BP00011,Access Line ID,AL000011
BP00011,Circuit ID,CIR000011
BP00012,Asset ID,SAS00012
BP00012,Access Line ID,AL000012
BP00012,Circuit ID,CIR000012
BP00013,Asset ID,SAS00013
BP00013,Access Line ID,AL000013
BP00013,Circuit ID,CIR000013
BP00014,Asset ID,SAS00014
BP00014,Access Line ID,AL000014
BP00014,Circuit ID,CIR000014
BP00015,Asset ID,SAS00015
BP00015,Access Line ID,AL000015
BP00015,Circuit ID,CIR000015
BP00016,Asset ID,SAS00016
BP00016,Access Line ID,AL000016
BP00016,Circuit ID,CIR000016
BP00017,Asset ID,SAS00017
BP00017,Access Line ID,AL000017
BP00017,Circuit ID,CIR000017
BP00018,Asset ID,SAS00018
BP00018,Access Line ID,AL000018
BP00018,Circuit ID,CIR000018
BP00019,Asset ID,SAS00019
BP00019,Access Line ID,AL000019
BP00019,Circuit ID,CIR000019
BP00020,Asset ID,SAS00020
BP00020,Access Line ID,AL000020
BP00020,Circuit ID,CIR000020
BP00021,Asset ID,SAS00021
BP00021,Access Line ID,AL000021
BP00021,Circuit ID,CIR000021
BP00022,Asset ID,SAS00022
BP00022,Access Line ID,AL000022
BP00022,Circuit ID,CIR000022
BP00023,Asset ID,SAS00023
BP00023,Access Line ID,AL000023
BP00023,Circuit ID,CIR000023
BP00024,Asset ID,SAS00024
BP00024,Access Line ID,AL000024
BP00024,Circuit ID,CIR000024
BP00025,Asset ID,SAS00025
BP00025,Access Line ID,AL000025
BP00025,Circuit ID,CIR000025
BP00026,Asset ID,SAS00026
BP00026,Access Line ID,AL000026
BP00026,Circuit ID,CIR000026
BP00027,Asset ID,SAS00027
BP00027,Access Line ID,AL000027
BP00027,Circuit ID,CIR000027
BP00028,Asset ID,SAS00028
BP00028,Access Line ID,AL000028
BP00028,Circuit ID,CIR000028
BP00029,Asset ID,SAS00029
BP00029,Access Line ID,AL000029
BP00029,Circuit ID,CIR000029
BP00030,Asset ID,ORPHAN_AS00030
BP00030,Access Line ID,AL000030
BP00030,Circuit ID,CIR000030
BP00031,Asset ID,SAS00031
BP00031,Access Line ID,AL000031
BP00031,Circuit ID,CIR000031
BP00032,Asset ID,SAS00032
BP00032,Access Line ID,AL000032
BP00032,Circuit ID,CIR000032
BP00033,Asset ID,SAS00033
BP00033,Access Line ID,AL000033
BP00033,Circuit ID,CIR000033
BP00034,Asset ID,SAS00034
BP00034,Access Line ID,AL000034
BP00034,Circuit ID,CIR000034
BP00035,Asset ID,SAS00035
BP00035,Access Line ID,AL000035
BP00035,Circuit ID,CIR000035
BP00036,Asset ID,SAS00036
BP00036,Access Line ID,AL000036
BP00036,Circuit ID,CIR000036
BP00037,Asset ID,SAS00037
BP00037,Access Line ID,AL000037
BP00037,Circuit ID,CIR000037
BP00038,Asset ID,ORPHAN_AS00038
BP00038,Access Line ID,AL000038
BP00038,Circuit ID,CIR000038
BP00039,Asset ID,SAS00039
BP00039,Access Line ID,AL000039
BP00039,Circuit ID,CIR000039
BP00040,Asset ID,SAS00040
BP00040,Access Line ID,AL000040
BP00040,Circuit ID,CIR000040
BP00041,Asset ID,SAS00041
BP00041,Access Line ID,AL000041
BP00041,Circuit ID,CIR000041
BP00042,Asset ID,SAS00042
BP00042,Access Line ID,AL000042
BP00042,Circuit ID,CIR000042
BP00043,Asset ID,SAS00043
BP00043,Access Line ID,AL000043
BP00043,Circuit ID,CIR000043
BP00044,Asset ID,SAS00044
BP00044,Access Line ID,AL000044
BP00044,Circuit ID,CIR000044
BP00045,Asset ID,SAS00045
BP00045,Access Line ID,ALX000045
BP00045,Circuit ID,CIR000045
BP00046,Asset ID,SAS00046
BP00046,Access Line ID,AL000046
BP00046,Circuit ID,CIR000046
BP00047,Asset ID,SAS00047
BP00047,Access Line ID,AL000047
BP00047,Circuit ID,CIR000047
BP00048,Asset ID,SAS00048
BP00048,Access Line ID,AL000048
BP00048,Circuit ID,CIR000048
BP00049,Asset ID,ORPHAN_AS00049
BP00049,Access Line ID,AL000049
BP00049,Circuit ID,CIR000049
BP00050,Asset ID,SAS00050
BP00050,Access Line ID,AL000050
BP00050,Circuit ID,CIR000050
BP00051,Asset ID,SAS00051
BP00051,Access Line ID,AL000051
BP00051,Circuit ID,CIR000051
BP00052,Asset ID,SAS00052
BP00052,Access Line ID,AL000052
BP00052,Circuit ID,CIR000052
BP00053,Asset ID,SAS00053
BP00053,Access Line ID,AL000053
BP00053,Circuit ID,CIR000053
BP00054,Asset ID,SAS00054
BP00054,Access Line ID,AL000054
BP00054,Circuit ID,CIR000054
BP00055,Asset ID,SAS00055
BP00055,Access Line ID,AL000055
BP00055,Circuit ID,CIR000055
BP00056,Asset ID,SAS00056
BP00056,Access Line ID,AL000056
BP00056,Circuit ID,CIR000056
BP00057,Asset ID,SAS00057
BP00057,Access Line ID,AL000057
BP00057,Circuit ID,CIR000057
BP00058,Asset ID,SAS00058
BP00058,Access Line ID,AL000058
BP00058,Circuit ID,CIR000058
BP00059,Asset ID,ORPHAN_AS00059
BP00059,Access Line ID,AL000059
BP00059,Circuit ID,CIR000059
BP00060,Asset ID,SAS00060
BP00060,Access Line ID,AL000060
BP00060,Circuit ID,CIR000060
BP00061,Asset ID,SAS00061
BP00061,Access Line ID,AL000061
BP00061,Circuit ID,CIR000061
BP00062,Asset ID,SAS00062
BP00062,Access Line ID,AL000062
BP00062,Circuit ID,CIR000062
BP00063,Asset ID,SAS00063
BP00063,Access Line ID,AL000063
BP00063,Circuit ID,CIR000063
BP00064,Asset ID,ORPHAN_AS00064
BP00064,Access Line ID,ALX000064
BP00064,Circuit ID,CIR000064
BP00065,Asset ID,SAS00065
BP00065,Access Line ID,ALX000065
BP00065,Circuit ID,CIR000065
BP00066,Asset ID,SAS00066
BP00066,Access Line ID,AL000066
BP00066,Circuit ID,CIR000066
BP00067,Asset ID,SAS00067
BP00067,Access Line ID,AL000067
BP00067,Circuit ID,CIR000067
BP00068,Asset ID,SAS00068
BP00068,Access Line ID,AL000068
BP00068,Circuit ID,CIR000068
BP00069,Asset ID,SAS00069
BP00069,Access Line ID,AL000069
BP00069,Circuit ID,CIR000069
BP00070,Asset ID,SAS00070
BP00070,Access Line ID,ALX000070
BP00070,Circuit ID,CIR000070
BP00071,Asset ID,SAS00071
BP00071,Access Line ID,AL000071
BP00071,Circuit ID,CIR000071
BP00072,Asset ID,SAS00072
BP00072,Access Line ID,AL000072
BP00072,Circuit ID,CIR000072
BP00073,Asset ID,ORPHAN_AS00073
BP00073,Access Line ID,AL000073
BP00073,Circuit ID,CIR000073
BP00074,Asset ID,SAS00074
BP00074,Access Line ID,AL000074
BP00074,Circuit ID,CIR000074
BP00075,Asset ID,SAS00075
BP00075,Access Line ID,AL000075
BP00075,Circuit ID,CIR000075
BP00076,Asset ID,SAS00076
BP00076,Access Line ID,AL000076
BP00076,Circuit ID,CIR000076
BP00077,Asset ID,SAS00077
BP00077,Access Line ID,AL000077
BP00077,Circuit ID,CIR000077
BP00078,Asset ID,SAS00078
BP00078,Access Line ID,AL000078
BP00078,Circuit ID,CIR000078
BP00079,Asset ID,SAS00079
BP00079,Access Line ID,AL000079
BP00079,Circuit ID,CIR000079
BP00080,Asset ID,SAS00080
BP00080,Access Line ID,AL000080
BP00080,Circuit ID,CIR000080
BP00081,Asset ID,SAS00081
BP00081,Access Line ID,AL000081
BP00081,Circuit ID,CIR000081
BP00082,Asset ID,SAS00082
BP00082,Access Line ID,AL000082
BP00082,Circuit ID,CIR000082
BP00083,Asset ID,SAS00083
BP00083,Access Line ID,AL000083
BP00083,Circuit ID,CIR000083
BP00084,Asset ID,SAS00084
BP00084,Access Line ID,AL000084
BP00084,Circuit ID,CIR000084
BP00085,Asset ID,SAS00085
BP00085,Access Line ID,AL000085
BP00085,Circuit ID,CIR000085
BP00086,Asset ID,SAS00086
BP00086,Access Line ID,AL000086
BP00086,Circuit ID,CIR000086
BP00087,Asset ID,SAS00087
BP00087,Access Line ID,AL000087
BP00087,Circuit ID,CIR000087
BP00088,Asset ID,SAS00088
BP00088,Access Line ID,AL000088
BP00088,Circuit ID,CIR000088
BP00089,Asset ID,SAS00089
BP00089,Access Line ID,AL000089
BP00089,Circuit ID,CIR000089
BP00090,Asset ID,SAS00090
BP00090,Access Line ID,AL000090
BP00090,Circuit ID,CIR000090
BP00091,Asset ID,SAS00091
BP00091,Access Line ID,AL000091
BP00091,Circuit ID,CIR000091
BP00092,Asset ID,SAS00092
BP00092,Access Line ID,AL000092
BP00092,Circuit ID,CIR000092
BP00093,Asset ID,SAS00093
BP00093,Access Line ID,AL000093
BP00093,Circuit ID,CIR000093
BP00094,Asset ID,SAS00094
BP00094,Access Line ID,AL000094
BP00094,Circuit ID,CIR000094
BP00095,Asset ID,SAS00095
BP00095,Access Line ID,AL000095
BP00095,Circuit ID,CIR000095
BP00096,Asset ID,SAS00096
BP00096,Access Line ID,AL000096
BP00096,Circuit ID,CIR000096
BP00097,Asset ID,SAS00097
BP00097,Access Line ID,AL000097
BP00097,Circuit ID,CIR000097
BP00098,Asset ID,SAS00098
BP00098,Access Line ID,AL000098
BP00098,Circuit ID,CIR000098
BP00099,Asset ID,ORPHAN_AS00099
BP00099,Access Line ID,AL000099
BP00099,Circuit ID,CIR000099
BP00100,Asset ID,SAS00100
BP00100,Access Line ID,AL000100
BP00100,Circuit ID,CIR000100
BP00101,Asset ID,SAS00101
BP00101,Access Line ID,AL000101
BP00101,Circuit ID,CIR000101
BP00102,Asset ID,SAS00102
BP00102,Access Line ID,ALX000102
BP00102,Circuit ID,CIR000102
BP00103,Asset ID,SAS00103
BP00103,Access Line ID,AL000103
BP00103,Circuit ID,CIR000103
BP00104,Asset ID,SAS00104
BP00104,Access Line ID,AL000104
BP00104,Circuit ID,CIR000104
BP00105,Asset ID,ORPHAN_AS00105
BP00105,Access Line ID,AL000105
BP00105,Circuit ID,CIR000105
BP00106,Asset ID,SAS00106
BP00106,Access Line ID,AL000106
BP00106,Circuit ID,CIR000106
BP00107,Asset ID,SAS00107
BP00107,Access Line ID,AL000107
BP00107,Circuit ID,CIR000107
BP00108,Asset ID,SAS00108
BP00108,Access Line ID,AL000108
BP00108,Circuit ID,CIR000108
BP00109,Asset ID,SAS00109
BP00109,Access Line ID,AL000109
BP00109,Circuit ID,CIR000109
BP00110,Asset ID,ORPHAN_AS00110
BP00110,Access Line ID,AL000110
BP00110,Circuit ID,CIR000110
BP00111,Asset ID,SAS00111
BP00111,Access Line ID,AL000111
BP00111,Circuit ID,CIR000111
BP00112,Asset ID,SAS00112
BP00112,Access Line ID,AL000112
BP00112,Circuit ID,CIR000112
BP00113,Asset ID,SAS00113
BP00113,Access Line ID,AL000113
BP00113,Circuit ID,CIR000113
BP00114,Asset ID,SAS00114
BP00114,Access Line ID,AL000114
BP00114,Circuit ID,CIR000114
BP00115,Asset ID,SAS00115
BP00115,Access Line ID,AL000115
BP00115,Circuit ID,CIR000115
BP00116,Asset ID,SAS00116
BP00116,Access Line ID,AL000116
BP00116,Circuit ID,CIR000116
BP00117,Asset ID,SAS00117
BP00117,Access Line ID,AL000117
BP00117,Circuit ID,CIR000117
BP00118,Asset ID,ORPHAN_AS00118
BP00118,Access Line ID,AL000118
BP00118,Circuit ID,CIR000118
BP00119,Asset ID,SAS00119
BP00119,Access Line ID,AL000119
BP00119,Circuit ID,CIR000119
BP00120,Asset ID,SAS00120
BP00120,Access Line ID,AL000120
BP00120,Circuit ID,CIR000120
BP00121,Asset ID,SAS00121
BP00121,Access Line ID,AL000121
BP00121,Circuit ID,CIR000121
BP00122,Asset ID,SAS00122
BP00122,Access Line ID,AL000122
BP00122,Circuit ID,CIR000122
BP00123,Asset ID,ORPHAN_AS00123
BP00123,Access Line ID,AL000123
BP00123,Circuit ID,CIR000123
BP00124,Asset ID,SAS00124
BP00124,Access Line ID,AL000124
BP00124,Circuit ID,CIR000124
BP00125,Asset ID,SAS00125
BP00125,Access Line ID,AL000125
BP00125,Circuit ID,CIR000125
BP00126,Asset ID,SAS00126
BP00126,Access Line ID,AL000126
BP00126,Circuit ID,CIR000126
BP00127,Asset ID,SAS00127
BP00127,Access Line ID,AL000127
BP00127,Circuit ID,CIR000127
BP00128,Asset ID,ORPHAN_AS00128
BP00128,Access Line ID,AL000128
BP00128,Circuit ID,CIR000128
BP00129,Asset ID,SAS00129
BP00129,Access Line ID,AL000129
BP00129,Circuit ID,CIR000129
BP00130,Asset ID,SAS00130
BP00130,Access Line ID,AL000130
BP00130,Circuit ID,CIR000130
BP00131,Asset ID,SAS00131
BP00131,Access Line ID,AL000131
BP00131,Circuit ID,CIR000131
BP00132,Asset ID,SAS00132
BP00132,Access Line ID,AL000132
BP00132,Circuit ID,CIR000132
BP00133,Asset ID,SAS00133
BP00133,Access Line ID,AL000133
BP00133,Circuit ID,CIR000133
BP00134,Asset ID,SAS00134
BP00134,Access Line ID,AL000134
BP00134,Circuit ID,CIR000134
BP00135,Asset ID,SAS00135
BP00135,Access Line ID,AL000135
BP00135,Circuit ID,CIR000135
BP00136,Asset ID,SAS00136
BP00136,Access Line ID,AL000136
BP00136,Circuit ID,CIR000136
BP00137,Asset ID,ORPHAN_AS00137
BP00137,Access Line ID,AL000137
BP00137,Circuit ID,CIR000137
BP00138,Asset ID,SAS00138
BP00138,Access Line ID,AL000138
BP00138,Circuit ID,CIR000138
BP00139,Asset ID,SAS00139
BP00139,Access Line ID,ALX000139
BP00139,Circuit ID,CIR000139
BP00140,Asset ID,SAS00140
BP00140,Access Line ID,AL000140
BP00140,Circuit ID,CIR000140
BP00141,Asset ID,SAS00141
BP00141,Access Line ID,ALX000141
BP00141,Circuit ID,CIR000141
BP00142,Asset ID,SAS00142
BP00142,Access Line ID,AL000142
BP00142,Circuit ID,CIR000142
BP00143,Asset ID,SAS00143
BP00143,Access Line ID,AL000143
BP00143,Circuit ID,CIR000143
BP00144,Asset ID,SAS00144
BP00144,Access Line ID,AL000144
BP00144,Circuit ID,CIR000144
BP00145,Asset ID,SAS00145
BP00145,Access Line ID,AL000145
BP00145,Circuit ID,CIR000145
BP00146,Asset ID,SAS00146
BP00146,Access Line ID,AL000146
BP00146,Circuit ID,CIR000146
BP00147,Asset ID,ORPHAN_AS00147
BP00147,Access Line ID,AL000147
BP00147,Circuit ID,CIR000147
BP00148,Asset ID,SAS00148
BP00148,Access Line ID,AL000148
BP00148,Circuit ID,CIR000148
BP00149,Asset ID,SAS00149
BP00149,Access Line ID,AL000149
BP00149,Circuit ID,CIR000149
BP00150,Asset ID,SAS00150
BP00150,Access Line ID,AL000150
BP00150,Circuit ID,CIR000150
BP00151,Asset ID,SAS00151
BP00151,Access Line ID,AL000151
BP00151,Circuit ID,CIR000151
BP00152,Asset ID,SAS00152
BP00152,Access Line ID,AL000152
BP00152,Circuit ID,CIR000152
BP00153,Asset ID,SAS00153
BP00153,Access Line ID,AL000153
BP00153,Circuit ID,CIR000153
BP00154,Asset ID,SAS00154
BP00154,Access Line ID,AL000154
BP00154,Circuit ID,CIR000154
BP00155,Asset ID,ORPHAN_AS00155
BP00155,Access Line ID,AL000155
BP00155,Circuit ID,CIR000155
BP00156,Asset ID,SAS00156
BP00156,Access Line ID,AL000156
BP00156,Circuit ID,CIR000156
BP00157,Asset ID,SAS00157
BP00157,Access Line ID,AL000157
BP00157,Circuit ID,CIR000157
BP00158,Asset ID,SAS00158
BP00158,Access Line ID,AL000158
BP00158,Circuit ID,CIR000158
BP00159,Asset ID,SAS00159
BP00159,Access Line ID,AL000159
BP00159,Circuit ID,CIR000159
BP00160,Asset ID,SAS00160
BP00160,Access Line ID,AL000160
BP00160,Circuit ID,CIR000160
BP00161,Asset ID,SAS00161
BP00161,Access Line ID,AL000161
BP00161,Circuit ID,CIR000161
BP00162,Asset ID,SAS00162
BP00162,Access Line ID,AL000162
BP00162,Circuit ID,CIR000162
BP00163,Asset ID,SAS00163
BP00163,Access Line ID,AL000163
BP00163,Circuit ID,CIR000163
BP00164,Asset ID,SAS00164
BP00164,Access Line ID,AL000164
BP00164,Circuit ID,CIR000164
BP00165,Asset ID,SAS00165
BP00165,Access Line ID,AL000165
BP00165,Circuit ID,CIR000165
BP00166,Asset ID,SAS00166
BP00166,Access Line ID,AL000166
BP00166,Circuit ID,CIR000166
BP00167,Asset ID,SAS00167
BP00167,Access Line ID,AL000167
BP00167,Circuit ID,CIR000167
BP00168,Asset ID,SAS00168
BP00168,Access Line ID,AL000168
BP00168,Circuit ID,CIR000168
BP00169,Asset ID,ORPHAN_AS00169
BP00169,Access Line ID,AL000169
BP00169,Circuit ID,CIR000169
BP00170,Asset ID,SAS00170
BP00170,Access Line ID,ALX000170
BP00170,Circuit ID,CIR000170
BP00171,Asset ID,SAS00171
BP00171,Access Line ID,AL000171
BP00171,Circuit ID,CIR000171
BP00172,Asset ID,SAS00172
BP00172,Access Line ID,AL000172
BP00172,Circuit ID,CIR000172
BP00173,Asset ID,SAS00173
BP00173,Access Line ID,AL000173
BP00173,Circuit ID,CIR000173
BP00174,Asset ID,SAS00174
BP00174,Access Line ID,AL000174
BP00174,Circuit ID,CIR000174
BP00175,Asset ID,ORPHAN_AS00175
BP00175,Access Line ID,AL000175
BP00175,Circuit ID,CIR000175
BP00176,Asset ID,SAS00176
BP00176,Access Line ID,AL000176
BP00176,Circuit ID,CIR000176
BP00177,Asset ID,SAS00177
BP00177,Access Line ID,AL000177
BP00177,Circuit ID,CIR000177
BP00178,Asset ID,SAS00178
BP00178,Access Line ID,AL000178
BP00178,Circuit ID,CIR000178
BP00179,Asset ID,SAS00179
BP00179,Access Line ID,AL000179
BP00179,Circuit ID,CIR000179
BP00180,Asset ID,SAS00180
BP00180,Access Line ID,AL000180
BP00180,Circuit ID,CIR000180
BP00181,Asset ID,SAS00181
BP00181,Access Line ID,ALX000181
BP00181,Circuit ID,CIR000181
BP00182,Asset ID,SAS00182
BP00182,Access Line ID,ALX000182
BP00182,Circuit ID,CIR000182
BP00183,Asset ID,SAS00183
BP00183,Access Line ID,AL000183
BP00183,Circuit ID,CIR000183
BP00184,Asset ID,SAS00184
BP00184,Access Line ID,AL000184
BP00184,Circuit ID,CIR000184
BP00185,Asset ID,SAS00185
BP00185,Access Line ID,AL000185
BP00185,Circuit ID,CIR000185
BP00186,Asset ID,SAS00186
BP00186,Access Line ID,ALX000186
BP00186,Circuit ID,CIR000186
BP00187,Asset ID,SAS00187
BP00187,Access Line ID,AL000187
BP00187,Circuit ID,CIR000187
BP00188,Asset ID,SAS00188
BP00188,Access Line ID,AL000188
BP00188,Circuit ID,CIR000188
BP00189,Asset ID,SAS00189
BP00189,Access Line ID,AL000189
BP00189,Circuit ID,CIR000189
BP00190,Asset ID,SAS00190
BP00190,Access Line ID,AL000190
BP00190,Circuit ID,CIR000190
BP00191,Asset ID,SAS00191
BP00191,Access Line ID,AL000191
BP00191,Circuit ID,CIR000191
BP00192,Asset ID,SAS00192
BP00192,Access Line ID,AL000192
BP00192,Circuit ID,CIR000192
BP00193,Asset ID,SAS00193
BP00193,Access Line ID,AL000193
BP00193,Circuit ID,CIR000193
BP00194,Asset ID,SAS00194
BP00194,Access Line ID,AL000194
BP00194,Circuit ID,CIR000194
BP00195,Asset ID,SAS00195
BP00195,Access Line ID,AL000195
BP00195,Circuit ID,CIR000195
BP00196,Asset ID,SAS00196
BP00196,Access Line ID,AL000196
BP00196,Circuit ID,CIR000196
BP00197,Asset ID,SAS00197
BP00197,Access Line ID,AL000197
BP00197,Circuit ID,CIR000197
BP00198,Asset ID,SAS00198
BP00198,Access Line ID,AL000198
BP00198,Circuit ID,CIR000198
BP00199,Asset ID,SAS00199
BP00199,Access Line ID,AL000199
BP00199,Circuit ID,CIR000199
BP00200,Asset ID,ORPHAN_AS00200
BP00200,Access Line ID,ALX000200
BP00200,Circuit ID,CIR000200
BP00201,Asset ID,SAS00201
BP00201,Access Line ID,AL000201
BP00201,Circuit ID,CIR000201
BP00202,Asset ID,SAS00202
BP00202,Access Line ID,AL000202
BP00202,Circuit ID,CIR000202
BP00203,Asset ID,SAS00203
BP00203,Access Line ID,ALX000203
BP00203,Circuit ID,CIR000203
BP00204,Asset ID,SAS00204
BP00204,Access Line ID,AL000204
BP00204,Circuit ID,CIR000204
BP00205,Asset ID,SAS00205
BP00205,Access Line ID,AL000205
BP00205,Circuit ID,CIR000205
BP00206,Asset ID,SAS00206
BP00206,Access Line ID,AL000206
BP00206,Circuit ID,CIR000206
BP00207,Asset ID,ORPHAN_AS00207
BP00207,Access Line ID,AL000207
BP00207,Circuit ID,CIR000207
BP00208,Asset ID,SAS00208
BP00208,Access Line ID,AL000208
BP00208,Circuit ID,CIR000208
BP00209,Asset ID,SAS00209
BP00209,Access Line ID,AL000209
BP00209,Circuit ID,CIR000209
BP00210,Asset ID,SAS00210
BP00210,Access Line ID,AL000210
BP00210,Circuit ID,CIR000210
BP00211,Asset ID,ORPHAN_AS00211
BP00211,Access Line ID,AL000211
BP00211,Circuit ID,CIR000211
BP00212,Asset ID,SAS00212
BP00212,Access Line ID,AL000212
BP00212,Circuit ID,CIR000212
BP00213,Asset ID,SAS00213
BP00213,Access Line ID,AL000213
BP00213,Circuit ID,CIR000213
BP00214,Asset ID,SAS00214
BP00214,Access Line ID,AL000214
BP00214,Circuit ID,CIR000214
BP00215,Asset ID,ORPHAN_AS00215
BP00215,Access Line ID,AL000215
BP00215,Circuit ID,CIR000215
BP00216,Asset ID,SAS00216
BP00216,Access Line ID,ALX000216
BP00216,Circuit ID,CIR000216
BP00217,Asset ID,SAS00217
BP00217,Access Line ID,AL000217
BP00217,Circuit ID,CIR000217
BP00218,Asset ID,ORPHAN_AS00218
BP00218,Access Line ID,AL000218
BP00218,Circuit ID,CIR000218
BP00219,Asset ID,SAS00219
BP00219,Access Line ID,AL000219
BP00219,Circuit ID,CIR000219
BP00220,Asset ID,ORPHAN_AS00220
BP00220,Access Line ID,AL000220
BP00220,Circuit ID,CIR000220
BP00221,Asset ID,SAS00221
BP00221,Access Line ID,AL000221
BP00221,Circuit ID,CIR000221
BP00222,Asset ID,SAS00222
BP00222,Access Line ID,AL000222
BP00222,Circuit ID,CIR000222
BP00223,Asset ID,SAS00223
BP00223,Access Line ID,ALX000223
BP00223,Circuit ID,CIR000223
BP00224,Asset ID,SAS00224
BP00224,Access Line ID,AL000224
BP00224,Circuit ID,CIR000224
BP00225,Asset ID,SAS00225
BP00225,Access Line ID,AL000225
BP00225,Circuit ID,CIR000225
BP00226,Asset ID,SAS00226
BP00226,Access Line ID,AL000226
BP00226,Circuit ID,CIR000226
BP00227,Asset ID,SAS00227
BP00227,Access Line ID,AL000227
BP00227,Circuit ID,CIR000227
BP00228,Asset ID,SAS00228
BP00228,Access Line ID,AL000228
BP00228,Circuit ID,CIR000228
BP00229,Asset ID,ORPHAN_AS00229
BP00229,Access Line ID,AL000229
BP00229,Circuit ID,CIR000229
BP00230,Asset ID,SAS00230
BP00230,Access Line ID,AL000230
BP00230,Circuit ID,CIR000230
BP00231,Asset ID,SAS00231
BP00231,Access Line ID,ALX000231
BP00231,Circuit ID,CIR000231
BP00232,Asset ID,SAS00232
BP00232,Access Line ID,AL000232
BP00232,Circuit ID,CIR000232
BP00233,Asset ID,SAS00233
BP00233,Access Line ID,AL000233
BP00233,Circuit ID,CIR000233
BP00234,Asset ID,SAS00234
BP00234,Access Line ID,AL000234
BP00234,Circuit ID,CIR000234
BP00235,Asset ID,SAS00235
BP00235,Access Line ID,AL000235
BP00235,Circuit ID,CIR000235
BP00236,Asset ID,SAS00236
BP00236,Access Line ID,AL000236
BP00236,Circuit ID,CIR000236
BP00237,Asset ID,SAS00237
BP00237,Access Line ID,AL000237
BP00237,Circuit ID,CIR000237
BP00238,Asset ID,SAS00238
BP00238,Access Line ID,AL000238
BP00238,Circuit ID,CIR000238
BP00239,Asset ID,SAS00239
BP00239,Access Line ID,AL000239
BP00239,Circuit ID,CIR000239
BP00240,Asset ID,SAS00240
BP00240,Access Line ID,AL000240
BP00240,Circuit ID,CIR000240
BP00241,Asset ID,SAS00241
BP00241,Access Line ID,AL000241
BP00241,Circuit ID,CIR000241
BP00242,Asset ID,SAS00242
BP00242,Access Line ID,AL000242
BP00242,Circuit ID,CIR000242
BP00243,Asset ID,SAS00243
BP00243,Access Line ID,AL000243
BP00243,Circuit ID,CIR000243
BP00244,Asset ID,SAS00244
BP00244,Access Line ID,AL000244
BP00244,Circuit ID,CIR000244
BP00245,Asset ID,SAS00245
BP00245,Access Line ID,AL000245
BP00245,Circuit ID,CIR000245
BP00246,Asset ID,SAS00246
BP00246,Access Line ID,AL000246
BP00246,Circuit ID,CIR000246
BP00247,Asset ID,SAS00247
BP00247,Access Line ID,AL000247
BP00247,Circuit ID,CIR000247
BP00248,Asset ID,SAS00248
BP00248,Access Line ID,AL000248
BP00248,Circuit ID,CIR000248
BP00249,Asset ID,SAS00249
BP00249,Access Line ID,AL000249
BP00249,Circuit ID,CIR000249
BP00250,Asset ID,SAS00250
BP00250,Access Line ID,AL000250
BP00250,Circuit ID,CIR000250
BP00251,Asset ID,SAS00251
BP00251,Access Line ID,AL000251
BP00251,Circuit ID,CIR000251
BP00252,Asset ID,SAS00252
BP00252,Access Line ID,AL000252
BP00252,Circuit ID,CIR000252
BP00253,Asset ID,SAS00253
BP00253,Access Line ID,ALX000253
BP00253,Circuit ID,CIR000253
BP00254,Asset ID,ORPHAN_AS00254
BP00254,Access Line ID,AL000254
BP00254,Circuit ID,CIR000254
BP00255,Asset ID,SAS00255
BP00255,Access Line ID,AL000255
BP00255,Circuit ID,CIR000255
BP00256,Asset ID,SAS00256
BP00256,Access Line ID,AL000256
BP00256,Circuit ID,CIR000256
BP00257,Asset ID,SAS00257
BP00257,Access Line ID,AL000257
BP00257,Circuit ID,CIR000257
BP00258,Asset ID,SAS00258
BP00258,Access Line ID,AL000258
BP00258,Circuit ID,CIR000258
BP00259,Asset ID,SAS00259
BP00259,Access Line ID,AL000259
BP00259,Circuit ID,CIR000259
BP00260,Asset ID,SAS00260
BP00260,Access Line ID,AL000260
BP00260,Circuit ID,CIR000260
BP00261,Asset ID,SAS00261
BP00261,Access Line ID,AL000261
BP00261,Circuit ID,CIR000261
BP00262,Asset ID,SAS00262
BP00262,Access Line ID,ALX000262
BP00262,Circuit ID,CIR000262
BP00263,Asset ID,SAS00263
BP00263,Access Line ID,AL000263
BP00263,Circuit ID,CIR000263
BP00264,Asset ID,SAS00264
BP00264,Access Line ID,ALX000264
BP00264,Circuit ID,CIR000264
BP00265,Asset ID,SAS00265
BP00265,Access Line ID,AL000265
BP00265,Circuit ID,CIR000265
BP00266,Asset ID,SAS00266
BP00266,Access Line ID,AL000266
BP00266,Circuit ID,CIR000266
BP00267,Asset ID,SAS00267
BP00267,Access Line ID,AL000267
BP00267,Circuit ID,CIR000267
BP00268,Asset ID,SAS00268
BP00268,Access Line ID,AL000268
BP00268,Circuit ID,CIR000268
BP00269,Asset ID,SAS00269
BP00269,Access Line ID,AL000269
BP00269,Circuit ID,CIR000269
BP00270,Asset ID,SAS00270
BP00270,Access Line ID,AL000270
BP00270,Circuit ID,CIR000270
BP00271,Asset ID,SAS00271
BP00271,Access Line ID,AL000271
BP00271,Circuit ID,CIR000271
BP00272,Asset ID,SAS00272
BP00272,Access Line ID,AL000272
BP00272,Circuit ID,CIR000272
BP00273,Asset ID,SAS00273
BP00273,Access Line ID,AL000273
BP00273,Circuit ID,CIR000273
BP00274,Asset ID,SAS00274
BP00274,Access Line ID,AL000274
BP00274,Circuit ID,CIR000274
BP00275,Asset ID,SAS00275
BP00275,Access Line ID,AL000275
BP00275,Circuit ID,CIR000275
BP00276,Asset ID,SAS00276
BP00276,Access Line ID,AL000276
BP00276,Circuit ID,CIR000276
BP00277,Asset ID,SAS00277
BP00277,Access Line ID,AL000277
BP00277,Circuit ID,CIR000277
BP00278,Asset ID,SAS00278
BP00278,Access Line ID,AL000278
BP00278,Circuit ID,CIR000278
BP00279,Asset ID,SAS00279
BP00279,Access Line ID,AL000279
BP00279,Circuit ID,CIR000279
BP00280,Asset ID,SAS00280
BP00280,Access Line ID,ALX000280
BP00280,Circuit ID,CIR000280
BP00281,Asset ID,SAS00281
BP00281,Access Line ID,ALX000281
BP00281,Circuit ID,CIR000281
BP00282,Asset ID,SAS00282
BP00282,Access Line ID,AL000282
BP00282,Circuit ID,CIR000282
BP00283,Asset ID,SAS00283
BP00283,Access Line ID,AL000283
BP00283,Circuit ID,CIR000283
BP00284,Asset ID,SAS00284
BP00284,Access Line ID,AL000284
BP00284,Circuit ID,CIR000284
BP00285,Asset ID,SAS00285
BP00285,Access Line ID,AL000285
BP00285,Circuit ID,CIR000285
BP00286,Asset ID,SAS00286
BP00286,Access Line ID,AL000286
BP00286,Circuit ID,CIR000286
BP00287,Asset ID,SAS00287
BP00287,Access Line ID,AL000287
BP00287,Circuit ID,CIR000287
BP00288,Asset ID,SAS00288
BP00288,Access Line ID,ALX000288
BP00288,Circuit ID,CIR000288
BP00289,Asset ID,SAS00289
BP00289,Access Line ID,AL000289
BP00289,Circuit ID,CIR000289
BP00290,Asset ID,SAS00290
BP00290,Access Line ID,AL000290
BP00290,Circuit ID,CIR000290
BP00291,Asset ID,SAS00291
BP00291,Access Line ID,AL000291
BP00291,Circuit ID,CIR000291
BP00292,Asset ID,SAS00292
BP00292,Access Line ID,ALX000292
BP00292,Circuit ID,CIR000292
BP00293,Asset ID,SAS00293
BP00293,Access Line ID,AL000293
BP00293,Circuit ID,CIR000293
BP00294,Asset ID,SAS00294
BP00294,Access Line ID,AL000294
BP00294,Circuit ID,CIR000294
BP00295,Asset ID,SAS00295
BP00295,Access Line ID,ALX000295
BP00295,Circuit ID,CIR000295
BP00296,Asset ID,SAS00296
BP00296,Access Line ID,AL000296
BP00296,Circuit ID,CIR000296
BP00297,Asset ID,ORPHAN_AS00297
BP00297,Access Line ID,AL000297
BP00297,Circuit ID,CIR000297
BP00298,Asset ID,SAS00298
BP00298,Access Line ID,AL000298
BP00298,Circuit ID,CIR000298
BP00299,Asset ID,ORPHAN_AS00299
BP00299,Access Line ID,AL000299
BP00299,Circuit ID,CIR000299
BP00300,Asset ID,SAS00300
BP00300,Access Line ID,AL000300
BP00300,Circuit ID,CIR000300
BP00301,Asset ID,SAS00301
BP00301,Access Line ID,AL000301
BP00301,Circuit ID,CIR000301
BP00302,Asset ID,SAS00302
BP00302,Access Line ID,AL000302
BP00302,Circuit ID,CIR000302
BP00303,Asset ID,SAS00303
BP00303,Access Line ID,AL000303
BP00303,Circuit ID,CIR000303
BP00304,Asset ID,SAS00304
BP00304,Access Line ID,AL000304
BP00304,Circuit ID,CIR000304
BP00305,Asset ID,SAS00305
BP00305,Access Line ID,AL000305
BP00305,Circuit ID,CIR000305
BP00306,Asset ID,SAS00306
BP00306,Access Line ID,AL000306
BP00306,Circuit ID,CIR000306
BP00307,Asset ID,SAS00307
BP00307,Access Line ID,AL000307
BP00307,Circuit ID,CIR000307
BP00308,Asset ID,SAS00308
BP00308,Access Line ID,AL000308
BP00308,Circuit ID,CIR000308
BP00309,Asset ID,SAS00309
BP00309,Access Line ID,AL000309
BP00309,Circuit ID,CIR000309
BP00310,Asset ID,SAS00310
BP00310,Access Line ID,AL000310
BP00310,Circuit ID,CIR000310
BP00311,Asset ID,SAS00311
BP00311,Access Line ID,AL000311
BP00311,Circuit ID,CIR000311
BP00312,Asset ID,SAS00312
BP00312,Access Line ID,AL000312
BP00312,Circuit ID,CIR000312
BP00313,Asset ID,SAS00313
BP00313,Access Line ID,AL000313
BP00313,Circuit ID,CIR000313
BP00314,Asset ID,SAS00314
BP00314,Access Line ID,AL000314
BP00314,Circuit ID,CIR000314
BP00315,Asset ID,SAS00315
BP00315,Access Line ID,AL000315
BP00315,Circuit ID,CIR000315
BP00316,Asset ID,SAS00316
BP00316,Access Line ID,AL000316
BP00316,Circuit ID,CIR000316
BP00317,Asset ID,SAS00317
BP00317,Access Line ID,AL000317
BP00317,Circuit ID,CIR000317
BP00318,Asset ID,SAS00318
BP00318,Access Line ID,AL000318
BP00318,Circuit ID,CIR000318
BP00319,Asset ID,SAS00319
BP00319,Access Line ID,AL000319
BP00319,Circuit ID,CIR000319
BP00320,Asset ID,SAS00320
BP00320,Access Line ID,AL000320
BP00320,Circuit ID,CIR000320
BP00321,Asset ID,SAS00321
BP00321,Access Line ID,AL000321
BP00321,Circuit ID,CIR000321
BP00322,Asset ID,SAS00322
BP00322,Access Line ID,AL000322
BP00322,Circuit ID,CIR000322
BP00323,Asset ID,SAS00323
BP00323,Access Line ID,AL000323
BP00323,Circuit ID,CIR000323
BP00324,Asset ID,SAS00324
BP00324,Access Line ID,AL000324
BP00324,Circuit ID,CIR000324
BP00325,Asset ID,SAS00325
BP00325,Access Line ID,AL000325
BP00325,Circuit ID,CIR000325
BP00326,Asset ID,SAS00326
BP00326,Access Line ID,AL000326
BP00326,Circuit ID,CIR000326
BP00327,Asset ID,SAS00327
BP00327,Access Line ID,AL000327
BP00327,Circuit ID,CIR000327
BP00328,Asset ID,SAS00328
BP00328,Access Line ID,ALX000328
BP00328,Circuit ID,CIR000328
BP00329,Asset ID,SAS00329
BP00329,Access Line ID,AL000329
BP00329,Circuit ID,CIR000329
BP00330,Asset ID,SAS00330
BP00330,Access Line ID,AL000330
BP00330,Circuit ID,CIR000330
BP00331,Asset ID,SAS00331
BP00331,Access Line ID,AL000331
BP00331,Circuit ID,CIR000331
BP00332,Asset ID,SAS00332
BP00332,Access Line ID,AL000332
BP00332,Circuit ID,CIR000332
BP00333,Asset ID,SAS00333
BP00333,Access Line ID,ALX000333
BP00333,Circuit ID,CIR000333
BP00334,Asset ID,SAS00334
BP00334,Access Line ID,AL000334
BP00334,Circuit ID,CIR000334
BP00335,Asset ID,SAS00335
BP00335,Access Line ID,AL000335
BP00335,Circuit ID,CIR000335
BP00336,Asset ID,SAS00336
BP00336,Access Line ID,AL000336
BP00336,Circuit ID,CIR000336
BP00337,Asset ID,SAS00337
BP00337,Access Line ID,AL000337
BP00337,Circuit ID,CIR000337
BP00338,Asset ID,SAS00338
BP00338,Access Line ID,AL000338
BP00338,Circuit ID,CIR000338
BP00339,Asset ID,SAS00339
BP00339,Access Line ID,AL000339
BP00339,Circuit ID,CIR000339
BP00340,Asset ID,SAS00340
BP00340,Access Line ID,AL000340
BP00340,Circuit ID,CIR000340
BP00341,Asset ID,SAS00341
BP00341,Access Line ID,AL000341
BP00341,Circuit ID,CIR000341
BP00342,Asset ID,SAS00342
BP00342,Access Line ID,AL000342
BP00342,Circuit ID,CIR000342
BP00343,Asset ID,SAS00343
BP00343,Access Line ID,AL000343
BP00343,Circuit ID,CIR000343
BP00344,Asset ID,SAS00344
BP00344,Access Line ID,AL000344
BP00344,Circuit ID,CIR000344
BP00345,Asset ID,SAS00345
BP00345,Access Line ID,AL000345
BP00345,Circuit ID,CIR000345
BP00346,Asset ID,SAS00346
BP00346,Access Line ID,AL000346
BP00346,Circuit ID,CIR000346
BP00347,Asset ID,SAS00347
BP00347,Access Line ID,ALX000347
BP00347,Circuit ID,CIR000347
BP00348,Asset ID,SAS00348
BP00348,Access Line ID,ALX000348
BP00348,Circuit ID,CIR000348
BP00349,Asset ID,SAS00349
BP00349,Access Line ID,AL000349
BP00349,Circuit ID,CIR000349
BP00350,Asset ID,SAS00350
BP00350,Access Line ID,AL000350
BP00350,Circuit ID,CIR000350
BP00351,Asset ID,SAS00351
BP00351,Access Line ID,AL000351
BP00351,Circuit ID,CIR000351
BP00352,Asset ID,SAS00352
BP00352,Access Line ID,AL000352
BP00352,Circuit ID,CIR000352
BP00353,Asset ID,SAS00353
BP00353,Access Line ID,AL000353
BP00353,Circuit ID,CIR000353
BP00354,Asset ID,SAS00354
BP00354,Access Line ID,AL000354
BP00354,Circuit ID,CIR000354
BP00355,Asset ID,SAS00355
BP00355,Access Line ID,AL000355
BP00355,Circuit ID,CIR000355
BP00356,Asset ID,SAS00356
BP00356,Access Line ID,AL000356
BP00356,Circuit ID,CIR000356
BP00357,Asset ID,SAS00357
BP00357,Access Line ID,AL000357
BP00357,Circuit ID,CIR000357
BP00358,Asset ID,SAS00358
BP00358,Access Line ID,AL000358
BP00358,Circuit ID,CIR000358
BP00359,Asset ID,SAS00359
BP00359,Access Line ID,ALX000359
BP00359,Circuit ID,CIR000359
BP00360,Asset ID,SAS00360
BP00360,Access Line ID,AL000360
BP00360,Circuit ID,CIR000360
BP00361,Asset ID,SAS00361
BP00361,Access Line ID,AL000361
BP00361,Circuit ID,CIR000361
BP00362,Asset ID,SAS00362
BP00362,Access Line ID,AL000362
BP00362,Circuit ID,CIR000362
BP00363,Asset ID,SAS00363
BP00363,Access Line ID,AL000363
BP00363,Circuit ID,CIR000363
BP00364,Asset ID,SAS00364
BP00364,Access Line ID,AL000364
BP00364,Circuit ID,CIR000364
BP00365,Asset ID,SAS00365
BP00365,Access Line ID,AL000365
BP00365,Circuit ID,CIR000365
BP00366,Asset ID,SAS00366
BP00366,Access Line ID,AL000366
BP00366,Circuit ID,CIR000366
BP00367,Asset ID,SAS00367
BP00367,Access Line ID,AL000367
BP00367,Circuit ID,CIR000367
BP00368,Asset ID,SAS00368
BP00368,Access Line ID,AL000368
BP00368,Circuit ID,CIR000368
BP00369,Asset ID,SAS00369
BP00369,Access Line ID,AL000369
BP00369,Circuit ID,CIR000369
BP00370,Asset ID,SAS00370
BP00370,Access Line ID,AL000370
BP00370,Circuit ID,CIR000370
BP00371,Asset ID,SAS00371
BP00371,Access Line ID,AL000371
BP00371,Circuit ID,CIR000371
BP00372,Asset ID,SAS00372
BP00372,Access Line ID,AL000372
BP00372,Circuit ID,CIR000372
BP00373,Asset ID,SAS00373
BP00373,Access Line ID,AL000373
BP00373,Circuit ID,CIR000373
BP00374,Asset ID,SAS00374
BP00374,Access Line ID,AL000374
BP00374,Circuit ID,CIR000374
BP00375,Asset ID,ORPHAN_AS00375
BP00375,Access Line ID,AL000375
BP00375,Circuit ID,CIR000375
BP00376,Asset ID,SAS00376
BP00376,Access Line ID,AL000376
BP00376,Circuit ID,CIR000376
BP00377,Asset ID,SAS00377
BP00377,Access Line ID,AL000377
BP00377,Circuit ID,CIR000377
BP00378,Asset ID,SAS00378
BP00378,Access Line ID,AL000378
BP00378,Circuit ID,CIR000378
BP00379,Asset ID,SAS00379
BP00379,Access Line ID,AL000379
BP00379,Circuit ID,CIR000379
BP00380,Asset ID,SAS00380
BP00380,Access Line ID,AL000380
BP00380,Circuit ID,CIR000380
BP00381,Asset ID,SAS00381
BP00381,Access Line ID,AL000381
BP00381,Circuit ID,CIR000381
BP00382,Asset ID,SAS00382
BP00382,Access Line ID,AL000382
BP00382,Circuit ID,CIR000382
BP00383,Asset ID,SAS00383
BP00383,Access Line ID,AL000383
BP00383,Circuit ID,CIR000383
BP00384,Asset ID,SAS00384
BP00384,Access Line ID,AL000384
BP00384,Circuit ID,CIR000384
BP00385,Asset ID,SAS00385
BP00385,Access Line ID,AL000385
BP00385,Circuit ID,CIR000385
BP00386,Asset ID,SAS00386
BP00386,Access Line ID,AL000386
BP00386,Circuit ID,CIR000386
BP00387,Asset ID,SAS00387
BP00387,Access Line ID,AL000387
BP00387,Circuit ID,CIR000387
BP00388,Asset ID,SAS00388
BP00388,Access Line ID,AL000388
BP00388,Circuit ID,CIR000388
BP00389,Asset ID,SAS00389
BP00389,Access Line ID,AL000389
BP00389,Circuit ID,CIR000389
BP00390,Asset ID,ORPHAN_AS00390
BP00390,Access Line ID,AL000390
BP00390,Circuit ID,CIR000390
BP00391,Asset ID,SAS00391
BP00391,Access Line ID,AL000391
BP00391,Circuit ID,CIR000391
BP00392,Asset ID,SAS00392
BP00392,Access Line ID,AL000392
BP00392,Circuit ID,CIR000392
BP00393,Asset ID,SAS00393
BP00393,Access Line ID,AL000393
BP00393,Circuit ID,CIR000393
BP00394,Asset ID,ORPHAN_AS00394
BP00394,Access Line ID,ALX000394
BP00394,Circuit ID,CIR000394
BP00395,Asset ID,SAS00395
BP00395,Access Line ID,AL000395
BP00395,Circuit ID,CIR000395
BP00396,Asset ID,SAS00396
BP00396,Access Line ID,AL000396
BP00396,Circuit ID,CIR000396
BP00397,Asset ID,SAS00397
BP00397,Access Line ID,AL000397
BP00397,Circuit ID,CIR000397
BP00398,Asset ID,SAS00398
BP00398,Access Line ID,AL000398
BP00398,Circuit ID,CIR000398
BP00399,Asset ID,ORPHAN_AS00399
BP00399,Access Line ID,AL000399
BP00399,Circuit ID,CIR000399
BP00400,Asset ID,SAS00400
BP00400,Access Line ID,AL000400
BP00400,Circuit ID,CIR000400
BP00401,Asset ID,SAS00401
BP00401,Access Line ID,AL000401
BP00401,Circuit ID,CIR000401
BP00402,Asset ID,SAS00402
BP00402,Access Line ID,AL000402
BP00402,Circuit ID,CIR000402
BP00403,Asset ID,SAS00403
BP00403,Access Line ID,ALX000403
BP00403,Circuit ID,CIR000403
BP00404,Asset ID,ORPHAN_AS00404
BP00404,Access Line ID,AL000404
BP00404,Circuit ID,CIR000404
BP00405,Asset ID,ORPHAN_AS00405
BP00405,Access Line ID,AL000405
BP00405,Circuit ID,CIR000405
BP00406,Asset ID,SAS00406
BP00406,Access Line ID,AL000406
BP00406,Circuit ID,CIR000406
BP00407,Asset ID,SAS00407
BP00407,Access Line ID,AL000407
BP00407,Circuit ID,CIR000407
BP00408,Asset ID,SAS00408
BP00408,Access Line ID,AL000408
BP00408,Circuit ID,CIR000408
BP00409,Asset ID,SAS00409
BP00409,Access Line ID,AL000409
BP00409,Circuit ID,CIR000409
BP00410,Asset ID,ORPHAN_AS00410
BP00410,Access Line ID,AL000410
BP00410,Circuit ID,CIR000410
BP00411,Asset ID,ORPHAN_AS00411
BP00411,Access Line ID,AL000411
BP00411,Circuit ID,CIR000411
BP00412,Asset ID,SAS00412
BP00412,Access Line ID,AL000412
BP00412,Circuit ID,CIR000412
BP00413,Asset ID,SAS00413
BP00413,Access Line ID,ALX000413
BP00413,Circuit ID,CIR000413
BP00414,Asset ID,SAS00414
BP00414,Access Line ID,AL000414
BP00414,Circuit ID,CIR000414
BP00415,Asset ID,SAS00415
BP00415,Access Line ID,ALX000415
BP00415,Circuit ID,CIR000415
BP00416,Asset ID,ORPHAN_AS00416
BP00416,Access Line ID,AL000416
BP00416,Circuit ID,CIR000416
BP00417,Asset ID,SAS00417
BP00417,Access Line ID,ALX000417
BP00417,Circuit ID,CIR000417
BP00418,Asset ID,SAS00418
BP00418,Access Line ID,AL000418
BP00418,Circuit ID,CIR000418
BP00419,Asset ID,SAS00419
BP00419,Access Line ID,AL000419
BP00419,Circuit ID,CIR000419
BP00420,Asset ID,SAS00420
BP00420,Access Line ID,AL000420
BP00420,Circuit ID,CIR000420
BP00421,Asset ID,SAS00421
BP00421,Access Line ID,AL000421
BP00421,Circuit ID,CIR000421
BP00422,Asset ID,SAS00422
BP00422,Access Line ID,ALX000422
BP00422,Circuit ID,CIR000422
BP00423,Asset ID,SAS00423
BP00423,Access Line ID,AL000423
BP00423,Circuit ID,CIR000423
BP00424,Asset ID,SAS00424
BP00424,Access Line ID,ALX000424
BP00424,Circuit ID,CIR000424
BP00425,Asset ID,ORPHAN_AS00425
BP00425,Access Line ID,AL000425
BP00425,Circuit ID,CIR000425
BP00426,Asset ID,SAS00426
BP00426,Access Line ID,AL000426
BP00426,Circuit ID,CIR000426
BP00427,Asset ID,SAS00427
BP00427,Access Line ID,AL000427
BP00427,Circuit ID,CIR000427
BP00428,Asset ID,SAS00428
BP00428,Access Line ID,AL000428
BP00428,Circuit ID,CIR000428
BP00429,Asset ID,SAS00429
BP00429,Access Line ID,AL000429
BP00429,Circuit ID,CIR000429
BP00430,Asset ID,SAS00430
BP00430,Access Line ID,AL000430
BP00430,Circuit ID,CIR000430
BP00431,Asset ID,SAS00431
BP00431,Access Line ID,AL000431
BP00431,Circuit ID,CIR000431
BP00432,Asset ID,SAS00432
BP00432,Access Line ID,AL000432
BP00432,Circuit ID,CIR000432
BP00433,Asset ID,SAS00433
BP00433,Access Line ID,AL000433
BP00433,Circuit ID,CIR000433
BP00434,Asset ID,SAS00434
BP00434,Access Line ID,AL000434
BP00434,Circuit ID,CIR000434
BP00435,Asset ID,SAS00435
BP00435,Access Line ID,AL000435
BP00435,Circuit ID,CIR000435
BP00436,Asset ID,SAS00436
BP00436,Access Line ID,AL000436
BP00436,Circuit ID,CIR000436
BP00437,Asset ID,SAS00437
BP00437,Access Line ID,AL000437
BP00437,Circuit ID,CIR000437
BP00438,Asset ID,SAS00438
BP00438,Access Line ID,AL000438
BP00438,Circuit ID,CIR000438
BP00439,Asset ID,SAS00439
BP00439,Access Line ID,AL000439
BP00439,Circuit ID,CIR000439
BP00440,Asset ID,SAS00440
BP00440,Access Line ID,AL000440
BP00440,Circuit ID,CIR000440
BP00441,Asset ID,SAS00441
BP00441,Access Line ID,AL000441
BP00441,Circuit ID,CIR000441
BP00442,Asset ID,SAS00442
BP00442,Access Line ID,AL000442
BP00442,Circuit ID,CIR000442
BP00443,Asset ID,SAS00443
BP00443,Access Line ID,AL000443
BP00443,Circuit ID,CIR000443
BP00444,Asset ID,SAS00444
BP00444,Access Line ID,AL000444
BP00444,Circuit ID,CIR000444
BP00445,Asset ID,SAS00445
BP00445,Access Line ID,AL000445
BP00445,Circuit ID,CIR000445
BP00446,Asset ID,SAS00446
BP00446,Access Line ID,AL000446
BP00446,Circuit ID,CIR000446
BP00447,Asset ID,SAS00447
BP00447,Access Line ID,ALX000447
BP00447,Circuit ID,CIR000447
BP00448,Asset ID,SAS00448
BP00448,Access Line ID,AL000448
BP00448,Circuit ID,CIR000448
BP00449,Asset ID,SAS00449
BP00449,Access Line ID,AL000449
BP00449,Circuit ID,CIR000449
BP00450,Asset ID,SAS00450
BP00450,Access Line ID,AL000450
BP00450,Circuit ID,CIR000450
BP00451,Asset ID,SAS00451
BP00451,Access Line ID,AL000451
BP00451,Circuit ID,CIR000451
BP00452,Asset ID,SAS00452
BP00452,Access Line ID,AL000452
BP00452,Circuit ID,CIR000452
BP00453,Asset ID,ORPHAN_AS00453
BP00453,Access Line ID,AL000453
BP00453,Circuit ID,CIR000453
BP00454,Asset ID,SAS00454
BP00454,Access Line ID,AL000454
BP00454,Circuit ID,CIR000454
BP00455,Asset ID,ORPHAN_AS00455
BP00455,Access Line ID,AL000455
BP00455,Circuit ID,CIR000455
BP00456,Asset ID,SAS00456
BP00456,Access Line ID,ALX000456
BP00456,Circuit ID,CIR000456
BP00457,Asset ID,SAS00457
BP00457,Access Line ID,AL000457
BP00457,Circuit ID,CIR000457
BP00458,Asset ID,SAS00458
BP00458,Access Line ID,AL000458
BP00458,Circuit ID,CIR000458
BP00459,Asset ID,ORPHAN_AS00459
BP00459,Access Line ID,AL000459
BP00459,Circuit ID,CIR000459
BP00460,Asset ID,SAS00460
BP00460,Access Line ID,AL000460
BP00460,Circuit ID,CIR000460
BP00461,Asset ID,SAS00461
BP00461,Access Line ID,AL000461
BP00461,Circuit ID,CIR000461
BP00462,Asset ID,SAS00462
BP00462,Access Line ID,AL000462
BP00462,Circuit ID,CIR000462
BP00463,Asset ID,SAS00463
BP00463,Access Line ID,AL000463
BP00463,Circuit ID,CIR000463
BP00464,Asset ID,SAS00464
BP00464,Access Line ID,AL000464
BP00464,Circuit ID,CIR000464
BP00465,Asset ID,SAS00465
BP00465,Access Line ID,AL000465
BP00465,Circuit ID,CIR000465
BP00466,Asset ID,SAS00466
BP00466,Access Line ID,AL000466
BP00466,Circuit ID,CIR000466
BP00467,Asset ID,SAS00467
BP00467,Access Line ID,AL000467
BP00467,Circuit ID,CIR000467
BP00468,Asset ID,SAS00468
BP00468,Access Line ID,AL000468
BP00468,Circuit ID,CIR000468
BP00469,Asset ID,SAS00469
BP00469,Access Line ID,AL000469
BP00469,Circuit ID,CIR000469
BP00470,Asset ID,SAS00470
BP00470,Access Line ID,AL000470
BP00470,Circuit ID,CIR000470
BP00471,Asset ID,SAS00471
BP00471,Access Line ID,AL000471
BP00471,Circuit ID,CIR000471
BP00472,Asset ID,SAS00472
BP00472,Access Line ID,AL000472
BP00472,Circuit ID,CIR000472
BP00473,Asset ID,SAS00473
BP00473,Access Line ID,AL000473
BP00473,Circuit ID,CIR000473
BP00474,Asset ID,SAS00474
BP00474,Access Line ID,AL000474
BP00474,Circuit ID,CIR000474
BP00475,Asset ID,SAS00475
BP00475,Access Line ID,AL000475
BP00475,Circuit ID,CIR000475
BP00476,Asset ID,SAS00476
BP00476,Access Line ID,AL000476
BP00476,Circuit ID,CIR000476
BP00477,Asset ID,SAS00477
BP00477,Access Line ID,AL000477
BP00477,Circuit ID,CIR000477
BP00478,Asset ID,SAS00478
BP00478,Access Line ID,AL000478
BP00478,Circuit ID,CIR000478
BP00479,Asset ID,SAS00479
BP00479,Access Line ID,AL000479
BP00479,Circuit ID,CIR000479
BP00480,Asset ID,SAS00480
BP00480,Access Line ID,AL000480
BP00480,Circuit ID,CIR000480
BP00481,Asset ID,SAS00481
BP00481,Access Line ID,AL000481
BP00481,Circuit ID,CIR000481
BP00482,Asset ID,SAS00482
BP00482,Access Line ID,AL000482
BP00482,Circuit ID,CIR000482
BP00483,Asset ID,SAS00483
BP00483,Access Line ID,AL000483
BP00483,Circuit ID,CIR000483
BP00484,Asset ID,SAS00484
BP00484,Access Line ID,AL000484
BP00484,Circuit ID,CIR000484
BP00485,Asset ID,ORPHAN_AS00485
BP00485,Access Line ID,AL000485
BP00485,Circuit ID,CIR000485
BP00486,Asset ID,SAS00486
BP00486,Access Line ID,AL000486
BP00486,Circuit ID,CIR000486
BP00487,Asset ID,SAS00487
BP00487,Access Line ID,AL000487
BP00487,Circuit ID,CIR000487
BP00488,Asset ID,ORPHAN_AS00488
BP00488,Access Line ID,AL000488
BP00488,Circuit ID,CIR000488
BP00489,Asset ID,SAS00489
BP00489,Access Line ID,AL000489
BP00489,Circuit ID,CIR000489
BP00490,Asset ID,SAS00490
BP00490,Access Line ID,ALX000490
BP00490,Circuit ID,CIR000490
BP00491,Asset ID,SAS00491
BP00491,Access Line ID,AL000491
BP00491,Circuit ID,CIR000491
BP00492,Asset ID,SAS00492
BP00492,Access Line ID,ALX000492
BP00492,Circuit ID,CIR000492
BP00493,Asset ID,SAS00493
BP00493,Access Line ID,AL000493
BP00493,Circuit ID,CIR000493
BP00494,Asset ID,SAS00494
BP00494,Access Line ID,AL000494
BP00494,Circuit ID,CIR000494
BP00495,Asset ID,SAS00495
BP00495,Access Line ID,AL000495
BP00495,Circuit ID,CIR000495
BP00496,Asset ID,SAS00496
BP00496,Access Line ID,AL000496
BP00496,Circuit ID,CIR000496
BP00497,Asset ID,SAS00497
BP00497,Access Line ID,AL000497
BP00497,Circuit ID,CIR000497
BP00498,Asset ID,SAS00498
BP00498,Access Line ID,AL000498
BP00498,Circuit ID,CIR000498
BP00499,Asset ID,ORPHAN_AS00499
BP00499,Access Line ID,AL000499
BP00499,Circuit ID,CIR000499
BP00500,Asset ID,SAS00500
BP00500,Access Line ID,AL000500
BP00500,Circuit ID,CIR000500
BP00501,Asset ID,SAS00501
BP00501,Access Line ID,AL000501
BP00501,Circuit ID,CIR000501
BP00502,Asset ID,SAS00502
BP00502,Access Line ID,AL000502
BP00502,Circuit ID,CIR000502
BP00503,Asset ID,SAS00503
BP00503,Access Line ID,AL000503
BP00503,Circuit ID,CIR000503
BP00504,Asset ID,SAS00504
BP00504,Access Line ID,AL000504
BP00504,Circuit ID,CIR000504
BP00505,Asset ID,SAS00505
BP00505,Access Line ID,AL000505
BP00505,Circuit ID,CIR000505
BP00506,Asset ID,SAS00506
BP00506,Access Line ID,AL000506
BP00506,Circuit ID,CIR000506
BP00507,Asset ID,SAS00507
BP00507,Access Line ID,AL000507
BP00507,Circuit ID,CIR000507
BP00508,Asset ID,SAS00508
BP00508,Access Line ID,AL000508
BP00508,Circuit ID,CIR000508
BP00509,Asset ID,SAS00509
BP00509,Access Line ID,AL000509
BP00509,Circuit ID,CIR000509
BP00510,Asset ID,SAS00510
BP00510,Access Line ID,AL000510
BP00510,Circuit ID,CIR000510
BP00511,Asset ID,SAS00511
BP00511,Access Line ID,AL000511
BP00511,Circuit ID,CIR000511
BP00512,Asset ID,SAS00512
BP00512,Access Line ID,AL000512
BP00512,Circuit ID,CIR000512
BP00513,Asset ID,SAS00513
BP00513,Access Line ID,AL000513
BP00513,Circuit ID,CIR000513
BP00514,Asset ID,SAS00514
BP00514,Access Line ID,AL000514
BP00514,Circuit ID,CIR000514
BP00515,Asset ID,SAS00515
BP00515,Access Line ID,AL000515
BP00515,Circuit ID,CIR000515
BP00516,Asset ID,SAS00516
BP00516,Access Line ID,AL000516
BP00516,Circuit ID,CIR000516
BP00517,Asset ID,SAS00517
BP00517,Access Line ID,AL000517
BP00517,Circuit ID,CIR000517
BP00518,Asset ID,SAS00518
BP00518,Access Line ID,AL000518
BP00518,Circuit ID,CIR000518
BP00519,Asset ID,SAS00519
BP00519,Access Line ID,AL000519
BP00519,Circuit ID,CIR000519
BP00520,Asset ID,SAS00520
BP00520,Access Line ID,AL000520
BP00520,Circuit ID,CIR000520
BP00521,Asset ID,SAS00521
BP00521,Access Line ID,AL000521
BP00521,Circuit ID,CIR000521
BP00522,Asset ID,SAS00522
BP00522,Access Line ID,AL000522
BP00522,Circuit ID,CIR000522
BP00523,Asset ID,SAS00523
BP00523,Access Line ID,AL000523
BP00523,Circuit ID,CIR000523
BP00524,Asset ID,SAS00524
BP00524,Access Line ID,AL000524
BP00524,Circuit ID,CIR000524
BP00525,Asset ID,SAS00525
BP00525,Access Line ID,AL000525
BP00525,Circuit ID,CIR000525
BP00526,Asset ID,SAS00526
BP00526,Access Line ID,AL000526
BP00526,Circuit ID,CIR000526
BP00527,Asset ID,SAS00527
BP00527,Access Line ID,AL000527
BP00527,Circuit ID,CIR000527
BP00528,Asset ID,SAS00528
BP00528,Access Line ID,AL000528
BP00528,Circuit ID,CIR000528
BP00529,Asset ID,SAS00529
BP00529,Access Line ID,AL000529
BP00529,Circuit ID,CIR000529
BP00530,Asset ID,SAS00530
BP00530,Access Line ID,AL000530
BP00530,Circuit ID,CIR000530
BP00531,Asset ID,SAS00531
BP00531,Access Line ID,AL000531
BP00531,Circuit ID,CIR000531
BP00532,Asset ID,SAS00532
BP00532,Access Line ID,AL000532
BP00532,Circuit ID,CIR000532
BP00533,Asset ID,SAS00533
BP00533,Access Line ID,ALX000533
BP00533,Circuit ID,CIR000533
BP00534,Asset ID,SAS00534
BP00534,Access Line ID,AL000534
BP00534,Circuit ID,CIR000534
BP00535,Asset ID,SAS00535
BP00535,Access Line ID,AL000535
BP00535,Circuit ID,CIR000535
BP00536,Asset ID,SAS00536
BP00536,Access Line ID,AL000536
BP00536,Circuit ID,CIR000536
BP00537,Asset ID,SAS00537
BP00537,Access Line ID,AL000537
BP00537,Circuit ID,CIR000537
BP00538,Asset ID,SAS00538
BP00538,Access Line ID,AL000538
BP00538,Circuit ID,CIR000538
BP00539,Asset ID,ORPHAN_AS00539
BP00539,Access Line ID,AL000539
BP00539,Circuit ID,CIR000539
BP00540,Asset ID,SAS00540
BP00540,Access Line ID,AL000540
BP00540,Circuit ID,CIR000540
BP00541,Asset ID,SAS00541
BP00541,Access Line ID,AL000541
BP00541,Circuit ID,CIR000541
BP00542,Asset ID,SAS00542
BP00542,Access Line ID,AL000542
BP00542,Circuit ID,CIR000542
BP00543,Asset ID,SAS00543
BP00543,Access Line ID,AL000543
BP00543,Circuit ID,CIR000543
BP00544,Asset ID,SAS00544
BP00544,Access Line ID,AL000544
BP00544,Circuit ID,CIR000544
BP00545,Asset ID,SAS00545
BP00545,Access Line ID,AL000545
BP00545,Circuit ID,CIR000545
BP00546,Asset ID,SAS00546
BP00546,Access Line ID,AL000546
BP00546,Circuit ID,CIR000546
BP00547,Asset ID,SAS00547
BP00547,Access Line ID,AL000547
BP00547,Circuit ID,CIR000547
BP00548,Asset ID,SAS00548
BP00548,Access Line ID,AL000548
BP00548,Circuit ID,CIR000548
BP00549,Asset ID,ORPHAN_AS00549
BP00549,Access Line ID,ALX000549
BP00549,Circuit ID,CIR000549
BP00550,Asset ID,SAS00550
BP00550,Access Line ID,AL000550
BP00550,Circuit ID,CIR000550
BP00551,Asset ID,SAS00551
BP00551,Access Line ID,AL000551
BP00551,Circuit ID,CIR000551
BP00552,Asset ID,SAS00552
BP00552,Access Line ID,AL000552
BP00552,Circuit ID,CIR000552
BP00553,Asset ID,SAS00553
BP00553,Access Line ID,AL000553
BP00553,Circuit ID,CIR000553
BP00554,Asset ID,SAS00554
BP00554,Access Line ID,AL000554
BP00554,Circuit ID,CIR000554
BP00555,Asset ID,SAS00555
BP00555,Access Line ID,AL000555
BP00555,Circuit ID,CIR000555
BP00556,Asset ID,SAS00556
BP00556,Access Line ID,AL000556
BP00556,Circuit ID,CIR000556
BP00557,Asset ID,SAS00557
BP00557,Access Line ID,AL000557
BP00557,Circuit ID,CIR000557
BP00558,Asset ID,SAS00558
BP00558,Access Line ID,AL000558
BP00558,Circuit ID,CIR000558
BP00559,Asset ID,SAS00559
BP00559,Access Line ID,AL000559
BP00559,Circuit ID,CIR000559
BP00560,Asset ID,SAS00560
BP00560,Access Line ID,AL000560
BP00560,Circuit ID,CIR000560
BP00561,Asset ID,SAS00561
BP00561,Access Line ID,AL000561
BP00561,Circuit ID,CIR000561
BP00562,Asset ID,SAS00562
BP00562,Access Line ID,AL000562
BP00562,Circuit ID,CIR000562
BP00563,Asset ID,SAS00563
BP00563,Access Line ID,AL000563
BP00563,Circuit ID,CIR000563
BP00564,Asset ID,SAS00564
BP00564,Access Line ID,AL000564
BP00564,Circuit ID,CIR000564
BP00565,Asset ID,SAS00565
BP00565,Access Line ID,AL000565
BP00565,Circuit ID,CIR000565
BP00566,Asset ID,SAS00566
BP00566,Access Line ID,AL000566
BP00566,Circuit ID,CIR000566
BP00567,Asset ID,SAS00567
BP00567,Access Line ID,AL000567
BP00567,Circuit ID,CIR000567
BP00568,Asset ID,SAS00568
BP00568,Access Line ID,AL000568
BP00568,Circuit ID,CIR000568
BP00569,Asset ID,SAS00569
BP00569,Access Line ID,AL000569
BP00569,Circuit ID,CIR000569
BP00570,Asset ID,SAS00570
BP00570,Access Line ID,AL000570
BP00570,Circuit ID,CIR000570
BP00571,Asset ID,SAS00571
BP00571,Access Line ID,ALX000571
BP00571,Circuit ID,CIR000571
BP00572,Asset ID,SAS00572
BP00572,Access Line ID,AL000572
BP00572,Circuit ID,CIR000572
BP00573,Asset ID,SAS00573
BP00573,Access Line ID,AL000573
BP00573,Circuit ID,CIR000573
BP00574,Asset ID,SAS00574
BP00574,Access Line ID,AL000574
BP00574,Circuit ID,CIR000574
BP00575,Asset ID,SAS00575
BP00575,Access Line ID,AL000575
BP00575,Circuit ID,CIR000575
BP00576,Asset ID,SAS00576
BP00576,Access Line ID,AL000576
BP00576,Circuit ID,CIR000576
BP00577,Asset ID,SAS00577
BP00577,Access Line ID,AL000577
BP00577,Circuit ID,CIR000577
BP00578,Asset ID,SAS00578
BP00578,Access Line ID,AL000578
BP00578,Circuit ID,CIR000578
BP00579,Asset ID,SAS00579
BP00579,Access Line ID,AL000579
BP00579,Circuit ID,CIR000579
BP00580,Asset ID,SAS00580
BP00580,Access Line ID,AL000580
BP00580,Circuit ID,CIR000580
BP00581,Asset ID,SAS00581
BP00581,Access Line ID,AL000581
BP00581,Circuit ID,CIR000581
BP00582,Asset ID,SAS00582
BP00582,Access Line ID,ALX000582
BP00582,Circuit ID,CIR000582
BP00583,Asset ID,SAS00583
BP00583,Access Line ID,AL000583
BP00583,Circuit ID,CIR000583
BP00584,Asset ID,SAS00584
BP00584,Access Line ID,AL000584
BP00584,Circuit ID,CIR000584
BP00585,Asset ID,ORPHAN_AS00585
BP00585,Access Line ID,AL000585
BP00585,Circuit ID,CIR000585
BP00586,Asset ID,SAS00586
BP00586,Access Line ID,AL000586
BP00586,Circuit ID,CIR000586
BP00587,Asset ID,SAS00587
BP00587,Access Line ID,AL000587
BP00587,Circuit ID,CIR000587
BP00588,Asset ID,SAS00588
BP00588,Access Line ID,AL000588
BP00588,Circuit ID,CIR000588
BP00589,Asset ID,ORPHAN_AS00589
BP00589,Access Line ID,AL000589
BP00589,Circuit ID,CIR000589
BP00590,Asset ID,SAS00590
BP00590,Access Line ID,AL000590
BP00590,Circuit ID,CIR000590
BP00591,Asset ID,ORPHAN_AS00591
BP00591,Access Line ID,AL000591
BP00591,Circuit ID,CIR000591
BP00592,Asset ID,SAS00592
BP00592,Access Line ID,ALX000592
BP00592,Circuit ID,CIR000592
BP00593,Asset ID,SAS00593
BP00593,Access Line ID,AL000593
BP00593,Circuit ID,CIR000593
BP00594,Asset ID,SAS00594
BP00594,Access Line ID,AL000594
BP00594,Circuit ID,CIR000594
BP00595,Asset ID,SAS00595
BP00595,Access Line ID,AL000595
BP00595,Circuit ID,CIR000595
BP00596,Asset ID,SAS00596
BP00596,Access Line ID,AL000596
BP00596,Circuit ID,CIR000596
BP00597,Asset ID,SAS00597
BP00597,Access Line ID,AL000597
BP00597,Circuit ID,CIR000597
BP00598,Asset ID,SAS00598
BP00598,Access Line ID,AL000598
BP00598,Circuit ID,CIR000598
BP00599,Asset ID,SAS00599
BP00599,Access Line ID,AL000599
BP00599,Circuit ID,CIR000599
BP00600,Asset ID,ORPHAN_AS00600
BP00600,Access Line ID,AL000600
BP00600,Circuit ID,CIR000600
BP00601,Asset ID,SAS00601
BP00601,Access Line ID,ALX000601
BP00601,Circuit ID,CIR000601
BP00602,Asset ID,SAS00602
BP00602,Access Line ID,AL000602
BP00602,Circuit ID,CIR000602
BP00603,Asset ID,SAS00603
BP00603,Access Line ID,AL000603
BP00603,Circuit ID,CIR000603
BP00604,Asset ID,SAS00604
BP00604,Access Line ID,AL000604
BP00604,Circuit ID,CIR000604
BP00605,Asset ID,SAS00605
BP00605,Access Line ID,AL000605
BP00605,Circuit ID,CIR000605
BP00606,Asset ID,SAS00606
BP00606,Access Line ID,AL000606
BP00606,Circuit ID,CIR000606
BP00607,Asset ID,SAS00607
BP00607,Access Line ID,AL000607
BP00607,Circuit ID,CIR000607
BP00608,Asset ID,SAS00608
BP00608,Access Line ID,AL000608
BP00608,Circuit ID,CIR000608
BP00609,Asset ID,SAS00609
BP00609,Access Line ID,AL000609
BP00609,Circuit ID,CIR000609
BP00610,Asset ID,SAS00610
BP00610,Access Line ID,AL000610
BP00610,Circuit ID,CIR000610
BP00611,Asset ID,SAS00611
BP00611,Access Line ID,AL000611
BP00611,Circuit ID,CIR000611
BP00612,Asset ID,SAS00612
BP00612,Access Line ID,AL000612
BP00612,Circuit ID,CIR000612
BP00613,Asset ID,SAS00613
BP00613,Access Line ID,AL000613
BP00613,Circuit ID,CIR000613
BP00614,Asset ID,SAS00614
BP00614,Access Line ID,AL000614
BP00614,Circuit ID,CIR000614
BP00615,Asset ID,SAS00615
BP00615,Access Line ID,AL000615
BP00615,Circuit ID,CIR000615
BP00616,Asset ID,SAS00616
BP00616,Access Line ID,AL000616
BP00616,Circuit ID,CIR000616
BP00617,Asset ID,SAS00617
BP00617,Access Line ID,AL000617
BP00617,Circuit ID,CIR000617
BP00618,Asset ID,SAS00618
BP00618,Access Line ID,AL000618
BP00618,Circuit ID,CIR000618
BP00619,Asset ID,SAS00619
BP00619,Access Line ID,AL000619
BP00619,Circuit ID,CIR000619
BP00620,Asset ID,SAS00620
BP00620,Access Line ID,AL000620
BP00620,Circuit ID,CIR000620
BP00621,Asset ID,SAS00621
BP00621,Access Line ID,AL000621
BP00621,Circuit ID,CIR000621
BP00622,Asset ID,ORPHAN_AS00622
BP00622,Access Line ID,AL000622
BP00622,Circuit ID,CIR000622
BP00623,Asset ID,SAS00623
BP00623,Access Line ID,AL000623
BP00623,Circuit ID,CIR000623
BP00624,Asset ID,SAS00624
BP00624,Access Line ID,AL000624
BP00624,Circuit ID,CIR000624
BP00625,Asset ID,SAS00625
BP00625,Access Line ID,AL000625
BP00625,Circuit ID,CIR000625
BP00626,Asset ID,ORPHAN_AS00626
BP00626,Access Line ID,AL000626
BP00626,Circuit ID,CIR000626
BP00627,Asset ID,SAS00627
BP00627,Access Line ID,AL000627
BP00627,Circuit ID,CIR000627
BP00628,Asset ID,SAS00628
BP00628,Access Line ID,AL000628
BP00628,Circuit ID,CIR000628
BP00629,Asset ID,ORPHAN_AS00629
BP00629,Access Line ID,AL000629
BP00629,Circuit ID,CIR000629
BP00630,Asset ID,SAS00630
BP00630,Access Line ID,AL000630
BP00630,Circuit ID,CIR000630
BP00631,Asset ID,SAS00631
BP00631,Access Line ID,AL000631
BP00631,Circuit ID,CIR000631
BP00632,Asset ID,SAS00632
BP00632,Access Line ID,AL000632
BP00632,Circuit ID,CIR000632
BP00633,Asset ID,SAS00633
BP00633,Access Line ID,AL000633
BP00633,Circuit ID,CIR000633
BP00634,Asset ID,SAS00634
BP00634,Access Line ID,AL000634
BP00634,Circuit ID,CIR000634
BP00635,Asset ID,SAS00635
BP00635,Access Line ID,AL000635
BP00635,Circuit ID,CIR000635
BP00636,Asset ID,SAS00636
BP00636,Access Line ID,AL000636
BP00636,Circuit ID,CIR000636
BP00637,Asset ID,ORPHAN_AS00637
BP00637,Access Line ID,AL000637
BP00637,Circuit ID,CIR000637
BP00638,Asset ID,SAS00638
BP00638,Access Line ID,AL000638
BP00638,Circuit ID,CIR000638
BP00639,Asset ID,SAS00639
BP00639,Access Line ID,AL000639
BP00639,Circuit ID,CIR000639
BP00640,Asset ID,ORPHAN_AS00640
BP00640,Access Line ID,AL000640
BP00640,Circuit ID,CIR000640
BP00641,Asset ID,SAS00641
BP00641,Access Line ID,AL000641
BP00641,Circuit ID,CIR000641
BP00642,Asset ID,SAS00642
BP00642,Access Line ID,AL000642
BP00642,Circuit ID,CIR000642
BP00643,Asset ID,ORPHAN_AS00643
BP00643,Access Line ID,AL000643
BP00643,Circuit ID,CIR000643
BP00644,Asset ID,SAS00644
BP00644,Access Line ID,AL000644
BP00644,Circuit ID,CIR000644
BP00645,Asset ID,SAS00645
BP00645,Access Line ID,AL000645
BP00645,Circuit ID,CIR000645
BP00646,Asset ID,SAS00646
BP00646,Access Line ID,ALX000646
BP00646,Circuit ID,CIR000646
BP00647,Asset ID,SAS00647
BP00647,Access Line ID,AL000647
BP00647,Circuit ID,CIR000647
BP00648,Asset ID,SAS00648
BP00648,Access Line ID,ALX000648
BP00648,Circuit ID,CIR000648
BP00649,Asset ID,SAS00649
BP00649,Access Line ID,AL000649
BP00649,Circuit ID,CIR000649
BP00650,Asset ID,SAS00650
BP00650,Access Line ID,ALX000650
BP00650,Circuit ID,CIR000650
BP00651,Asset ID,SAS00651
BP00651,Access Line ID,AL000651
BP00651,Circuit ID,CIR000651
BP00652,Asset ID,SAS00652
BP00652,Access Line ID,AL000652
BP00652,Circuit ID,CIR000652
BP00653,Asset ID,SAS00653
BP00653,Access Line ID,AL000653
BP00653,Circuit ID,CIR000653
BP00654,Asset ID,SAS00654
BP00654,Access Line ID,AL000654
BP00654,Circuit ID,CIR000654
BP00655,Asset ID,SAS00655
BP00655,Access Line ID,AL000655
BP00655,Circuit ID,CIR000655
BP00656,Asset ID,SAS00656
BP00656,Access Line ID,ALX000656
BP00656,Circuit ID,CIR000656
BP00657,Asset ID,SAS00657
BP00657,Access Line ID,AL000657
BP00657,Circuit ID,CIR000657
BP00658,Asset ID,SAS00658
BP00658,Access Line ID,AL000658
BP00658,Circuit ID,CIR000658
BP00659,Asset ID,SAS00659
BP00659,Access Line ID,AL000659
BP00659,Circuit ID,CIR000659
BP00660,Asset ID,SAS00660
BP00660,Access Line ID,AL000660
BP00660,Circuit ID,CIR000660
BP00661,Asset ID,SAS00661
BP00661,Access Line ID,AL000661
BP00661,Circuit ID,CIR000661
BP00662,Asset ID,SAS00662
BP00662,Access Line ID,AL000662
BP00662,Circuit ID,CIR000662
BP00663,Asset ID,SAS00663
BP00663,Access Line ID,AL000663
BP00663,Circuit ID,CIR000663
BP00664,Asset ID,ORPHAN_AS00664
BP00664,Access Line ID,AL000664
BP00664,Circuit ID,CIR000664
BP00665,Asset ID,SAS00665
BP00665,Access Line ID,AL000665
BP00665,Circuit ID,CIR000665
BP00666,Asset ID,SAS00666
BP00666,Access Line ID,AL000666
BP00666,Circuit ID,CIR000666
BP00667,Asset ID,ORPHAN_AS00667
BP00667,Access Line ID,AL000667
BP00667,Circuit ID,CIR000667
BP00668,Asset ID,SAS00668
BP00668,Access Line ID,AL000668
BP00668,Circuit ID,CIR000668
BP00669,Asset ID,SAS00669
BP00669,Access Line ID,AL000669
BP00669,Circuit ID,CIR000669
BP00670,Asset ID,SAS00670
BP00670,Access Line ID,AL000670
BP00670,Circuit ID,CIR000670
BP00671,Asset ID,SAS00671
BP00671,Access Line ID,AL000671
BP00671,Circuit ID,CIR000671
BP00672,Asset ID,SAS00672
BP00672,Access Line ID,AL000672
BP00672,Circuit ID,CIR000672
BP00673,Asset ID,SAS00673
BP00673,Access Line ID,AL000673
BP00673,Circuit ID,CIR000673
BP00674,Asset ID,SAS00674
BP00674,Access Line ID,AL000674
BP00674,Circuit ID,CIR000674
BP00675,Asset ID,SAS00675
BP00675,Access Line ID,AL000675
BP00675,Circuit ID,CIR000675
BP00676,Asset ID,SAS00676
BP00676,Access Line ID,AL000676
BP00676,Circuit ID,CIR000676
BP00677,Asset ID,SAS00677
BP00677,Access Line ID,AL000677
BP00677,Circuit ID,CIR000677
BP00678,Asset ID,SAS00678
BP00678,Access Line ID,AL000678
BP00678,Circuit ID,CIR000678
BP00679,Asset ID,SAS00679
BP00679,Access Line ID,AL000679
BP00679,Circuit ID,CIR000679
BP00680,Asset ID,SAS00680
BP00680,Access Line ID,AL000680
BP00680,Circuit ID,CIR000680
BP00681,Asset ID,SAS00681
BP00681,Access Line ID,AL000681
BP00681,Circuit ID,CIR000681
BP00682,Asset ID,SAS00682
BP00682,Access Line ID,AL000682
BP00682,Circuit ID,CIR000682
BP00683,Asset ID,SAS00683
BP00683,Access Line ID,AL000683
BP00683,Circuit ID,CIR000683
BP00684,Asset ID,ORPHAN_AS00684
BP00684,Access Line ID,AL000684
BP00684,Circuit ID,CIR000684
BP00685,Asset ID,SAS00685
BP00685,Access Line ID,AL000685
BP00685,Circuit ID,CIR000685
BP00686,Asset ID,SAS00686
BP00686,Access Line ID,AL000686
BP00686,Circuit ID,CIR000686
BP00687,Asset ID,SAS00687
BP00687,Access Line ID,ALX000687
BP00687,Circuit ID,CIR000687
BP00688,Asset ID,SAS00688
BP00688,Access Line ID,AL000688
BP00688,Circuit ID,CIR000688
BP00689,Asset ID,SAS00689
BP00689,Access Line ID,AL000689
BP00689,Circuit ID,CIR000689
BP00690,Asset ID,SAS00690
BP00690,Access Line ID,AL000690
BP00690,Circuit ID,CIR000690
BP00691,Asset ID,SAS00691
BP00691,Access Line ID,AL000691
BP00691,Circuit ID,CIR000691
BP00692,Asset ID,SAS00692
BP00692,Access Line ID,AL000692
BP00692,Circuit ID,CIR000692
BP00693,Asset ID,SAS00693
BP00693,Access Line ID,AL000693
BP00693,Circuit ID,CIR000693
BP00694,Asset ID,SAS00694
BP00694,Access Line ID,AL000694
BP00694,Circuit ID,CIR000694
BP00695,Asset ID,SAS00695
BP00695,Access Line ID,ALX000695
BP00695,Circuit ID,CIR000695
BP00696,Asset ID,SAS00696
BP00696,Access Line ID,AL000696
BP00696,Circuit ID,CIR000696
BP00697,Asset ID,SAS00697
BP00697,Access Line ID,AL000697
BP00697,Circuit ID,CIR000697
BP00698,Asset ID,SAS00698
BP00698,Access Line ID,AL000698
BP00698,Circuit ID,CIR000698
BP00699,Asset ID,ORPHAN_AS00699
BP00699,Access Line ID,AL000699
BP00699,Circuit ID,CIR000699
BP00700,Asset ID,SAS00700
BP00700,Access Line ID,AL000700
BP00700,Circuit ID,CIR000700
BP00701,Asset ID,SAS00701
BP00701,Access Line ID,AL000701
BP00701,Circuit ID,CIR000701
BP00702,Asset ID,SAS00702
BP00702,Access Line ID,AL000702
BP00702,Circuit ID,CIR000702
BP00703,Asset ID,SAS00703
BP00703,Access Line ID,AL000703
BP00703,Circuit ID,CIR000703
BP00704,Asset ID,SAS00704
BP00704,Access Line ID,ALX000704
BP00704,Circuit ID,CIR000704
BP00705,Asset ID,SAS00705
BP00705,Access Line ID,AL000705
BP00705,Circuit ID,CIR000705
BP00706,Asset ID,SAS00706
BP00706,Access Line ID,AL000706
BP00706,Circuit ID,CIR000706
BP00707,Asset ID,SAS00707
BP00707,Access Line ID,ALX000707
BP00707,Circuit ID,CIR000707
BP00708,Asset ID,SAS00708
BP00708,Access Line ID,AL000708
BP00708,Circuit ID,CIR000708
BP00709,Asset ID,SAS00709
BP00709,Access Line ID,AL000709
BP00709,Circuit ID,CIR000709
BP00710,Asset ID,SAS00710
BP00710,Access Line ID,AL000710
BP00710,Circuit ID,CIR000710
BP00711,Asset ID,SAS00711
BP00711,Access Line ID,AL000711
BP00711,Circuit ID,CIR000711
BP00712,Asset ID,SAS00712
BP00712,Access Line ID,AL000712
BP00712,Circuit ID,CIR000712
BP00713,Asset ID,SAS00713
BP00713,Access Line ID,AL000713
BP00713,Circuit ID,CIR000713
BP00714,Asset ID,SAS00714
BP00714,Access Line ID,AL000714
BP00714,Circuit ID,CIR000714
BP00715,Asset ID,SAS00715
BP00715,Access Line ID,AL000715
BP00715,Circuit ID,CIR000715
BP00716,Asset ID,SAS00716
BP00716,Access Line ID,AL000716
BP00716,Circuit ID,CIR000716
BP00717,Asset ID,SAS00717
BP00717,Access Line ID,AL000717
BP00717,Circuit ID,CIR000717
BP00718,Asset ID,SAS00718
BP00718,Access Line ID,AL000718
BP00718,Circuit ID,CIR000718
BP00719,Asset ID,SAS00719
BP00719,Access Line ID,AL000719
BP00719,Circuit ID,CIR000719
BP00720,Asset ID,SAS00720
BP00720,Access Line ID,AL000720
BP00720,Circuit ID,CIR000720
BP00721,Asset ID,ORPHAN_AS00721
BP00721,Access Line ID,AL000721
BP00721,Circuit ID,CIR000721
BP00722,Asset ID,SAS00722
BP00722,Access Line ID,ALX000722
BP00722,Circuit ID,CIR000722
BP00723,Asset ID,SAS00723
BP00723,Access Line ID,AL000723
BP00723,Circuit ID,CIR000723
BP00724,Asset ID,SAS00724
BP00724,Access Line ID,AL000724
BP00724,Circuit ID,CIR000724
BP00725,Asset ID,ORPHAN_AS00725
BP00725,Access Line ID,AL000725
BP00725,Circuit ID,CIR000725
BP00726,Asset ID,SAS00726
BP00726,Access Line ID,AL000726
BP00726,Circuit ID,CIR000726
BP00727,Asset ID,ORPHAN_AS00727
BP00727,Access Line ID,AL000727
BP00727,Circuit ID,CIR000727
BP00728,Asset ID,ORPHAN_AS00728
BP00728,Access Line ID,AL000728
BP00728,Circuit ID,CIR000728
BP00729,Asset ID,SAS00729
BP00729,Access Line ID,AL000729
BP00729,Circuit ID,CIR000729
BP00730,Asset ID,SAS00730
BP00730,Access Line ID,AL000730
BP00730,Circuit ID,CIR000730
BP00731,Asset ID,SAS00731
BP00731,Access Line ID,AL000731
BP00731,Circuit ID,CIR000731
BP00732,Asset ID,SAS00732
BP00732,Access Line ID,ALX000732
BP00732,Circuit ID,CIR000732
BP00733,Asset ID,SAS00733
BP00733,Access Line ID,AL000733
BP00733,Circuit ID,CIR000733
BP00734,Asset ID,SAS00734
BP00734,Access Line ID,AL000734
BP00734,Circuit ID,CIR000734
BP00735,Asset ID,SAS00735
BP00735,Access Line ID,AL000735
BP00735,Circuit ID,CIR000735
BP00736,Asset ID,SAS00736
BP00736,Access Line ID,AL000736
BP00736,Circuit ID,CIR000736
BP00737,Asset ID,SAS00737
BP00737,Access Line ID,AL000737
BP00737,Circuit ID,CIR000737
BP00738,Asset ID,SAS00738
BP00738,Access Line ID,AL000738
BP00738,Circuit ID,CIR000738
BP00739,Asset ID,SAS00739
BP00739,Access Line ID,AL000739
BP00739,Circuit ID,CIR000739
BP00740,Asset ID,SAS00740
BP00740,Access Line ID,AL000740
BP00740,Circuit ID,CIR000740
BP00741,Asset ID,SAS00741
BP00741,Access Line ID,AL000741
BP00741,Circuit ID,CIR000741
BP00742,Asset ID,SAS00742
BP00742,Access Line ID,AL000742
BP00742,Circuit ID,CIR000742
BP00743,Asset ID,SAS00743
BP00743,Access Line ID,AL000743
BP00743,Circuit ID,CIR000743
BP00744,Asset ID,SAS00744
BP00744,Access Line ID,AL000744
BP00744,Circuit ID,CIR000744
BP00745,Asset ID,SAS00745
BP00745,Access Line ID,AL000745
BP00745,Circuit ID,CIR000745
BP00746,Asset ID,SAS00746
BP00746,Access Line ID,AL000746
BP00746,Circuit ID,CIR000746
BP00747,Asset ID,SAS00747
BP00747,Access Line ID,AL000747
BP00747,Circuit ID,CIR000747
BP00748,Asset ID,SAS00748
BP00748,Access Line ID,ALX000748
BP00748,Circuit ID,CIR000748
BP00749,Asset ID,SAS00749
BP00749,Access Line ID,AL000749
BP00749,Circuit ID,CIR000749
BP00750,Asset ID,ORPHAN_AS00750
BP00750,Access Line ID,AL000750
BP00750,Circuit ID,CIR000750
BP00751,Asset ID,SAS00751
BP00751,Access Line ID,AL000751
BP00751,Circuit ID,CIR000751
BP00752,Asset ID,ORPHAN_AS00752
BP00752,Access Line ID,AL000752
BP00752,Circuit ID,CIR000752
BP00753,Asset ID,SAS00753
BP00753,Access Line ID,AL000753
BP00753,Circuit ID,CIR000753
BP00754,Asset ID,SAS00754
BP00754,Access Line ID,AL000754
BP00754,Circuit ID,CIR000754
BP00755,Asset ID,SAS00755
BP00755,Access Line ID,AL000755
BP00755,Circuit ID,CIR000755
BP00756,Asset ID,SAS00756
BP00756,Access Line ID,AL000756
BP00756,Circuit ID,CIR000756
BP00757,Asset ID,SAS00757
BP00757,Access Line ID,AL000757
BP00757,Circuit ID,CIR000757
BP00758,Asset ID,SAS00758
BP00758,Access Line ID,AL000758
BP00758,Circuit ID,CIR000758
BP00759,Asset ID,SAS00759
BP00759,Access Line ID,AL000759
BP00759,Circuit ID,CIR000759
BP00760,Asset ID,SAS00760
BP00760,Access Line ID,AL000760
BP00760,Circuit ID,CIR000760
BP00761,Asset ID,SAS00761
BP00761,Access Line ID,AL000761
BP00761,Circuit ID,CIR000761
BP00762,Asset ID,SAS00762
BP00762,Access Line ID,AL000762
BP00762,Circuit ID,CIR000762
BP00763,Asset ID,SAS00763
BP00763,Access Line ID,AL000763
BP00763,Circuit ID,CIR000763
BP00764,Asset ID,SAS00764
BP00764,Access Line ID,AL000764
BP00764,Circuit ID,CIR000764
BP00765,Asset ID,SAS00765
BP00765,Access Line ID,AL000765
BP00765,Circuit ID,CIR000765
BP00766,Asset ID,SAS00766
BP00766,Access Line ID,AL000766
BP00766,Circuit ID,CIR000766
BP00767,Asset ID,SAS00767
BP00767,Access Line ID,AL000767
BP00767,Circuit ID,CIR000767
BP00768,Asset ID,ORPHAN_AS00768
BP00768,Access Line ID,AL000768
BP00768,Circuit ID,CIR000768
BP00769,Asset ID,SAS00769
BP00769,Access Line ID,AL000769
BP00769,Circuit ID,CIR000769
BP00770,Asset ID,SAS00770
BP00770,Access Line ID,AL000770
BP00770,Circuit ID,CIR000770
BP00771,Asset ID,SAS00771
BP00771,Access Line ID,AL000771
BP00771,Circuit ID,CIR000771
BP00772,Asset ID,SAS00772
BP00772,Access Line ID,AL000772
BP00772,Circuit ID,CIR000772
BP00773,Asset ID,SAS00773
BP00773,Access Line ID,AL000773
BP00773,Circuit ID,CIR000773
BP00774,Asset ID,SAS00774
BP00774,Access Line ID,ALX000774
BP00774,Circuit ID,CIR000774
BP00775,Asset ID,SAS00775
BP00775,Access Line ID,AL000775
BP00775,Circuit ID,CIR000775
BP00776,Asset ID,SAS00776
BP00776,Access Line ID,AL000776
BP00776,Circuit ID,CIR000776
BP00777,Asset ID,SAS00777
BP00777,Access Line ID,AL000777
BP00777,Circuit ID,CIR000777
BP00778,Asset ID,SAS00778
BP00778,Access Line ID,ALX000778
BP00778,Circuit ID,CIR000778
BP00779,Asset ID,SAS00779
BP00779,Access Line ID,AL000779
BP00779,Circuit ID,CIR000779
BP00780,Asset ID,ORPHAN_AS00780
BP00780,Access Line ID,AL000780
BP00780,Circuit ID,CIR000780
BP00781,Asset ID,SAS00781
BP00781,Access Line ID,AL000781
BP00781,Circuit ID,CIR000781
BP00782,Asset ID,SAS00782
BP00782,Access Line ID,AL000782
BP00782,Circuit ID,CIR000782
BP00783,Asset ID,SAS00783
BP00783,Access Line ID,AL000783
BP00783,Circuit ID,CIR000783
BP00784,Asset ID,SAS00784
BP00784,Access Line ID,AL000784
BP00784,Circuit ID,CIR000784
BP00785,Asset ID,SAS00785
BP00785,Access Line ID,AL000785
BP00785,Circuit ID,CIR000785
BP00786,Asset ID,SAS00786
BP00786,Access Line ID,AL000786
BP00786,Circuit ID,CIR000786
BP00787,Asset ID,SAS00787
BP00787,Access Line ID,AL000787
BP00787,Circuit ID,CIR000787
BP00788,Asset ID,SAS00788
BP00788,Access Line ID,AL000788
BP00788,Circuit ID,CIR000788
BP00789,Asset ID,SAS00789
BP00789,Access Line ID,AL000789
BP00789,Circuit ID,CIR000789
BP00790,Asset ID,SAS00790
BP00790,Access Line ID,AL000790
BP00790,Circuit ID,CIR000790
BP00791,Asset ID,SAS00791
BP00791,Access Line ID,AL000791
BP00791,Circuit ID,CIR000791
BP00792,Asset ID,SAS00792
BP00792,Access Line ID,AL000792
BP00792,Circuit ID,CIR000792
BP00793,Asset ID,SAS00793
BP00793,Access Line ID,AL000793
BP00793,Circuit ID,CIR000793
BP00794,Asset ID,SAS00794
BP00794,Access Line ID,AL000794
BP00794,Circuit ID,CIR000794
BP00795,Asset ID,SAS00795
BP00795,Access Line ID,AL000795
BP00795,Circuit ID,CIR000795
BP00796,Asset ID,SAS00796
BP00796,Access Line ID,AL000796
BP00796,Circuit ID,CIR000796
BP00797,Asset ID,SAS00797
BP00797,Access Line ID,AL000797
BP00797,Circuit ID,CIR000797
BP00798,Asset ID,SAS00798
BP00798,Access Line ID,AL000798
BP00798,Circuit ID,CIR000798
BP00799,Asset ID,SAS00799
BP00799,Access Line ID,AL000799
BP00799,Circuit ID,CIR000799
BP00800,Asset ID,ORPHAN_AS00800
BP00800,Access Line ID,ALX000800
BP00800,Circuit ID,CIR000800
BP00801,Asset ID,SAS00801
BP00801,Access Line ID,AL000801
BP00801,Circuit ID,CIR000801
BP00802,Asset ID,SAS00802
BP00802,Access Line ID,AL000802
BP00802,Circuit ID,CIR000802
BP00803,Asset ID,ORPHAN_AS00803
BP00803,Access Line ID,AL000803
BP00803,Circuit ID,CIR000803
BP00804,Asset ID,SAS00804
BP00804,Access Line ID,AL000804
BP00804,Circuit ID,CIR000804
BP00805,Asset ID,ORPHAN_AS00805
BP00805,Access Line ID,AL000805
BP00805,Circuit ID,CIR000805
BP00806,Asset ID,SAS00806
BP00806,Access Line ID,AL000806
BP00806,Circuit ID,CIR000806
BP00807,Asset ID,SAS00807
BP00807,Access Line ID,AL000807
BP00807,Circuit ID,CIR000807
BP00808,Asset ID,SAS00808
BP00808,Access Line ID,AL000808
BP00808,Circuit ID,CIR000808
BP00809,Asset ID,SAS00809
BP00809,Access Line ID,AL000809
BP00809,Circuit ID,CIR000809
BP00810,Asset ID,SAS00810
BP00810,Access Line ID,AL000810
BP00810,Circuit ID,CIR000810
BP00811,Asset ID,SAS00811
BP00811,Access Line ID,AL000811
BP00811,Circuit ID,CIR000811
BP00812,Asset ID,SAS00812
BP00812,Access Line ID,AL000812
BP00812,Circuit ID,CIR000812
BP00813,Asset ID,SAS00813
BP00813,Access Line ID,ALX000813
BP00813,Circuit ID,CIR000813
BP00814,Asset ID,SAS00814
BP00814,Access Line ID,AL000814
BP00814,Circuit ID,CIR000814
BP00815,Asset ID,SAS00815
BP00815,Access Line ID,AL000815
BP00815,Circuit ID,CIR000815
BP00816,Asset ID,SAS00816
BP00816,Access Line ID,AL000816
BP00816,Circuit ID,CIR000816
BP00817,Asset ID,SAS00817
BP00817,Access Line ID,AL000817
BP00817,Circuit ID,CIR000817
BP00818,Asset ID,SAS00818
BP00818,Access Line ID,AL000818
BP00818,Circuit ID,CIR000818
BP00819,Asset ID,SAS00819
BP00819,Access Line ID,AL000819
BP00819,Circuit ID,CIR000819
BP00820,Asset ID,SAS00820
BP00820,Access Line ID,AL000820
BP00820,Circuit ID,CIR000820
BP00821,Asset ID,SAS00821
BP00821,Access Line ID,AL000821
BP00821,Circuit ID,CIR000821
BP00822,Asset ID,SAS00822
BP00822,Access Line ID,AL000822
BP00822,Circuit ID,CIR000822
BP00823,Asset ID,SAS00823
BP00823,Access Line ID,AL000823
BP00823,Circuit ID,CIR000823
BP00824,Asset ID,ORPHAN_AS00824
BP00824,Access Line ID,AL000824
BP00824,Circuit ID,CIR000824
BP00825,Asset ID,SAS00825
BP00825,Access Line ID,AL000825
BP00825,Circuit ID,CIR000825
BP00826,Asset ID,ORPHAN_AS00826
BP00826,Access Line ID,AL000826
BP00826,Circuit ID,CIR000826
BP00827,Asset ID,SAS00827
BP00827,Access Line ID,AL000827
BP00827,Circuit ID,CIR000827
BP00828,Asset ID,SAS00828
BP00828,Access Line ID,AL000828
BP00828,Circuit ID,CIR000828
BP00829,Asset ID,SAS00829
BP00829,Access Line ID,AL000829
BP00829,Circuit ID,CIR000829
BP00830,Asset ID,SAS00830
BP00830,Access Line ID,AL000830
BP00830,Circuit ID,CIR000830
BP00831,Asset ID,SAS00831
BP00831,Access Line ID,AL000831
BP00831,Circuit ID,CIR000831
BP00832,Asset ID,SAS00832
BP00832,Access Line ID,AL000832
BP00832,Circuit ID,CIR000832
BP00833,Asset ID,SAS00833
BP00833,Access Line ID,AL000833
BP00833,Circuit ID,CIR000833
BP00834,Asset ID,SAS00834
BP00834,Access Line ID,ALX000834
BP00834,Circuit ID,CIR000834
BP00835,Asset ID,SAS00835
BP00835,Access Line ID,AL000835
BP00835,Circuit ID,CIR000835
BP00836,Asset ID,SAS00836
BP00836,Access Line ID,AL000836
BP00836,Circuit ID,CIR000836
BP00837,Asset ID,SAS00837
BP00837,Access Line ID,ALX000837
BP00837,Circuit ID,CIR000837
BP00838,Asset ID,SAS00838
BP00838,Access Line ID,AL000838
BP00838,Circuit ID,CIR000838
BP00839,Asset ID,SAS00839
BP00839,Access Line ID,AL000839
BP00839,Circuit ID,CIR000839
BP00840,Asset ID,SAS00840
BP00840,Access Line ID,AL000840
BP00840,Circuit ID,CIR000840
BP00841,Asset ID,SAS00841
BP00841,Access Line ID,AL000841
BP00841,Circuit ID,CIR000841
BP00842,Asset ID,SAS00842
BP00842,Access Line ID,AL000842
BP00842,Circuit ID,CIR000842
BP00843,Asset ID,SAS00843
BP00843,Access Line ID,AL000843
BP00843,Circuit ID,CIR000843
BP00844,Asset ID,SAS00844
BP00844,Access Line ID,AL000844
BP00844,Circuit ID,CIR000844
BP00845,Asset ID,SAS00845
BP00845,Access Line ID,AL000845
BP00845,Circuit ID,CIR000845
BP00846,Asset ID,SAS00846
BP00846,Access Line ID,AL000846
BP00846,Circuit ID,CIR000846
BP00847,Asset ID,SAS00847
BP00847,Access Line ID,AL000847
BP00847,Circuit ID,CIR000847
BP00848,Asset ID,SAS00848
BP00848,Access Line ID,AL000848
BP00848,Circuit ID,CIR000848
BP00849,Asset ID,SAS00849
BP00849,Access Line ID,AL000849
BP00849,Circuit ID,CIR000849
BP00850,Asset ID,SAS00850
BP00850,Access Line ID,ALX000850
BP00850,Circuit ID,CIR000850
BP00851,Asset ID,SAS00851
BP00851,Access Line ID,AL000851
BP00851,Circuit ID,CIR000851
BP00852,Asset ID,SAS00852
BP00852,Access Line ID,AL000852
BP00852,Circuit ID,CIR000852
BP00853,Asset ID,SAS00853
BP00853,Access Line ID,AL000853
BP00853,Circuit ID,CIR000853
BP00854,Asset ID,SAS00854
BP00854,Access Line ID,AL000854
BP00854,Circuit ID,CIR000854
BP00855,Asset ID,ORPHAN_AS00855
BP00855,Access Line ID,AL000855
BP00855,Circuit ID,CIR000855
BP00856,Asset ID,SAS00856
BP00856,Access Line ID,AL000856
BP00856,Circuit ID,CIR000856
BP00857,Asset ID,ORPHAN_AS00857
BP00857,Access Line ID,AL000857
BP00857,Circuit ID,CIR000857
BP00858,Asset ID,SAS00858
BP00858,Access Line ID,AL000858
BP00858,Circuit ID,CIR000858
BP00859,Asset ID,SAS00859
BP00859,Access Line ID,ALX000859
BP00859,Circuit ID,CIR000859
BP00860,Asset ID,SAS00860
BP00860,Access Line ID,ALX000860
BP00860,Circuit ID,CIR000860
BP00861,Asset ID,SAS00861
BP00861,Access Line ID,AL000861
BP00861,Circuit ID,CIR000861
BP00862,Asset ID,SAS00862
BP00862,Access Line ID,AL000862
BP00862,Circuit ID,CIR000862
BP00863,Asset ID,SAS00863
BP00863,Access Line ID,AL000863
BP00863,Circuit ID,CIR000863
BP00864,Asset ID,SAS00864
BP00864,Access Line ID,AL000864
BP00864,Circuit ID,CIR000864
BP00865,Asset ID,SAS00865
BP00865,Access Line ID,AL000865
BP00865,Circuit ID,CIR000865
BP00866,Asset ID,SAS00866
BP00866,Access Line ID,AL000866
BP00866,Circuit ID,CIR000866
BP00867,Asset ID,SAS00867
BP00867,Access Line ID,AL000867
BP00867,Circuit ID,CIR000867
BP00868,Asset ID,SAS00868
BP00868,Access Line ID,AL000868
BP00868,Circuit ID,CIR000868
BP00869,Asset ID,SAS00869
BP00869,Access Line ID,AL000869
BP00869,Circuit ID,CIR000869
BP00870,Asset ID,SAS00870
BP00870,Access Line ID,AL000870
BP00870,Circuit ID,CIR000870
BP00871,Asset ID,SAS00871
BP00871,Access Line ID,AL000871
BP00871,Circuit ID,CIR000871
BP00872,Asset ID,SAS00872
BP00872,Access Line ID,AL000872
BP00872,Circuit ID,CIR000872
BP00873,Asset ID,SAS00873
BP00873,Access Line ID,AL000873
BP00873,Circuit ID,CIR000873
BP00874,Asset ID,SAS00874
BP00874,Access Line ID,AL000874
BP00874,Circuit ID,CIR000874
BP00875,Asset ID,SAS00875
BP00875,Access Line ID,AL000875
BP00875,Circuit ID,CIR000875
BP00876,Asset ID,ORPHAN_AS00876
BP00876,Access Line ID,AL000876
BP00876,Circuit ID,CIR000876
BP00877,Asset ID,SAS00877
BP00877,Access Line ID,AL000877
BP00877,Circuit ID,CIR000877
BP00878,Asset ID,SAS00878
BP00878,Access Line ID,AL000878
BP00878,Circuit ID,CIR000878
BP00879,Asset ID,ORPHAN_AS00879
BP00879,Access Line ID,AL000879
BP00879,Circuit ID,CIR000879
BP00880,Asset ID,SAS00880
BP00880,Access Line ID,AL000880
BP00880,Circuit ID,CIR000880
BP00881,Asset ID,SAS00881
BP00881,Access Line ID,AL000881
BP00881,Circuit ID,CIR000881
BP00882,Asset ID,SAS00882
BP00882,Access Line ID,AL000882
BP00882,Circuit ID,CIR000882
BP00883,Asset ID,SAS00883
BP00883,Access Line ID,AL000883
BP00883,Circuit ID,CIR000883
BP00884,Asset ID,SAS00884
BP00884,Access Line ID,AL000884
BP00884,Circuit ID,CIR000884
BP00885,Asset ID,SAS00885
BP00885,Access Line ID,AL000885
BP00885,Circuit ID,CIR000885
BP00886,Asset ID,SAS00886
BP00886,Access Line ID,AL000886
BP00886,Circuit ID,CIR000886
BP00887,Asset ID,SAS00887
BP00887,Access Line ID,AL000887
BP00887,Circuit ID,CIR000887
BP00888,Asset ID,SAS00888
BP00888,Access Line ID,ALX000888
BP00888,Circuit ID,CIR000888
BP00889,Asset ID,SAS00889
BP00889,Access Line ID,AL000889
BP00889,Circuit ID,CIR000889
BP00890,Asset ID,ORPHAN_AS00890
BP00890,Access Line ID,AL000890
BP00890,Circuit ID,CIR000890
BP00891,Asset ID,SAS00891
BP00891,Access Line ID,AL000891
BP00891,Circuit ID,CIR000891
BP00892,Asset ID,SAS00892
BP00892,Access Line ID,AL000892
BP00892,Circuit ID,CIR000892
BP00893,Asset ID,SAS00893
BP00893,Access Line ID,AL000893
BP00893,Circuit ID,CIR000893
BP00894,Asset ID,SAS00894
BP00894,Access Line ID,AL000894
BP00894,Circuit ID,CIR000894
BP00895,Asset ID,SAS00895
BP00895,Access Line ID,AL000895
BP00895,Circuit ID,CIR000895
BP00896,Asset ID,SAS00896
BP00896,Access Line ID,AL000896
BP00896,Circuit ID,CIR000896
BP00897,Asset ID,SAS00897
BP00897,Access Line ID,ALX000897
BP00897,Circuit ID,CIR000897
BP00898,Asset ID,ORPHAN_AS00898
BP00898,Access Line ID,AL000898
BP00898,Circuit ID,CIR000898
BP00899,Asset ID,SAS00899
BP00899,Access Line ID,ALX000899
BP00899,Circuit ID,CIR000899
BP00900,Asset ID,SAS00900
BP00900,Access Line ID,AL000900
BP00900,Circuit ID,CIR000900
BP00901,Asset ID,SAS00901
BP00901,Access Line ID,AL000901
BP00901,Circuit ID,CIR000901
BP00902,Asset ID,SAS00902
BP00902,Access Line ID,AL000902
BP00902,Circuit ID,CIR000902
BP00903,Asset ID,SAS00903
BP00903,Access Line ID,AL000903
BP00903,Circuit ID,CIR000903
BP00904,Asset ID,SAS00904
BP00904,Access Line ID,AL000904
BP00904,Circuit ID,CIR000904
BP00905,Asset ID,SAS00905
BP00905,Access Line ID,ALX000905
BP00905,Circuit ID,CIR000905
BP00906,Asset ID,SAS00906
BP00906,Access Line ID,AL000906
BP00906,Circuit ID,CIR000906
BP00907,Asset ID,SAS00907
BP00907,Access Line ID,AL000907
BP00907,Circuit ID,CIR000907
BP00908,Asset ID,SAS00908
BP00908,Access Line ID,AL000908
BP00908,Circuit ID,CIR000908
BP00909,Asset ID,SAS00909
BP00909,Access Line ID,AL000909
BP00909,Circuit ID,CIR000909
BP00910,Asset ID,SAS00910
BP00910,Access Line ID,AL000910
BP00910,Circuit ID,CIR000910
BP00911,Asset ID,SAS00911
BP00911,Access Line ID,AL000911
BP00911,Circuit ID,CIR000911
BP00912,Asset ID,SAS00912
BP00912,Access Line ID,AL000912
BP00912,Circuit ID,CIR000912
BP00913,Asset ID,SAS00913
BP00913,Access Line ID,AL000913
BP00913,Circuit ID,CIR000913
BP00914,Asset ID,SAS00914
BP00914,Access Line ID,AL000914
BP00914,Circuit ID,CIR000914
BP00915,Asset ID,SAS00915
BP00915,Access Line ID,AL000915
BP00915,Circuit ID,CIR000915
BP00916,Asset ID,SAS00916
BP00916,Access Line ID,AL000916
BP00916,Circuit ID,CIR000916
BP00917,Asset ID,ORPHAN_AS00917
BP00917,Access Line ID,AL000917
BP00917,Circuit ID,CIR000917
BP00918,Asset ID,SAS00918
BP00918,Access Line ID,AL000918
BP00918,Circuit ID,CIR000918
BP00919,Asset ID,SAS00919
BP00919,Access Line ID,AL000919
BP00919,Circuit ID,CIR000919
BP00920,Asset ID,ORPHAN_AS00920
BP00920,Access Line ID,AL000920
BP00920,Circuit ID,CIR000920
BP00921,Asset ID,SAS00921
BP00921,Access Line ID,AL000921
BP00921,Circuit ID,CIR000921
BP00922,Asset ID,SAS00922
BP00922,Access Line ID,AL000922
BP00922,Circuit ID,CIR000922
BP00923,Asset ID,SAS00923
BP00923,Access Line ID,ALX000923
BP00923,Circuit ID,CIR000923
BP00924,Asset ID,SAS00924
BP00924,Access Line ID,AL000924
BP00924,Circuit ID,CIR000924
BP00925,Asset ID,SAS00925
BP00925,Access Line ID,AL000925
BP00925,Circuit ID,CIR000925
BP00926,Asset ID,ORPHAN_AS00926
BP00926,Access Line ID,AL000926
BP00926,Circuit ID,CIR000926
BP00927,Asset ID,SAS00927
BP00927,Access Line ID,AL000927
BP00927,Circuit ID,CIR000927
BP00928,Asset ID,ORPHAN_AS00928
BP00928,Access Line ID,AL000928
BP00928,Circuit ID,CIR000928
BP00929,Asset ID,SAS00929
BP00929,Access Line ID,AL000929
BP00929,Circuit ID,CIR000929
BP00930,Asset ID,SAS00930
BP00930,Access Line ID,AL000930
BP00930,Circuit ID,CIR000930
BP00931,Asset ID,SAS00931
BP00931,Access Line ID,ALX000931
BP00931,Circuit ID,CIR000931
BP00932,Asset ID,SAS00932
BP00932,Access Line ID,ALX000932
BP00932,Circuit ID,CIR000932
BP00933,Asset ID,SAS00933
BP00933,Access Line ID,ALX000933
BP00933,Circuit ID,CIR000933
BP00934,Asset ID,SAS00934
BP00934,Access Line ID,AL000934
BP00934,Circuit ID,CIR000934
BP00935,Asset ID,SAS00935
BP00935,Access Line ID,ALX000935
BP00935,Circuit ID,CIR000935
BP00936,Asset ID,SAS00936
BP00936,Access Line ID,AL000936
BP00936,Circuit ID,CIR000936
BP00937,Asset ID,SAS00937
BP00937,Access Line ID,AL000937
BP00937,Circuit ID,CIR000937
BP00938,Asset ID,SAS00938
BP00938,Access Line ID,ALX000938
BP00938,Circuit ID,CIR000938
BP00939,Asset ID,SAS00939
BP00939,Access Line ID,AL000939
BP00939,Circuit ID,CIR000939
BP00940,Asset ID,SAS00940
BP00940,Access Line ID,ALX000940
BP00940,Circuit ID,CIR000940
BP00941,Asset ID,SAS00941
BP00941,Access Line ID,AL000941
BP00941,Circuit ID,CIR000941
BP00942,Asset ID,SAS00942
BP00942,Access Line ID,AL000942
BP00942,Circuit ID,CIR000942
BP00943,Asset ID,SAS00943
BP00943,Access Line ID,AL000943
BP00943,Circuit ID,CIR000943
BP00944,Asset ID,SAS00944
BP00944,Access Line ID,AL000944
BP00944,Circuit ID,CIR000944
BP00945,Asset ID,SAS00945
BP00945,Access Line ID,AL000945
BP00945,Circuit ID,CIR000945
BP00946,Asset ID,SAS00946
BP00946,Access Line ID,ALX000946
BP00946,Circuit ID,CIR000946
BP00947,Asset ID,SAS00947
BP00947,Access Line ID,AL000947
BP00947,Circuit ID,CIR000947
BP00948,Asset ID,SAS00948
BP00948,Access Line ID,AL000948
BP00948,Circuit ID,CIR000948
BP00949,Asset ID,SAS00949
BP00949,Access Line ID,AL000949
BP00949,Circuit ID,CIR000949
BP00950,Asset ID,SAS00950
BP00950,Access Line ID,ALX000950
BP00950,Circuit ID,CIR000950
BP00951,Asset ID,ORPHAN_AS00951
BP00951,Access Line ID,AL000951
BP00951,Circuit ID,CIR000951
BP00952,Asset ID,SAS00952
BP00952,Access Line ID,AL000952
BP00952,Circuit ID,CIR000952
BP00953,Asset ID,SAS00953
BP00953,Access Line ID,AL000953
BP00953,Circuit ID,CIR000953
BP00954,Asset ID,SAS00954
BP00954,Access Line ID,AL000954
BP00954,Circuit ID,CIR000954
BP00955,Asset ID,SAS00955
BP00955,Access Line ID,AL000955
BP00955,Circuit ID,CIR000955
BP00956,Asset ID,ORPHAN_AS00956
BP00956,Access Line ID,ALX000956
BP00956,Circuit ID,CIR000956
BP00957,Asset ID,SAS00957
BP00957,Access Line ID,AL000957
BP00957,Circuit ID,CIR000957
BP00958,Asset ID,SAS00958
BP00958,Access Line ID,ALX000958
BP00958,Circuit ID,CIR000958
BP00959,Asset ID,SAS00959
BP00959,Access Line ID,AL000959
BP00959,Circuit ID,CIR000959
BP00960,Asset ID,SAS00960
BP00960,Access Line ID,AL000960
BP00960,Circuit ID,CIR000960
BP00961,Asset ID,SAS00961
BP00961,Access Line ID,AL000961
BP00961,Circuit ID,CIR000961
BP00962,Asset ID,SAS00962
BP00962,Access Line ID,AL000962
BP00962,Circuit ID,CIR000962
BP00963,Asset ID,SAS00963
BP00963,Access Line ID,AL000963
BP00963,Circuit ID,CIR000963
BP00964,Asset ID,SAS00964
BP00964,Access Line ID,AL000964
BP00964,Circuit ID,CIR000964
BP00965,Asset ID,SAS00965
BP00965,Access Line ID,ALX000965
BP00965,Circuit ID,CIR000965
BP00966,Asset ID,SAS00966
BP00966,Access Line ID,AL000966
BP00966,Circuit ID,CIR000966
BP00967,Asset ID,SAS00967
BP00967,Access Line ID,AL000967
BP00967,Circuit ID,CIR000967
BP00968,Asset ID,SAS00968
BP00968,Access Line ID,AL000968
BP00968,Circuit ID,CIR000968
BP00969,Asset ID,SAS00969
BP00969,Access Line ID,AL000969
BP00969,Circuit ID,CIR000969
BP00970,Asset ID,SAS00970
BP00970,Access Line ID,AL000970
BP00970,Circuit ID,CIR000970
BP00971,Asset ID,SAS00971
BP00971,Access Line ID,AL000971
BP00971,Circuit ID,CIR000971
BP00972,Asset ID,SAS00972
BP00972,Access Line ID,AL000972
BP00972,Circuit ID,CIR000972
BP00973,Asset ID,SAS00973
BP00973,Access Line ID,AL000973
BP00973,Circuit ID,CIR000973
BP00974,Asset ID,SAS00974
BP00974,Access Line ID,AL000974
BP00974,Circuit ID,CIR000974
BP00975,Asset ID,SAS00975
BP00975,Access Line ID,AL000975
BP00975,Circuit ID,CIR000975
BP00976,Asset ID,SAS00976
BP00976,Access Line ID,AL000976
BP00976,Circuit ID,CIR000976
BP00977,Asset ID,SAS00977
BP00977,Access Line ID,AL000977
BP00977,Circuit ID,CIR000977
BP00978,Asset ID,SAS00978
BP00978,Access Line ID,AL000978
BP00978,Circuit ID,CIR000978
BP00979,Asset ID,SAS00979
BP00979,Access Line ID,AL000979
BP00979,Circuit ID,CIR000979
BP00980,Asset ID,SAS00980
BP00980,Access Line ID,AL000980
BP00980,Circuit ID,CIR000980
BP00981,Asset ID,SAS00981
BP00981,Access Line ID,AL000981
BP00981,Circuit ID,CIR000981
BP00982,Asset ID,SAS00982
BP00982,Access Line ID,AL000982
BP00982,Circuit ID,CIR000982
BP00983,Asset ID,SAS00983
BP00983,Access Line ID,AL000983
BP00983,Circuit ID,CIR000983
BP00984,Asset ID,SAS00984
BP00984,Access Line ID,AL000984
BP00984,Circuit ID,CIR000984
BP00985,Asset ID,SAS00985
BP00985,Access Line ID,AL000985
BP00985,Circuit ID,CIR000985
BP00986,Asset ID,SAS00986
BP00986,Access Line ID,AL000986
BP00986,Circuit ID,CIR000986
BP00987,Asset ID,SAS00987
BP00987,Access Line ID,AL000987
BP00987,Circuit ID,CIR000987
BP00988,Asset ID,SAS00988
BP00988,Access Line ID,AL000988
BP00988,Circuit ID,CIR000988
BP00989,Asset ID,SAS00989
BP00989,Access Line ID,AL000989
BP00989,Circuit ID,CIR000989
BP00990,Asset ID,SAS00990
BP00990,Access Line ID,AL000990
BP00990,Circuit ID,CIR000990
BP00991,Asset ID,SAS00991
BP00991,Access Line ID,AL000991
BP00991,Circuit ID,CIR000991
BP00992,Asset ID,SAS00992
BP00992,Access Line ID,AL000992
BP00992,Circuit ID,CIR000992
BP00993,Asset ID,ORPHAN_AS00993
BP00993,Access Line ID,AL000993
BP00993,Circuit ID,CIR000993
BP00994,Asset ID,SAS00994
BP00994,Access Line ID,AL000994
BP00994,Circuit ID,CIR000994
BP00995,Asset ID,SAS00995
BP00995,Access Line ID,AL000995
BP00995,Circuit ID,CIR000995
BP00996,Asset ID,SAS00996
BP00996,Access Line ID,AL000996
BP00996,Circuit ID,CIR000996
BP00997,Asset ID,SAS00997
BP00997,Access Line ID,AL000997
BP00997,Circuit ID,CIR000997
BP00998,Asset ID,SAS00998
BP00998,Access Line ID,ALX000998
BP00998,Circuit ID,CIR000998
BP00999,Asset ID,SAS00999
BP00999,Access Line ID,AL000999
BP00999,Circuit ID,CIR000999
BP01000,Asset ID,SAS01000
BP01000,Access Line ID,AL001000
BP01000,Circuit ID,CIR001000
