billing_account_id,customer_name,billing_account_status,segment
BA00001,Customer 00001,Active,SME
BA00002,Customer 00002,Active,Enterprise
BA00003,Customer 00003,Active,Consumer
BA00004,Customer 00004,Active,SME
BA00005,Customer 00005,Active,Consumer
BA00006,Customer 00006,Active,SME
BA00007,Customer 00007,Active,SME
BA00008,Customer 00008,Inactive,Enterprise
BA00009,Customer 00009,Active,Consumer
BA00010,Customer 00010,Inactive,Enterprise
BA00011,Customer 00011,Active,Consumer
BA00012,Customer 00012,Inactive,SME
BA00013,Customer 00013,Active,Enterprise
BA00014,Customer 00014,Active,Consumer
BA00015,Customer 00015,Active,SME
BA00016,Customer 00016,Active,Consumer
BA00017,Customer 00017,Active,SME
BA00018,Customer 00018,Active,Enterprise
BA00019,Customer 00019,Active,Enterprise
BA00020,Customer 00020,Active,SME
BA00021,Customer 00021,Active,SME
BA00022,Customer 00022,Active,Enterprise
BA00023,Customer 00023,Active,SME
BA00024,Customer 00024,Active,SME
BA00025,Customer 00025,Active,SME
BA00026,Customer 00026,Active,Enterprise
BA00027,Customer 00027,Active,SME
BA00028,Customer 00028,Active,Consumer
BA00029,Customer 00029,Active,SME
BA00030,Customer 00030,Active,Consumer
BA00031,Customer 00031,Active,SME
BA00032,Customer 00032,Active,SME
BA00033,Customer 00033,Inactive,SME
BA00034,Customer 00034,Active,Enterprise
BA00035,Customer 00035,Active,Consumer
BA00036,Customer 00036,Active,SME
BA00037,Customer 00037,Inactive,SME
BA00038,Customer 00038,Active,Enterprise
BA00039,Customer 00039,Active,SME
BA00040,Customer 00040,Active,SME
BA00041,Customer 00041,Active,Enterprise
BA00042,Customer 00042,Active,SME
BA00043,Customer 00043,Inactive,SME
BA00044,Customer 00044,Inactive,Enterprise
BA00045,Customer 00045,Inactive,Enterprise
BA00046,Customer 00046,Active,Consumer
BA00047,Customer 00047,Active,Enterprise
BA00048,Customer 00048,Active,SME
BA00049,Customer 00049,Inactive,Enterprise
BA00050,Customer 00050,Active,Enterprise
BA00051,Customer 00051,Active,Consumer
BA00052,Customer 00052,Active,Enterprise
BA00053,Customer 00053,Active,SME
BA00054,Customer 00054,Active,Consumer
BA00055,Customer 00055,Active,Enterprise
BA00056,Customer 00056,Active,Consumer
BA00057,Customer 00057,Active,SME
BA00058,Customer 00058,Active,Consumer
BA00059,Customer 00059,Active,SME
BA00060,Customer 00060,Active,SME
BA00061,Customer 00061,Active,SME
BA00062,Customer 00062,Active,SME
BA00063,Customer 00063,Active,SME
BA00064,Customer 00064,Inactive,SME
BA00065,Customer 00065,Active,SME
BA00066,Customer 00066,Active,Consumer
BA00067,Customer 00067,Active,Enterprise
BA00068,Customer 00068,Active,SME
BA00069,Customer 00069,Active,Consumer
BA00070,Customer 00070,Active,Consumer
BA00071,Customer 00071,Active,SME
BA00072,Customer 00072,Active,SME
BA00073,Customer 00073,Active,SME
BA00074,Customer 00074,Active,SME
BA00075,Customer 00075,Inactive,Enterprise
BA00076,Customer 00076,Active,SME
BA00077,Customer 00077,Active,Enterprise
BA00078,Customer 00078,Active,Consumer
BA00079,Customer 00079,Active,Consumer
BA00080,Customer 00080,Active,Consumer
BA00081,Customer 00081,Active,Enterprise
BA00082,Customer 00082,Active,SME
BA00083,Customer 00083,Active,Enterprise
BA00084,Customer 00084,Active,Enterprise
BA00085,Customer 00085,Inactive,Consumer
BA00086,Customer 00086,Active,Enterprise
BA00087,Customer 00087,Active,Consumer
BA00088,Customer 00088,Active,SME
BA00089,Customer 00089,Active,SME
BA00090,Customer 00090,Active,Enterprise
BA00091,Customer 00091,Inactive,Consumer
BA00092,Customer 00092,Active,Enterprise
BA00093,Customer 00093,Inactive,Consumer
BA00094,Customer 00094,Active,Consumer
BA00095,Customer 00095,Active,SME
BA00096,Customer 00096,Active,Enterprise
BA00097,Customer 00097,Active,Enterprise
BA00098,Customer 00098,Inactive,Enterprise
BA00099,Customer 00099,Active,SME
BA00100,Customer 00100,Inactive,Enterprise
BA00101,Customer 00101,Active,SME
BA00102,Customer 00102,Active,Enterprise
BA00103,Customer 00103,Inactive,Enterprise
BA00104,Customer 00104,Active,Consumer
BA00105,Customer 00105,Active,SME
BA00106,Customer 00106,Active,Consumer
BA00107,Customer 00107,Active,Enterprise
BA00108,Customer 00108,Inactive,SME
BA00109,Customer 00109,Active,SME
BA00110,Customer 00110,Active,SME
BA00111,Customer 00111,Active,Consumer
BA00112,Customer 00112,Active,SME
BA00113,Customer 00113,Active,Enterprise
BA00114,Customer 00114,Active,SME
BA00115,Customer 00115,Active,SME
BA00116,Customer 00116,Active,SME
BA00117,Customer 00117,Inactive,Enterprise
BA00118,Customer 00118,Active,Enterprise
BA00119,Customer 00119,Active,SME
BA00120,Customer 00120,Active,SME
BA00121,Customer 00121,Active,SME
BA00122,Customer 00122,Active,Enterprise
BA00123,Customer 00123,Active,Consumer
BA00124,Customer 00124,Active,SME
BA00125,Customer 00125,Active,SME
BA00126,Customer 00126,Active,Consumer
BA00127,Customer 00127,Active,SME
BA00128,Customer 00128,Inactive,Enterprise
BA00129,Customer 00129,Active,Enterprise
BA00130,Customer 00130,Active,SME
BA00131,Customer 00131,Active,Enterprise
BA00132,Customer 00132,Active,SME
BA00133,Customer 00133,Active,Consumer
BA00134,Customer 00134,Inactive,SME
BA00135,Customer 00135,Active,Consumer
BA00136,Customer 00136,Active,SME
BA00137,Customer 00137,Active,Enterprise
BA00138,Customer 00138,Active,Enterprise
BA00139,Customer 00139,Active,Consumer
BA00140,Customer 00140,Inactive,Enterprise
BA00141,Customer 00141,Active,SME
BA00142,Customer 00142,Active,SME
BA00143,Customer 00143,Active,Enterprise
BA00144,Customer 00144,Active,SME
BA00145,Customer 00145,Active,Consumer
BA00146,Customer 00146,Active,Consumer
BA00147,Customer 00147,Active,Enterprise
BA00148,Customer 00148,Active,Consumer
BA00149,Customer 00149,Active,Consumer
BA00150,Customer 00150,Active,Enterprise
BA00151,Customer 00151,Active,Enterprise
BA00152,Customer 00152,Active,Enterprise
BA00153,Customer 00153,Active,SME
BA00154,Customer 00154,Active,Consumer
BA00155,Customer 00155,Active,Consumer
BA00156,Customer 00156,Active,Enterprise
BA00157,Customer 00157,Active,Enterprise
BA00158,Customer 00158,Active,Enterprise
BA00159,Customer 00159,Active,SME
BA00160,Customer 00160,Active,Consumer
BA00161,Customer 00161,Active,SME
BA00162,Customer 00162,Active,Enterprise
BA00163,Customer 00163,Inactive,Enterprise
BA00164,Customer 00164,Active,SME
BA00165,Customer 00165,Active,Enterprise
BA00166,Customer 00166,Active,Enterprise
BA00167,Customer 00167,Inactive,Enterprise
BA00168,Customer 00168,Active,SME
BA00169,Customer 00169,Active,Consumer
BA00170,Customer 00170,Active,Consumer
BA00171,Customer 00171,Active,Enterprise
BA00172,Customer 00172,Inactive,Consumer
BA00173,Customer 00173,Active,Enterprise
BA00174,Customer 00174,Active,Consumer
BA00175,Customer 00175,Active,Enterprise
BA00176,Customer 00176,Active,Enterprise
BA00177,Customer 00177,Active,SME
BA00178,Customer 00178,Active,Consumer
BA00179,Customer 00179,Active,Consumer
BA00180,Customer 00180,Active,Consumer
BA00181,Customer 00181,Active,SME
BA00182,Customer 00182,Inactive,SME
BA00183,Customer 00183,Active,SME
BA00184,Customer 00184,Active,Consumer
BA00185,Customer 00185,Active,SME
BA00186,Customer 00186,Active,Consumer
BA00187,Customer 00187,Active,Enterprise
BA00188,Customer 00188,Active,SME
BA00189,Customer 00189,Active,Enterprise
BA00190,Customer 00190,Active,Enterprise
BA00191,Customer 00191,Active,SME
BA00192,Customer 00192,Active,SME
BA00193,Customer 00193,Active,Enterprise
BA00194,Customer 00194,Active,Enterprise
BA00195,Customer 00195,Inactive,SME
BA00196,Customer 00196,Active,Consumer
BA00197,Customer 00197,Active,SME
BA00198,Customer 00198,Active,Enterprise
BA00199,Customer 00199,Active,Enterprise
BA00200,Customer 00200,Active,SME
BA00201,Customer 00201,Active,Enterprise
BA00202,Customer 00202,Inactive,SME
BA00203,Customer 00203,Active,SME
BA00204,Customer 00204,Active,SME
BA00205,Customer 00205,Active,SME
BA00206,Customer 00206,Active,Consumer
BA00207,Customer 00207,Active,Enterprise
BA00208,Customer 00208,Inactive,SME
BA00209,Customer 00209,Inactive,Enterprise
BA00210,Customer 00210,Active,Consumer
BA00211,Customer 00211,Inactive,Enterprise
BA00212,Customer 00212,Active,SME
BA00213,Customer 00213,Active,Enterprise
BA00214,Customer 00214,Active,SME
BA00215,Customer 00215,Active,Consumer
BA00216,Customer 00216,Active,SME
BA00217,Customer 00217,Active,Consumer
BA00218,Customer 00218,Active,Consumer
BA00219,Customer 00219,Active,Consumer
BA00220,Customer 00220,Active,Consumer
BA00221,Customer 00221,Active,SME
BA00222,Customer 00222,Active,Consumer
BA00223,Customer 00223,Active,Consumer
BA00224,Customer 00224,Active,SME
BA00225,Customer 00225,Active,Consumer
BA00226,Customer 00226,Active,Enterprise
BA00227,Customer 00227,Active,Consumer
BA00228,Customer 00228,Active,Consumer
BA00229,Customer 00229,Active,Consumer
BA00230,Customer 00230,Active,SME
BA00231,Customer 00231,Active,SME
BA00232,Customer 00232,Active,Consumer
BA00233,Customer 00233,Active,Enterprise
BA00234,Customer 00234,Active,Consumer
BA00235,Customer 00235,Active,Enterprise
BA00236,Customer 00236,Active,Consumer
BA00237,Customer 00237,Active,SME
BA00238,Customer 00238,Active,Consumer
BA00239,Customer 00239,Inactive,Enterprise
BA00240,Customer 00240,Active,Consumer
BA00241,Customer 00241,Active,Consumer
BA00242,Customer 00242,Active,Consumer
BA00243,Customer 00243,Active,Consumer
BA00244,Customer 00244,Inactive,Consumer
BA00245,Customer 00245,Active,Enterprise
BA00246,Customer 00246,Active,Enterprise
BA00247,Customer 00247,Active,Consumer
BA00248,Customer 00248,Active,SME
BA00249,Customer 00249,Active,Consumer
BA00250,Customer 00250,Active,Consumer
BA00251,Customer 00251,Active,SME
BA00252,Customer 00252,Active,Consumer
BA00253,Customer 00253,Active,SME
BA00254,Customer 00254,Active,Enterprise
BA00255,Customer 00255,Active,SME
BA00256,Customer 00256,Active,SME
BA00257,Customer 00257,Active,Enterprise
BA00258,Customer 00258,Active,Enterprise
BA00259,Customer 00259,Active,Consumer
BA00260,Customer 00260,Active,SME
BA00261,Customer 00261,Active,SME
BA00262,Customer 00262,Inactive,Enterprise
BA00263,Customer 00263,Active,SME
BA00264,Customer 00264,Inactive,SME
BA00265,Customer 00265,Active,Consumer
BA00266,Customer 00266,Active,Enterprise
BA00267,Customer 00267,Inactive,Consumer
BA00268,Customer 00268,Active,SME
BA00269,Customer 00269,Inactive,Consumer
BA00270,Customer 00270,Active,SME
BA00271,Customer 00271,Active,Enterprise
BA00272,Customer 00272,Inactive,Consumer
BA00273,Customer 00273,Inactive,Consumer
BA00274,Customer 00274,Inactive,Enterprise
BA00275,Customer 00275,Active,Enterprise
BA00276,Customer 00276,Inactive,SME
BA00277,Customer 00277,Active,Enterprise
BA00278,Customer 00278,Active,SME
BA00279,Customer 00279,Active,SME
BA00280,Customer 00280,Inactive,Consumer
BA00281,Customer 00281,Active,Enterprise
BA00282,Customer 00282,Active,Consumer
BA00283,Customer 00283,Active,SME
BA00284,Customer 00284,Active,Enterprise
BA00285,Customer 00285,Active,Enterprise
BA00286,Customer 00286,Active,Enterprise
BA00287,Customer 00287,Active,Enterprise
BA00288,Customer 00288,Active,Consumer
BA00289,Customer 00289,Inactive,Consumer
BA00290,Customer 00290,Active,SME
BA00291,Customer 00291,Active,Enterprise
BA00292,Customer 00292,Active,Consumer
BA00293,Customer 00293,Active,Enterprise
BA00294,Customer 00294,Active,Consumer
BA00295,Customer 00295,Active,SME
BA00296,Customer 00296,Active,Enterprise
BA00297,Customer 00297,Active,Consumer
BA00298,Customer 00298,Inactive,Enterprise
BA00299,Customer 00299,Active,Consumer
BA00300,Customer 00300,Active,SME
BA00301,Customer 00301,Active,Enterprise
BA00302,Customer 00302,Active,Consumer
BA00303,Customer 00303,Active,SME
BA00304,Customer 00304,Active,SME
BA00305,Customer 00305,Active,Enterprise
BA00306,Customer 00306,Inactive,SME
BA00307,Customer 00307,Active,Enterprise
BA00308,Customer 00308,Active,SME
BA00309,Customer 00309,Inactive,Enterprise
BA00310,Customer 00310,Inactive,Enterprise
BA00311,Customer 00311,Active,Enterprise
BA00312,Customer 00312,Active,Enterprise
BA00313,Customer 00313,Active,SME
BA00314,Customer 00314,Active,Enterprise
BA00315,Customer 00315,Active,Consumer
BA00316,Customer 00316,Active,Enterprise
BA00317,Customer 00317,Active,Consumer
BA00318,Customer 00318,Active,Enterprise
BA00319,Customer 00319,Active,SME
BA00320,Customer 00320,Active,Consumer
BA00321,Customer 00321,Active,SME
BA00322,Customer 00322,Active,Consumer
BA00323,Customer 00323,Active,Consumer
BA00324,Customer 00324,Active,SME
BA00325,Customer 00325,Active,Enterprise
BA00326,Customer 00326,Active,Enterprise
BA00327,Customer 00327,Active,SME
BA00328,Customer 00328,Active,Enterprise
BA00329,Customer 00329,Active,SME
BA00330,Customer 00330,Inactive,Enterprise
BA00331,Customer 00331,Inactive,SME
BA00332,Customer 00332,Active,SME
BA00333,Customer 00333,Active,Consumer
BA00334,Customer 00334,Active,SME
BA00335,Customer 00335,Active,Consumer
BA00336,Customer 00336,Inactive,Enterprise
BA00337,Customer 00337,Active,Consumer
BA00338,Customer 00338,Active,SME
BA00339,Customer 00339,Active,Enterprise
BA00340,Customer 00340,Active,Enterprise
BA00341,Customer 00341,Active,Consumer
BA00342,Customer 00342,Active,SME
BA00343,Customer 00343,Active,SME
BA00344,Customer 00344,Active,Consumer
BA00345,Customer 00345,Active,Consumer
BA00346,Customer 00346,Active,SME
BA00347,Customer 00347,Active,SME
BA00348,Customer 00348,Active,Consumer
BA00349,Customer 00349,Active,Enterprise
BA00350,Customer 00350,Active,SME
BA00351,Customer 00351,Inactive,Consumer
BA00352,Customer 00352,Active,Enterprise
BA00353,Customer 00353,Active,Consumer
BA00354,Customer 00354,Active,Consumer
BA00355,Customer 00355,Active,SME
BA00356,Customer 00356,Active,SME
BA00357,Customer 00357,Active,SME
BA00358,Customer 00358,Active,SME
BA00359,Customer 00359,Active,Enterprise
BA00360,Customer 00360,Active,Consumer
BA00361,Customer 00361,Active,SME
BA00362,Customer 00362,Active,Enterprise
BA00363,Customer 00363,Active,Enterprise
BA00364,Customer 00364,Active,Enterprise
BA00365,Customer 00365,Active,SME
BA00366,Customer 00366,Active,SME
BA00367,Customer 00367,Active,Consumer
BA00368,Customer 00368,Inactive,SME
BA00369,Customer 00369,Active,Enterprise
BA00370,Customer 00370,Active,Consumer
BA00371,Customer 00371,Active,Enterprise
BA00372,Customer 00372,Active,Enterprise
BA00373,Customer 00373,Active,Enterprise
BA00374,Customer 00374,Active,Enterprise
BA00375,Customer 00375,Active,Enterprise
BA00376,Customer 00376,Active,Consumer
BA00377,Customer 00377,Inactive,Enterprise
BA00378,Customer 00378,Active,SME
BA00379,Customer 00379,Active,Consumer
BA00380,Customer 00380,Active,Enterprise
BA00381,Customer 00381,Active,Consumer
BA00382,Customer 00382,Active,Consumer
BA00383,Customer 00383,Active,Enterprise
BA00384,Customer 00384,Active,Enterprise
BA00385,Customer 00385,Active,Enterprise
BA00386,Customer 00386,Active,SME
BA00387,Customer 00387,Active,SME
BA00388,Customer 00388,Active,Consumer
BA00389,Customer 00389,Active,Consumer
BA00390,Customer 00390,Active,Enterprise
BA00391,Customer 00391,Active,SME
BA00392,Customer 00392,Active,Consumer
BA00393,Customer 00393,Active,SME
BA00394,Customer 00394,Active,SME
BA00395,Customer 00395,Active,Consumer
BA00396,Customer 00396,Active,SME
BA00397,Customer 00397,Active,Consumer
BA00398,Customer 00398,Active,SME
BA00399,Customer 00399,Active,Enterprise
BA00400,Customer 00400,Active,SME
BA00401,Customer 00401,Active,Consumer
BA00402,Customer 00402,Active,SME
BA00403,Customer 00403,Active,Consumer
BA00404,Customer 00404,Active,Consumer
BA00405,Customer 00405,Active,Enterprise
BA00406,Customer 00406,Active,Enterprise
BA00407,Customer 00407,Active,SME
BA00408,Customer 00408,Inactive,SME
BA00409,Customer 00409,Active,SME
BA00410,Customer 00410,Active,Consumer
BA00411,Customer 00411,Active,SME
BA00412,Customer 00412,Active,Consumer
BA00413,Customer 00413,Active,Enterprise
BA00414,Customer 00414,Active,Consumer
BA00415,Customer 00415,Active,Enterprise
BA00416,Customer 00416,Active,SME
BA00417,Customer 00417,Active,SME
BA00418,Customer 00418,Active,Enterprise
BA00419,Customer 00419,Active,Consumer
BA00420,Customer 00420,Active,Consumer
BA00421,Customer 00421,Active,Enterprise
BA00422,Customer 00422,Inactive,Enterprise
BA00423,Customer 00423,Active,Consumer
BA00424,Customer 00424,Active,Enterprise
BA00425,Customer 00425,Active,Consumer
BA00426,Customer 00426,Active,SME
BA00427,Customer 00427,Active,SME
BA00428,Customer 00428,Active,SME
BA00429,Customer 00429,Inactive,Enterprise
BA00430,Customer 00430,Active,Enterprise
BA00431,Customer 00431,Active,Consumer
BA00432,Customer 00432,Active,Enterprise
BA00433,Customer 00433,Active,Consumer
BA00434,Customer 00434,Active,Consumer
BA00435,Customer 00435,Active,Enterprise
BA00436,Customer 00436,Active,SME
BA00437,Customer 00437,Active,Consumer
BA00438,Customer 00438,Active,SME
BA00439,Customer 00439,Inactive,SME
BA00440,Customer 00440,Active,Enterprise
BA00441,Customer 00441,Active,Consumer
BA00442,Customer 00442,Active,SME
BA00443,Customer 00443,Active,SME
BA00444,Customer 00444,Inactive,SME
BA00445,Customer 00445,Active,Enterprise
BA00446,Customer 00446,Active,Consumer
BA00447,Customer 00447,Active,Consumer
BA00448,Customer 00448,Inactive,Enterprise
BA00449,Customer 00449,Active,Enterprise
BA00450,Customer 00450,Inactive,Enterprise
BA00451,Customer 00451,Active,SME
BA00452,Customer 00452,Active,Enterprise
BA00453,Customer 00453,Active,Enterprise
BA00454,Customer 00454,Active,Enterprise
BA00455,Customer 00455,Active,Consumer
BA00456,Customer 00456,Active,SME
BA00457,Customer 00457,Active,SME
BA00458,Customer 00458,Active,Enterprise
BA00459,Customer 00459,Inactive,Consumer
BA00460,Customer 00460,Active,Consumer
BA00461,Customer 00461,Active,Consumer
BA00462,Customer 00462,Active,SME
BA00463,Customer 00463,Active,Enterprise
BA00464,Customer 00464,Active,Consumer
BA00465,Customer 00465,Active,Enterprise
BA00466,Customer 00466,Active,Enterprise
BA00467,Customer 00467,Active,SME
BA00468,Customer 00468,Inactive,Consumer
BA00469,Customer 00469,Active,Enterprise
BA00470,Customer 00470,Active,Consumer
BA00471,Customer 00471,Active,Enterprise
BA00472,Customer 00472,Active,SME
BA00473,Customer 00473,Active,SME
BA00474,Customer 00474,Active,Consumer
BA00475,Customer 00475,Active,Enterprise
BA00476,Customer 00476,Active,Enterprise
BA00477,Customer 00477,Active,Consumer
BA00478,Customer 00478,Active,Enterprise
BA00479,Customer 00479,Active,SME
BA00480,Customer 00480,Inactive,Consumer
BA00481,Customer 00481,Inactive,Enterprise
BA00482,Customer 00482,Active,Consumer
BA00483,Customer 00483,Active,Consumer
BA00484,Customer 00484,Inactive,Enterprise
BA00485,Customer 00485,Active,Enterprise
BA00486,Customer 00486,Active,Enterprise
BA00487,Customer 00487,Inactive,Consumer
BA00488,Customer 00488,Inactive,Enterprise
BA00489,Customer 00489,Active,Enterprise
BA00490,Customer 00490,Active,SME
BA00491,Customer 00491,Active,SME
BA00492,Customer 00492,Active,Enterprise
BA00493,Customer 00493,Active,SME
BA00494,Customer 00494,Active,Consumer
BA00495,Customer 00495,Inactive,Consumer
BA00496,Customer 00496,Active,SME
BA00497,Customer 00497,Active,SME
BA00498,Customer 00498,Active,Consumer
BA00499,Customer 00499,Active,Enterprise
BA00500,Customer 00500,Active,Enterprise
BA00501,Customer 00501,Active,Enterprise
BA00502,Customer 00502,Active,Consumer
BA00503,Customer 00503,Inactive,Consumer
BA00504,Customer 00504,Active,SME
BA00505,Customer 00505,Active,Enterprise
BA00506,Customer 00506,Active,SME
BA00507,Customer 00507,Active,Consumer
BA00508,Customer 00508,Active,Enterprise
BA00509,Customer 00509,Inactive,SME
BA00510,Customer 00510,Active,SME
BA00511,Customer 00511,Active,SME
BA00512,Customer 00512,Active,SME
BA00513,Customer 00513,Active,Consumer
BA00514,Customer 00514,Inactive,Enterprise
BA00515,Customer 00515,Active,Consumer
BA00516,Customer 00516,Active,Enterprise
BA00517,Customer 00517,Active,Consumer
BA00518,Customer 00518,Inactive,SME
BA00519,Customer 00519,Active,Enterprise
BA00520,Customer 00520,Active,Consumer
BA00521,Customer 00521,Active,SME
BA00522,Customer 00522,Active,Enterprise
BA00523,Customer 00523,Active,Consumer
BA00524,Customer 00524,Active,Consumer
BA00525,Customer 00525,Active,SME
BA00526,Customer 00526,Active,SME
BA00527,Customer 00527,Active,SME
BA00528,Customer 00528,Active,Enterprise
BA00529,Customer 00529,Active,Enterprise
BA00530,Customer 00530,Active,SME
BA00531,Customer 00531,Active,SME
BA00532,Customer 00532,Active,Enterprise
BA00533,Customer 00533,Active,Enterprise
BA00534,Customer 00534,Inactive,Consumer
BA00535,Customer 00535,Active,SME
BA00536,Customer 00536,Active,Consumer
BA00537,Customer 00537,Active,Enterprise
BA00538,Customer 00538,Active,Enterprise
BA00539,Customer 00539,Active,Consumer
BA00540,Customer 00540,Inactive,Consumer
BA00541,Customer 00541,Active,SME
BA00542,Customer 00542,Active,SME
BA00543,Customer 00543,Active,SME
BA00544,Customer 00544,Active,Consumer
BA00545,Customer 00545,Active,Consumer
BA00546,Customer 00546,Active,Enterprise
BA00547,Customer 00547,Active,Enterprise
BA00548,Customer 00548,Active,SME
BA00549,Customer 00549,Active,Enterprise
BA00550,Customer 00550,Active,Consumer
BA00551,Customer 00551,Active,Enterprise
BA00552,Customer 00552,Active,SME
BA00553,Customer 00553,Inactive,Enterprise
BA00554,Customer 00554,Active,Enterprise
BA00555,Customer 00555,Active,Consumer
BA00556,Customer 00556,Active,Enterprise
BA00557,Customer 00557,Active,SME
BA00558,Customer 00558,Active,Consumer
BA00559,Customer 00559,Active,Consumer
BA00560,Customer 00560,Active,SME
BA00561,Customer 00561,Active,SME
BA00562,Customer 00562,Active,SME
BA00563,Customer 00563,Active,SME
BA00564,Customer 00564,Active,Enterprise
BA00565,Customer 00565,Inactive,Enterprise
BA00566,Customer 00566,Active,SME
BA00567,Customer 00567,Active,SME
BA00568,Customer 00568,Active,Consumer
BA00569,Customer 00569,Active,Consumer
BA00570,Customer 00570,Active,Enterprise
BA00571,Customer 00571,Active,Enterprise
BA00572,Customer 00572,Active,SME
BA00573,Customer 00573,Active,SME
BA00574,Customer 00574,Active,SME
BA00575,Customer 00575,Active,Consumer
BA00576,Customer 00576,Active,Consumer
BA00577,Customer 00577,Active,Consumer
BA00578,Customer 00578,Active,Enterprise
BA00579,Customer 00579,Active,SME
BA00580,Customer 00580,Active,Enterprise
BA00581,Customer 00581,Active,SME
BA00582,Customer 00582,Active,Consumer
BA00583,Customer 00583,Active,SME
BA00584,Customer 00584,Active,SME
BA00585,Customer 00585,Active,SME
BA00586,Customer 00586,Active,Consumer
BA00587,Customer 00587,Active,Consumer
BA00588,Customer 00588,Active,SME
BA00589,Customer 00589,Inactive,Consumer
BA00590,Customer 00590,Active,Consumer
BA00591,Customer 00591,Active,Consumer
BA00592,Customer 00592,Active,Consumer
BA00593,Customer 00593,Active,Consumer
BA00594,Customer 00594,Active,SME
BA00595,Customer 00595,Active,Enterprise
BA00596,Customer 00596,Inactive,Enterprise
BA00597,Customer 00597,Inactive,Enterprise
BA00598,Customer 00598,Active,Consumer
BA00599,Customer 00599,Inactive,Consumer
BA00600,Customer 00600,Active,Consumer
BA00601,Customer 00601,Active,Enterprise
BA00602,Customer 00602,Active,Enterprise
BA00603,Customer 00603,Active,Enterprise
BA00604,Customer 00604,Active,Consumer
BA00605,Customer 00605,Active,Enterprise
BA00606,Customer 00606,Active,Enterprise
BA00607,Customer 00607,Active,Consumer
BA00608,Customer 00608,Active,Consumer
BA00609,Customer 00609,Active,SME
BA00610,Customer 00610,Active,Enterprise
BA00611,Customer 00611,Inactive,SME
BA00612,Customer 00612,Active,Consumer
BA00613,Customer 00613,Active,Enterprise
BA00614,Customer 00614,Active,Consumer
BA00615,Customer 00615,Active,Enterprise
BA00616,Customer 00616,Active,SME
BA00617,Customer 00617,Active,SME
BA00618,Customer 00618,Active,Enterprise
BA00619,Customer 00619,Active,Enterprise
BA00620,Customer 00620,Active,SME
BA00621,Customer 00621,Active,Enterprise
BA00622,Customer 00622,Active,Enterprise
BA00623,Customer 00623,Active,Consumer
BA00624,Customer 00624,Active,Consumer
BA00625,Customer 00625,Active,Consumer
BA00626,Customer 00626,Active,SME
BA00627,Customer 00627,Active,SME
BA00628,Customer 00628,Active,SME
BA00629,Customer 00629,Active,Consumer
BA00630,Customer 00630,Active,Consumer
BA00631,Customer 00631,Active,Enterprise
BA00632,Customer 00632,Active,Enterprise
BA00633,Customer 00633,Active,Enterprise
BA00634,Customer 00634,Active,SME
BA00635,Customer 00635,Active,SME
BA00636,Customer 00636,Active,SME
BA00637,Customer 00637,Active,SME
BA00638,Customer 00638,Active,SME
BA00639,Customer 00639,Active,Enterprise
BA00640,Customer 00640,Active,Consumer
BA00641,Customer 00641,Active,Enterprise
BA00642,Customer 00642,Active,Enterprise
BA00643,Customer 00643,Active,SME
BA00644,Customer 00644,Inactive,Consumer
BA00645,Customer 00645,Active,SME
BA00646,Customer 00646,Active,Consumer
BA00647,Customer 00647,Active,Enterprise
BA00648,Customer 00648,Active,SME
BA00649,Customer 00649,Active,Enterprise
BA00650,Customer 00650,Active,Consumer
BA00651,Customer 00651,Active,Consumer
BA00652,Customer 00652,Inactive,Enterprise
BA00653,Customer 00653,Active,SME
BA00654,Customer 00654,Active,SME
BA00655,Customer 00655,Active,SME
BA00656,Customer 00656,Active,SME
BA00657,Customer 00657,Inactive,Enterprise
BA00658,Customer 00658,Active,Consumer
BA00659,Customer 00659,Active,Enterprise
BA00660,Customer 00660,Inactive,Consumer
BA00661,Customer 00661,Active,Consumer
BA00662,Customer 00662,Active,Enterprise
BA00663,Customer 00663,Active,Consumer
BA00664,Customer 00664,Active,Enterprise
BA00665,Customer 00665,Active,Enterprise
BA00666,Customer 00666,Active,SME
BA00667,Customer 00667,Active,SME
BA00668,Customer 00668,Active,SME
BA00669,Customer 00669,Active,Enterprise
BA00670,Customer 00670,Active,SME
BA00671,Customer 00671,Active,Enterprise
BA00672,Customer 00672,Active,Consumer
BA00673,Customer 00673,Active,Consumer
BA00674,Customer 00674,Active,Enterprise
BA00675,Customer 00675,Active,Enterprise
BA00676,Customer 00676,Active,SME
BA00677,Customer 00677,Active,SME
BA00678,Customer 00678,Active,SME
BA00679,Customer 00679,Active,Enterprise
BA00680,Customer 00680,Active,SME
BA00681,Customer 00681,Active,Enterprise
BA00682,Customer 00682,Active,Consumer
BA00683,Customer 00683,Active,SME
BA00684,Customer 00684,Active,Enterprise
BA00685,Customer 00685,Inactive,Enterprise
BA00686,Customer 00686,Active,SME
BA00687,Customer 00687,Active,SME
BA00688,Customer 00688,Active,SME
BA00689,Customer 00689,Active,Consumer
BA00690,Customer 00690,Active,SME
BA00691,Customer 00691,Active,SME
BA00692,Customer 00692,Active,Consumer
BA00693,Customer 00693,Active,Consumer
BA00694,Customer 00694,Active,Enterprise
BA00695,Customer 00695,Active,Consumer
BA00696,Customer 00696,Active,Consumer
BA00697,Customer 00697,Inactive,SME
BA00698,Customer 00698,Active,Consumer
BA00699,Customer 00699,Active,Enterprise
BA00700,Customer 00700,Active,Consumer
BA00701,Customer 00701,Active,Consumer
BA00702,Customer 00702,Active,SME
BA00703,Customer 00703,Active,Consumer
BA00704,Customer 00704,Active,SME
BA00705,Customer 00705,Active,Consumer
BA00706,Customer 00706,Active,Consumer
BA00707,Customer 00707,Active,Consumer
BA00708,Customer 00708,Active,Enterprise
BA00709,Customer 00709,Active,Consumer
BA00710,Customer 00710,Active,SME
BA00711,Customer 00711,Active,Enterprise
BA00712,Customer 00712,Active,SME
BA00713,Customer 00713,Active,Consumer
BA00714,Customer 00714,Inactive,SME
BA00715,Customer 00715,Active,SME
BA00716,Customer 00716,Active,Consumer
BA00717,Customer 00717,Active,Enterprise
BA00718,Customer 00718,Active,SME
BA00719,Customer 00719,Active,Consumer
BA00720,Customer 00720,Active,SME
BA00721,Customer 00721,Active,SME
BA00722,Customer 00722,Active,Enterprise
BA00723,Customer 00723,Active,SME
BA00724,Customer 00724,Active,Consumer
BA00725,Customer 00725,Active,Consumer
BA00726,Customer 00726,Inactive,Enterprise
BA00727,Customer 00727,Active,SME
BA00728,Customer 00728,Inactive,Consumer
BA00729,Customer 00729,Active,Consumer
BA00730,Customer 00730,Active,Consumer
BA00731,Customer 00731,Active,Consumer
BA00732,Customer 00732,Active,Enterprise
BA00733,Customer 00733,Active,Enterprise
BA00734,Customer 00734,Inactive,Enterprise
BA00735,Customer 00735,Active,Consumer
BA00736,Customer 00736,Inactive,SME
BA00737,Customer 00737,Inactive,Enterprise
BA00738,Customer 00738,Active,SME
BA00739,Customer 00739,Active,Consumer
BA00740,Customer 00740,Active,SME
BA00741,Customer 00741,Active,Consumer
BA00742,Customer 00742,Active,Enterprise
BA00743,Customer 00743,Active,Consumer
BA00744,Customer 00744,Active,Enterprise
BA00745,Customer 00745,Active,SME
BA00746,Customer 00746,Active,Enterprise
BA00747,Customer 00747,Active,Consumer
BA00748,Customer 00748,Active,Consumer
BA00749,Customer 00749,Active,Enterprise
BA00750,Customer 00750,Inactive,SME
BA00751,Customer 00751,Active,SME
BA00752,Customer 00752,Active,Consumer
BA00753,Customer 00753,Active,Enterprise
BA00754,Customer 00754,Active,SME
BA00755,Customer 00755,Active,SME
BA00756,Customer 00756,Active,Consumer
BA00757,Customer 00757,Active,Enterprise
BA00758,Customer 00758,Active,SME
BA00759,Customer 00759,Active,Enterprise
BA00760,Customer 00760,Active,Consumer
BA00761,Customer 00761,Active,Consumer
BA00762,Customer 00762,Active,Consumer
BA00763,Customer 00763,Active,Consumer
BA00764,Customer 00764,Active,Consumer
BA00765,Customer 00765,Inactive,Enterprise
BA00766,Customer 00766,Active,Enterprise
BA00767,Customer 00767,Active,Enterprise
BA00768,Customer 00768,Active,Enterprise
BA00769,Customer 00769,Active,Enterprise
BA00770,Customer 00770,Inactive,SME
BA00771,Customer 00771,Active,SME
BA00772,Customer 00772,Active,Consumer
BA00773,Customer 00773,Active,SME
BA00774,Customer 00774,Active,Consumer
BA00775,Customer 00775,Active,Consumer
BA00776,Customer 00776,Active,Consumer
BA00777,Customer 00777,Active,Consumer
BA00778,Customer 00778,Active,Consumer
BA00779,Customer 00779,Active,Consumer
BA00780,Customer 00780,Active,Consumer
BA00781,Customer 00781,Active,Enterprise
BA00782,Customer 00782,Active,Consumer
BA00783,Customer 00783,Active,Enterprise
BA00784,Customer 00784,Active,SME
BA00785,Customer 00785,Active,Enterprise
BA00786,Customer 00786,Active,Consumer
BA00787,Customer 00787,Inactive,SME
BA00788,Customer 00788,Inactive,Consumer
BA00789,Customer 00789,Active,Consumer
BA00790,Customer 00790,Active,Consumer
BA00791,Customer 00791,Active,Enterprise
BA00792,Customer 00792,Active,SME
BA00793,Customer 00793,Active,Consumer
BA00794,Customer 00794,Active,SME
BA00795,Customer 00795,Active,SME
BA00796,Customer 00796,Active,Consumer
BA00797,Customer 00797,Active,Enterprise
BA00798,Customer 00798,Active,Consumer
BA00799,Customer 00799,Active,Enterprise
BA00800,Customer 00800,Active,Consumer
BA00801,Customer 00801,Active,Enterprise
BA00802,Customer 00802,Active,Enterprise
BA00803,Customer 00803,Inactive,Enterprise
BA00804,Customer 00804,Active,Consumer
BA00805,Customer 00805,Active,Enterprise
BA00806,Customer 00806,Active,Enterprise
BA00807,Customer 00807,Active,SME
BA00808,Customer 00808,Active,Enterprise
BA00809,Customer 00809,Active,Enterprise
BA00810,Customer 00810,Active,Consumer
BA00811,Customer 00811,Active,Enterprise
BA00812,Customer 00812,Inactive,Consumer
BA00813,Customer 00813,Active,Consumer
BA00814,Customer 00814,Active,Enterprise
BA00815,Customer 00815,Active,Consumer
BA00816,Customer 00816,Active,Consumer
BA00817,Customer 00817,Active,SME
BA00818,Customer 00818,Active,Consumer
BA00819,Customer 00819,Active,Enterprise
BA00820,Customer 00820,Active,Enterprise
BA00821,Customer 00821,Active,SME
BA00822,Customer 00822,Active,SME
BA00823,Customer 00823,Active,SME
BA00824,Customer 00824,Active,Consumer
BA00825,Customer 00825,Active,SME
BA00826,Customer 00826,Active,SME
BA00827,Customer 00827,Active,Consumer
BA00828,Customer 00828,Active,SME
BA00829,Customer 00829,Active,Consumer
BA00830,Customer 00830,Active,Enterprise
BA00831,Customer 00831,Inactive,Enterprise
BA00832,Customer 00832,Active,Consumer
BA00833,Customer 00833,Active,SME
BA00834,Customer 00834,Active,Consumer
BA00835,Customer 00835,Active,Consumer
BA00836,Customer 00836,Active,SME
BA00837,Customer 00837,Active,Consumer
BA00838,Customer 00838,Active,Consumer
BA00839,Customer 00839,Inactive,Consumer
BA00840,Customer 00840,Active,Enterprise
BA00841,Customer 00841,Active,Consumer
BA00842,Customer 00842,Active,Consumer
BA00843,Customer 00843,Active,SME
BA00844,Customer 00844,Active,Enterprise
BA00845,Customer 00845,Active,SME
BA00846,Customer 00846,Active,Consumer
BA00847,Customer 00847,Active,Enterprise
BA00848,Customer 00848,Active,Enterprise
BA00849,Customer 00849,Active,SME
BA00850,Customer 00850,Active,SME
BA00851,Customer 00851,Active,Consumer
BA00852,Customer 00852,Active,SME
BA00853,Customer 00853,Active,Enterprise
BA00854,Customer 00854,Active,Consumer
BA00855,Customer 00855,Active,SME
BA00856,Customer 00856,Active,SME
BA00857,Customer 00857,Active,Consumer
BA00858,Customer 00858,Active,SME
BA00859,Customer 00859,Active,Consumer
BA00860,Customer 00860,Active,Consumer
BA00861,Customer 00861,Active,SME
BA00862,Customer 00862,Active,SME
BA00863,Customer 00863,Active,Enterprise
BA00864,Customer 00864,Active,SME
BA00865,Customer 00865,Active,SME
BA00866,Customer 00866,Active,Consumer
BA00867,Customer 00867,Active,Enterprise
BA00868,Customer 00868,Active,SME
BA00869,Customer 00869,Active,SME
BA00870,Customer 00870,Inactive,Enterprise
BA00871,Customer 00871,Active,SME
BA00872,Customer 00872,Active,Enterprise
BA00873,Customer 00873,Active,Consumer
BA00874,Customer 00874,Inactive,Consumer
BA00875,Customer 00875,Active,Enterprise
BA00876,Customer 00876,Active,SME
BA00877,Customer 00877,Inactive,Enterprise
BA00878,Customer 00878,Active,Enterprise
BA00879,Customer 00879,Active,Enterprise
BA00880,Customer 00880,Active,Consumer
BA00881,Customer 00881,Active,SME
BA00882,Customer 00882,Active,Consumer
BA00883,Customer 00883,Active,SME
BA00884,Customer 00884,Active,Enterprise
BA00885,Customer 00885,Active,Enterprise
BA00886,Customer 00886,Active,SME
BA00887,Customer 00887,Active,Enterprise
BA00888,Customer 00888,Active,Consumer
BA00889,Customer 00889,Active,Enterprise
BA00890,Customer 00890,Active,Consumer
BA00891,Customer 00891,Active,Consumer
BA00892,Customer 00892,Active,SME
BA00893,Customer 00893,Active,Enterprise
BA00894,Customer 00894,Inactive,Consumer
BA00895,Customer 00895,Active,Consumer
BA00896,Customer 00896,Active,Consumer
BA00897,Customer 00897,Active,SME
BA00898,Customer 00898,Active,Enterprise
BA00899,Customer 00899,Inactive,Enterprise
BA00900,Customer 00900,Inactive,Enterprise
BA00901,Customer 00901,Active,SME
BA00902,Customer 00902,Active,Enterprise
BA00903,Customer 00903,Active,Consumer
BA00904,Customer 00904,Active,SME
BA00905,Customer 00905,Active,SME
BA00906,Customer 00906,Active,Enterprise
BA00907,Customer 00907,Active,SME
BA00908,Customer 00908,Active,Consumer
BA00909,Customer 00909,Active,Consumer
BA00910,Customer 00910,Active,Enterprise
BA00911,Customer 00911,Active,SME
BA00912,Customer 00912,Active,Enterprise
BA00913,Customer 00913,Active,Consumer
BA00914,Customer 00914,Active,Enterprise
BA00915,Customer 00915,Active,SME
BA00916,Customer 00916,Active,Consumer
BA00917,Customer 00917,Active,Consumer
BA00918,Customer 00918,Active,Consumer
BA00919,Customer 00919,Active,Consumer
BA00920,Customer 00920,Active,SME
BA00921,Customer 00921,Active,Enterprise
BA00922,Customer 00922,Active,Enterprise
BA00923,Customer 00923,Active,SME
BA00924,Customer 00924,Active,Consumer
BA00925,Customer 00925,Active,SME
BA00926,Customer 00926,Active,Consumer
BA00927,Customer 00927,Active,Enterprise
BA00928,Customer 00928,Active,Consumer
BA00929,Customer 00929,Active,Consumer
BA00930,Customer 00930,Active,Consumer
BA00931,Customer 00931,Active,Enterprise
BA00932,Customer 00932,Active,SME
BA00933,Customer 00933,Active,SME
BA00934,Customer 00934,Inactive,SME
BA00935,Customer 00935,Active,Enterprise
BA00936,Customer 00936,Active,SME
BA00937,Customer 00937,Active,SME
BA00938,Customer 00938,Inactive,Consumer
BA00939,Customer 00939,Inactive,Enterprise
BA00940,Customer 00940,Active,Enterprise
BA00941,Customer 00941,Active,SME
BA00942,Customer 00942,Active,Consumer
BA00943,Customer 00943,Active,Enterprise
BA00944,Customer 00944,Active,Consumer
BA00945,Customer 00945,Active,Consumer
BA00946,Customer 00946,Active,SME
BA00947,Customer 00947,Inactive,Consumer
BA00948,Customer 00948,Active,Enterprise
BA00949,Customer 00949,Active,SME
BA00950,Customer 00950,Active,Enterprise
BA00951,Customer 00951,Active,Enterprise
BA00952,Customer 00952,Inactive,SME
BA00953,Customer 00953,Active,SME
BA00954,Customer 00954,Active,Enterprise
BA00955,Customer 00955,Active,SME
BA00956,Customer 00956,Active,SME
BA00957,Customer 00957,Active,Enterprise
BA00958,Customer 00958,Active,SME
BA00959,Customer 00959,Active,SME
BA00960,Customer 00960,Inactive,Enterprise
BA00961,Customer 00961,Inactive,Enterprise
BA00962,Customer 00962,Active,Enterprise
BA00963,Customer 00963,Active,Consumer
BA00964,Customer 00964,Active,Enterprise
BA00965,Customer 00965,Active,Enterprise
BA00966,Customer 00966,Active,Consumer
BA00967,Customer 00967,Active,Consumer
BA00968,Customer 00968,Active,Enterprise
BA00969,Customer 00969,Inactive,SME
BA00970,Customer 00970,Active,SME
BA00971,Customer 00971,Inactive,SME
BA00972,Customer 00972,Active,Consumer
BA00973,Customer 00973,Active,Consumer
BA00974,Customer 00974,Active,Enterprise
BA00975,Customer 00975,Active,Consumer
BA00976,Customer 00976,Active,Enterprise
BA00977,Customer 00977,Active,SME
BA00978,Customer 00978,Inactive,SME
BA00979,Customer 00979,Active,SME
BA00980,Customer 00980,Active,Enterprise
BA00981,Customer 00981,Active,Consumer
BA00982,Customer 00982,Inactive,Enterprise
BA00983,Customer 00983,Active,Consumer
BA00984,Customer 00984,Active,SME
BA00985,Customer 00985,Active,Enterprise
BA00986,Customer 00986,Active,Enterprise
BA00987,Customer 00987,Active,SME
BA00988,Customer 00988,Active,Enterprise
BA00989,Customer 00989,Active,Enterprise
BA00990,Customer 00990,Active,Enterprise
BA00991,Customer 00991,Active,SME
BA00992,Customer 00992,Active,Consumer
BA00993,Customer 00993,Active,SME
BA00994,Customer 00994,Active,Consumer
BA00995,Customer 00995,Active,Enterprise
BA00996,Customer 00996,Inactive,Enterprise
BA00997,Customer 00997,Inactive,Enterprise
BA00998,Customer 00998,Active,SME
BA00999,Customer 00999,Inactive,Enterprise
BA01000,Customer 01000,Active,SME
