css_bill_id,css_customer_id,css_service_id,standard_product_code,css_product_code,css_product_name,product_family,billing_status,monthly_charge
CSSB00001,CSSC00216,SAS00001,STD_BB_FTTP,CSS_BB_FTTP,CSS Broadband FTTP,Broadband,Active,97.19
CSSB00002,CSSC00458,CSSS00002,STD_BB_FTTP,CSS_BB_FTTP,CSS Broadband FTTP,Broadband,Suspended,93.43
CSSB00003,CSSC00421,SAS00003,STD_BB_FTTC,CSS_BB_FTTC,CSS Broadband FTTC,Broadband,Active,64.76
CSSB00004,CSSC00651,CSSS00004,STD_BB_FTTC,CSS_BB_FTTC,CSS Broadband FTTC,Broadband,Suspended,217.08
CSSB00005,CSSC00679,SAS00005,STD_PSTN_LINE,CSS_PSTN_LINE,CSS PSTN Line,Voice,Active,76.49
CSSB00006,CSSC00444,SAS00006,STD_BB_FTTP,CSS_BB_FTTP,CSS Broadband FTTP,Broadband,Inactive,139.63
CSSB00007,CSSC00209,SAS00007,STD_BB_FTTC,CSS_BB_FTTC,CSS Broadband FTTC,Broadband,Active,59.08
CSSB00008,CSSC00788,CSSS00008,STD_BB_FTTC,CSS_BB_FTTC,CSS Broadband FTTC,Broadband,Active,123.43
CSSB00009,CSSC00311,SAS00009,STD_BB_FTTC,CSS_BB_FTTC,CSS Broadband FTTC,Broadband,Suspended,241.53
CSSB00010,CSSC00277,SAS00010,STD_PSTN_LINE,CSS_PSTN_LINE,CSS PSTN Line,Voice,Active,72.39
CSSB00011,CSSC00498,SAS00011,STD_BB_FTTP,CSS_BB_FTTP,CSS Broadband FTTP,Broadband,Active,51.57
CSSB00012,CSSC00275,SAS00012,STD_PSTN_LINE,CSS_PSTN_LINE,CSS PSTN Line,Voice,Active,170.72
CSSB00013,CSSC00819,SAS00013,STD_BB_FTTC,CSS_BB_FTTC,CSS Broadband FTTC,Broadband,Active,223.28
CSSB00014,CSSC00248,SAS00014,STD_PSTN_LINE,CSS_PSTN_LINE,CSS PSTN Line,Voice,Inactive,173.08
CSSB00015,CSSC00570,SAS00015,STD_PSTN_LINE,CSS_PSTN_LINE,CSS PSTN Line,Voice,Ceased,163.58
CSSB00016,CSSC00542,CSSS00016,STD_PSTN_LINE,CSS_PSTN_LINE,CSS PSTN Line,Voice,Inactive,196.57
CSSB00017,CSSC00430,SAS00017,STD_BB_FTTP,CSS_BB_FTTP,CSS Broadband FTTP,Broadband,Active,187.97
CSSB00018,CSSC00739,SAS00018,STD_PSTN_LINE,CSS_PSTN_LINE,CSS PSTN Line,Voice,Active,163.89
CSSB00019,CSSC00686,SAS00019,STD_PSTN_LINE,CSS_PSTN_LINE,CSS PSTN Line,Voice,Active,127.47
CSSB00020,CSSC00201,SAS00020,STD_BB_FTTC,CSS_BB_FTTC,CSS Broadband FTTC,Broadband,Active,194.07
CSSB00021,CSSC00546,SAS00021,STD_PSTN_LINE,CSS_PSTN_LINE,CSS PSTN Line,Voice,Active,41.94
CSSB00022,CSSC00918,CSSS00022,STD_BB_FTTC,CSS_BB_FTTC,CSS Broadband FTTC,Broadband,Active,113.67
CSSB00023,CSSC00757,CSSS00023,STD_BB_FTTP,CSS_BB_FTTP,CSS Broadband FTTP,Broadband,Inactive,69.21
CSSB00024,CSSC00220,SAS00024,STD_PSTN_LINE,CSS_PSTN_LINE,CSS PSTN Line,Voice,Active,154.3
CSSB00025,CSSC00124,SAS00025,STD_PSTN_LINE,CSS_PSTN_LINE,CSS PSTN Line,Voice,Suspended,39.69
CSSB00026,CSSC00946,SAS00026,STD_BB_FTTC,CSS_BB_FTTC,CSS Broadband FTTC,Broadband,Inactive,142.56
CSSB00027,CSSC00645,SAS00027,STD_BB_FTTP,CSS_BB_FTTP,CSS Broadband FTTP,Broadband,Active,143.53
CSSB00028,CSSC00674,SAS00028,STD_PSTN_LINE,CSS_PSTN_LINE,CSS PSTN Line,Voice,Inactive,68.2
CSSB00029,CSSC00422,SAS00029,STD_BB_FTTC,CSS_BB_FTTC,CSS Broadband FTTC,Broadband,Active,232.56
CSSB00030,CSSC00285,CSSS00030,STD_BB_FTTC,CSS_BB_FTTC,CSS Broadband FTTC,Broadband,Inactive,147.06
CSSB00031,CSSC00169,CSSS00031,STD_PSTN_LINE,CSS_PSTN_LINE,CSS PSTN Line,Voice,Active,62.67
CSSB00032,CSSC00843,SAS00032,STD_PSTN_LINE,CSS_PSTN_LINE,CSS PSTN Line,Voice,Active,66.5
CSSB00033,CSSC00136,SAS00033,STD_BB_FTTC,CSS_BB_FTTC,CSS Broadband FTTC,Broadband,Active,49.21
CSSB00034,CSSC00121,SAS00034,STD_PSTN_LINE,CSS_PSTN_LINE,CSS PSTN Line,Voice,Active,222.2
CSSB00035,CSSC00307,SAS00035,STD_BB_FTTC,CSS_BB_FTTC,CSS Broadband FTTC,Broadband,Suspended,54.9
CSSB00036,CSSC00388,CSSS00036,STD_PSTN_LINE,CSS_PSTN_LINE,CSS PSTN Line,Voice,Active,213.55
CSSB00037,CSSC00431,CSSS00037,STD_PSTN_LINE,CSS_PSTN_LINE,CSS PSTN Line,Voice,Active,114.29
CSSB00038,CSSC00446,SAS00038,STD_PSTN_LINE,CSS_PSTN_LINE,CSS PSTN Line,Voice,Inactive,183.58
CSSB00039,CSSC00906,SAS00039,STD_BB_FTTC,CSS_BB_FTTC,CSS Broadband FTTC,Broadband,Suspended,54.52
CSSB00040,CSSC00609,SAS00040,STD_BB_FTTP,CSS_BB_FTTP,CSS Broadband FTTP,Broadband,Active,159.74
CSSB00041,CSSC00814,SAS00041,STD_PSTN_LINE,CSS_PSTN_LINE,CSS PSTN Line,Voice,Ceased,203.21
CSSB00042,CSSC00856,CSSS00042,STD_BB_FTTP,CSS_BB_FTTP,CSS Broadband FTTP,Broadband,Inactive,125.85
CSSB00043,CSSC00094,SAS00043,STD_BB_FTTC,CSS_BB_FTTC,CSS Broadband FTTC,Broadband,Suspended,71.3
CSSB00044,CSSC00718,SAS00044,STD_BB_FTTC,CSS_BB_FTTC,CSS Broadband FTTC,Broadband,Active,168.72
CSSB00045,CSSC00730,SAS00045,STD_PSTN_LINE,CSS_PSTN_LINE,CSS PSTN Line,Voice,Active,221.19
CSSB00046,CSSC00819,CSSS00046,STD_PSTN_LINE,CSS_PSTN_LINE,CSS PSTN Line,Voice,Suspended,144.13
CSSB00047,CSSC00076,SAS00047,STD_PSTN_LINE,CSS_PSTN_LINE,CSS PSTN Line,Voice,Active,39.7
CSSB00048,CSSC00268,SAS00048,STD_PSTN_LINE,CSS_PSTN_LINE,CSS PSTN Line,Voice,Active,131.8
CSSB00049,CSSC00859,SAS00049,STD_PSTN_LINE,CSS_PSTN_LINE,CSS PSTN Line,Voice,Active,38.74
CSSB00050,CSSC00152,SAS00050,STD_BB_FTTP,CSS_BB_FTTP,CSS Broadband FTTP,Broadband,Inactive,92.67
CSSB00051,CSSC00169,SAS00051,STD_BB_FTTP,CSS_BB_FTTP,CSS Broadband FTTP,Broadband,Active,195.59
CSSB00052,CSSC00799,CSSS00052,STD_PSTN_LINE,CSS_PSTN_LINE,CSS PSTN Line,Voice,Suspended,185.76
CSSB00053,CSSC00086,SAS00053,STD_BB_FTTC,CSS_BB_FTTC,CSS Broadband FTTC,Broadband,Active,62.18
CSSB00054,CSSC00976,SAS00054,STD_BB_FTTC,CSS_BB_FTTC,CSS Broadband FTTC,Broadband,Active,164.36
CSSB00055,CSSC00992,SAS00055,STD_BB_FTTC,CSS_BB_FTTC,CSS Broadband FTTC,Broadband,Active,173.95
CSSB00056,CSSC00814,SAS00056,STD_BB_FTTC,CSS_BB_FTTC,CSS Broadband FTTC,Broadband,Active,37.73
CSSB00057,CSSC00833,CSSS00057,STD_BB_FTTC,CSS_BB_FTTC,CSS Broadband FTTC,Broadband,Active,139.16
CSSB00058,CSSC00787,CSSS00058,STD_PSTN_LINE,CSS_PSTN_LINE,CSS PSTN Line,Voice,Active,200.89
CSSB00059,CSSC00322,SAS00059,STD_BB_FTTP,CSS_BB_FTTP,CSS Broadband FTTP,Broadband,Active,28.24
CSSB00060,CSSC00051,CSSS00060,STD_BB_FTTP,CSS_BB_FTTP,CSS Broadband FTTP,Broadband,Active,165.71
CSSB00061,CSSC00091,SAS00061,STD_PSTN_LINE,CSS_PSTN_LINE,CSS PSTN Line,Voice,Active,105.63
CSSB00062,CSSC00126,SAS00062,STD_PSTN_LINE,CSS_PSTN_LINE,CSS PSTN Line,Voice,Active,247.83
CSSB00063,CSSC00379,SAS00063,STD_BB_FTTC,CSS_BB_FTTC,CSS Broadband FTTC,Broadband,Inactive,105.08
CSSB00064,CSSC00043,SAS00064,STD_BB_FTTP,CSS_BB_FTTP,CSS Broadband FTTP,Broadband,Active,66.24
CSSB00065,CSSC00421,SAS00065,STD_BB_FTTP,CSS_BB_FTTP,CSS Broadband FTTP,Broadband,Active,200.47
CSSB00066,CSSC00018,SAS00066,STD_BB_FTTC,CSS_BB_FTTC,CSS Broadband FTTC,Broadband,Active,32.97
CSSB00067,CSSC00275,SAS00067,STD_PSTN_LINE,CSS_PSTN_LINE,CSS PSTN Line,Voice,Active,140.63
CSSB00068,CSSC00912,SAS00068,STD_BB_FTTP,CSS_BB_FTTP,CSS Broadband FTTP,Broadband,Active,188.12
CSSB00069,CSSC00986,SAS00069,STD_BB_FTTP,CSS_BB_FTTP,CSS Broadband FTTP,Broadband,Active,233.97
CSSB00070,CSSC00529,SAS00070,STD_BB_FTTP,CSS_BB_FTTP,CSS Broadband FTTP,Broadband,Active,32.89
CSSB00071,CSSC00275,SAS00071,STD_BB_FTTP,CSS_BB_FTTP,CSS Broadband FTTP,Broadband,Active,161.63
CSSB00072,CSSC00303,SAS00072,STD_BB_FTTC,CSS_BB_FTTC,CSS Broadband FTTC,Broadband,Active,54.79
CSSB00073,CSSC00249,SAS00073,STD_BB_FTTP,CSS_BB_FTTP,CSS Broadband FTTP,Broadband,Active,186.25
CSSB00074,CSSC00542,SAS00074,STD_PSTN_LINE,CSS_PSTN_LINE,CSS PSTN Line,Voice,Active,220.64
CSSB00075,CSSC00842,SAS00075,STD_BB_FTTP,CSS_BB_FTTP,CSS Broadband FTTP,Broadband,Active,237.5
CSSB00076,CSSC00383,SAS00076,STD_BB_FTTC,CSS_BB_FTTC,CSS Broadband FTTC,Broadband,Active,200.97
CSSB00077,CSSC00739,SAS00077,STD_BB_FTTC,CSS_BB_FTTC,CSS Broadband FTTC,Broadband,Active,240.54
CSSB00078,CSSC00934,SAS00078,STD_BB_FTTC,CSS_BB_FTTC,CSS Broadband FTTC,Broadband,Active,113.4
CSSB00079,CSSC00287,SAS00079,STD_BB_FTTC,CSS_BB_FTTC,CSS Broadband FTTC,Broadband,Active,230.99
CSSB00080,CSSC00791,SAS00080,STD_BB_FTTP,CSS_BB_FTTP,CSS Broadband FTTP,Broadband,Active,134.23
CSSB00081,CSSC00183,SAS00081,STD_PSTN_LINE,CSS_PSTN_LINE,CSS PSTN Line,Voice,Active,210.97
CSSB00082,CSSC00064,SAS00082,STD_BB_FTTC,CSS_BB_FTTC,CSS Broadband FTTC,Broadband,Active,31.35
CSSB00083,CSSC00874,SAS00083,STD_PSTN_LINE,CSS_PSTN_LINE,CSS PSTN Line,Voice,Active,195.49
CSSB00084,CSSC00364,SAS00084,STD_BB_FTTP,CSS_BB_FTTP,CSS Broadband FTTP,Broadband,Suspended,46.35
CSSB00085,CSSC00746,SAS00085,STD_BB_FTTP,CSS_BB_FTTP,CSS Broadband FTTP,Broadband,Active,183.02
CSSB00086,CSSC00466,SAS00086,STD_PSTN_LINE,CSS_PSTN_LINE,CSS PSTN Line,Voice,Active,158.7
CSSB00087,CSSC00204,SAS00087,STD_BB_FTTP,CSS_BB_FTTP,CSS Broadband FTTP,Broadband,Active,49.25
CSSB00088,CSSC00660,SAS00088,STD_PSTN_LINE,CSS_PSTN_LINE,CSS PSTN Line,Voice,Suspended,185.82
CSSB00089,CSSC00980,CSSS00089,STD_PSTN_LINE,CSS_PSTN_LINE,CSS PSTN Line,Voice,Active,241.11
CSSB00090,CSSC00399,CSSS00090,STD_BB_FTTC,CSS_BB_FTTC,CSS Broadband FTTC,Broadband,Inactive,185.11
CSSB00091,CSSC00538,SAS00091,STD_BB_FTTC,CSS_BB_FTTC,CSS Broadband FTTC,Broadband,Active,24.16
CSSB00092,CSSC00831,CSSS00092,STD_PSTN_LINE,CSS_PSTN_LINE,CSS PSTN Line,Voice,Active,47.67
CSSB00093,CSSC00612,SAS00093,STD_BB_FTTP,CSS_BB_FTTP,CSS Broadband FTTP,Broadband,Active,165.75
CSSB00094,CSSC00510,SAS00094,STD_PSTN_LINE,CSS_PSTN_LINE,CSS PSTN Line,Voice,Ceased,228.64
CSSB00095,CSSC00939,CSSS00095,STD_BB_FTTP,CSS_BB_FTTP,CSS Broadband FTTP,Broadband,Active,159.46
CSSB00096,CSSC00355,CSSS00096,STD_PSTN_LINE,CSS_PSTN_LINE,CSS PSTN Line,Voice,Active,205.58
CSSB00097,CSSC00892,SAS00097,STD_BB_FTTC,CSS_BB_FTTC,CSS Broadband FTTC,Broadband,Active,85.8
CSSB00098,CSSC00237,SAS00098,STD_BB_FTTP,CSS_BB_FTTP,CSS Broadband FTTP,Broadband,Active,193.51
CSSB00099,CSSC00418,SAS00099,STD_BB_FTTC,CSS_BB_FTTC,CSS Broadband FTTC,Broadband,Ceased,158.72
CSSB00100,CSSC00518,CSSS00100,STD_BB_FTTP,CSS_BB_FTTP,CSS Broadband FTTP,Broadband,Active,115.04
CSSB00101,CSSC00095,SAS00101,STD_BB_FTTC,CSS_BB_FTTC,CSS Broadband FTTC,Broadband,Active,142.38
CSSB00102,CSSC00964,SAS00102,STD_PSTN_LINE,CSS_PSTN_LINE,CSS PSTN Line,Voice,Inactive,96.3
CSSB00103,CSSC00505,SAS00103,STD_BB_FTTC,CSS_BB_FTTC,CSS Broadband FTTC,Broadband,Active,40.27
CSSB00104,CSSC00765,CSSS00104,STD_BB_FTTP,CSS_BB_FTTP,CSS Broadband FTTP,Broadband,Ceased,236.97
CSSB00105,CSSC00896,SAS00105,STD_PSTN_LINE,CSS_PSTN_LINE,CSS PSTN Line,Voice,Active,110.3
CSSB00106,CSSC00623,CSSS00106,STD_BB_FTTC,CSS_BB_FTTC,CSS Broadband FTTC,Broadband,Active,176.9
CSSB00107,CSSC00075,SAS00107,STD_PSTN_LINE,CSS_PSTN_LINE,CSS PSTN Line,Voice,Ceased,196.08
CSSB00108,CSSC00261,SAS00108,STD_BB_FTTC,CSS_BB_FTTC,CSS Broadband FTTC,Broadband,Active,60.55
CSSB00109,CSSC00586,CSSS00109,STD_BB_FTTP,CSS_BB_FTTP,CSS Broadband FTTP,Broadband,Active,148.24
CSSB00110,CSSC00925,CSSS00110,STD_BB_FTTP,CSS_BB_FTTP,CSS Broadband FTTP,Broadband,Suspended,85.37
CSSB00111,CSSC00987,CSSS00111,STD_PSTN_LINE,CSS_PSTN_LINE,CSS PSTN Line,Voice,Inactive,246.55
CSSB00112,CSSC00799,SAS00112,STD_BB_FTTC,CSS_BB_FTTC,CSS Broadband FTTC,Broadband,Suspended,229.75
CSSB00113,CSSC00755,SAS00113,STD_PSTN_LINE,CSS_PSTN_LINE,CSS PSTN Line,Voice,Active,167.67
CSSB00114,CSSC00630,SAS00114,STD_BB_FTTC,CSS_BB_FTTC,CSS Broadband FTTC,Broadband,Active,179.0
CSSB00115,CSSC00621,SAS00115,STD_BB_FTTP,CSS_BB_FTTP,CSS Broadband FTTP,Broadband,Inactive,84.3
CSSB00116,CSSC00187,SAS00116,STD_PSTN_LINE,CSS_PSTN_LINE,CSS PSTN Line,Voice,Ceased,153.23
CSSB00117,CSSC00170,SAS00117,STD_BB_FTTP,CSS_BB_FTTP,CSS Broadband FTTP,Broadband,Inactive,150.87
CSSB00118,CSSC00385,SAS00118,STD_BB_FTTP,CSS_BB_FTTP,CSS Broadband FTTP,Broadband,Active,139.15
CSSB00119,CSSC00149,SAS00119,STD_PSTN_LINE,CSS_PSTN_LINE,CSS PSTN Line,Voice,Active,149.95
CSSB00120,CSSC00151,SAS00120,STD_BB_FTTP,CSS_BB_FTTP,CSS Broadband FTTP,Broadband,Inactive,223.86
CSSB00121,CSSC00584,SAS00121,STD_BB_FTTP,CSS_BB_FTTP,CSS Broadband FTTP,Broadband,Ceased,224.61
CSSB00122,CSSC00111,SAS00122,STD_BB_FTTC,CSS_BB_FTTC,CSS Broadband FTTC,Broadband,Active,50.78
CSSB00123,CSSC00993,SAS00123,STD_BB_FTTC,CSS_BB_FTTC,CSS Broadband FTTC,Broadband,Active,180.33
CSSB00124,CSSC00572,SAS00124,STD_PSTN_LINE,CSS_PSTN_LINE,CSS PSTN Line,Voice,Active,114.91
CSSB00125,CSSC00914,CSSS00125,STD_PSTN_LINE,CSS_PSTN_LINE,CSS PSTN Line,Voice,Active,236.78
CSSB00126,CSSC00742,SAS00126,STD_PSTN_LINE,CSS_PSTN_LINE,CSS PSTN Line,Voice,Active,157.76
CSSB00127,CSSC00371,SAS00127,STD_BB_FTTP,CSS_BB_FTTP,CSS Broadband FTTP,Broadband,Active,226.12
CSSB00128,CSSC00776,CSSS00128,STD_BB_FTTP,CSS_BB_FTTP,CSS Broadband FTTP,Broadband,Inactive,226.16
CSSB00129,CSSC00984,SAS00129,STD_PSTN_LINE,CSS_PSTN_LINE,CSS PSTN Line,Voice,Suspended,149.37
CSSB00130,CSSC00445,SAS00130,STD_PSTN_LINE,CSS_PSTN_LINE,CSS PSTN Line,Voice,Active,195.04
CSSB00131,CSSC00558,SAS00131,STD_PSTN_LINE,CSS_PSTN_LINE,CSS PSTN Line,Voice,Active,145.74
CSSB00132,CSSC00587,SAS00132,STD_BB_FTTP,CSS_BB_FTTP,CSS Broadband FTTP,Broadband,Ceased,68.26
CSSB00133,CSSC00576,SAS00133,STD_BB_FTTP,CSS_BB_FTTP,CSS Broadband FTTP,Broadband,Inactive,205.28
CSSB00134,CSSC00322,SAS00134,STD_PSTN_LINE,CSS_PSTN_LINE,CSS PSTN Line,Voice,Active,62.55
CSSB00135,CSSC00274,SAS00135,STD_BB_FTTP,CSS_BB_FTTP,CSS Broadband FTTP,Broadband,Suspended,81.08
CSSB00136,CSSC00921,CSSS00136,STD_BB_FTTC,CSS_BB_FTTC,CSS Broadband FTTC,Broadband,Active,69.91
CSSB00137,CSSC00007,SAS00137,STD_PSTN_LINE,CSS_PSTN_LINE,CSS PSTN Line,Voice,Suspended,108.31
CSSB00138,CSSC00057,CSSS00138,STD_BB_FTTC,CSS_BB_FTTC,CSS Broadband FTTC,Broadband,Active,35.41
CSSB00139,CSSC00685,SAS00139,STD_PSTN_LINE,CSS_PSTN_LINE,CSS PSTN Line,Voice,Active,33.36
CSSB00140,CSSC00541,CSSS00140,STD_BB_FTTP,CSS_BB_FTTP,CSS Broadband FTTP,Broadband,Active,158.72
CSSB00141,CSSC00879,SAS00141,STD_BB_FTTP,CSS_BB_FTTP,CSS Broadband FTTP,Broadband,Inactive,218.19
CSSB00142,CSSC00535,SAS00142,STD_PSTN_LINE,CSS_PSTN_LINE,CSS PSTN Line,Voice,Active,163.46
CSSB00143,CSSC00052,SAS00143,STD_BB_FTTC,CSS_BB_FTTC,CSS Broadband FTTC,Broadband,Active,225.81
CSSB00144,CSSC00452,SAS00144,STD_PSTN_LINE,CSS_PSTN_LINE,CSS PSTN Line,Voice,Active,236.76
CSSB00145,CSSC00907,CSSS00145,STD_PSTN_LINE,CSS_PSTN_LINE,CSS PSTN Line,Voice,Active,156.34
CSSB00146,CSSC00353,CSSS00146,STD_PSTN_LINE,CSS_PSTN_LINE,CSS PSTN Line,Voice,Inactive,209.63
CSSB00147,CSSC00945,SAS00147,STD_PSTN_LINE,CSS_PSTN_LINE,CSS PSTN Line,Voice,Active,234.34
CSSB00148,CSSC00069,SAS00148,STD_BB_FTTC,CSS_BB_FTTC,CSS Broadband FTTC,Broadband,Ceased,174.51
CSSB00149,CSSC00270,CSSS00149,STD_PSTN_LINE,CSS_PSTN_LINE,CSS PSTN Line,Voice,Active,38.69
CSSB00150,CSSC00136,SAS00150,STD_BB_FTTC,CSS_BB_FTTC,CSS Broadband FTTC,Broadband,Active,230.47
CSSB00151,CSSC00411,CSSS00151,STD_BB_FTTC,CSS_BB_FTTC,CSS Broadband FTTC,Broadband,Active,65.54
CSSB00152,CSSC00921,SAS00152,STD_BB_FTTC,CSS_BB_FTTC,CSS Broadband FTTC,Broadband,Active,18.11
CSSB00153,CSSC00116,SAS00153,STD_PSTN_LINE,CSS_PSTN_LINE,CSS PSTN Line,Voice,Ceased,91.72
CSSB00154,CSSC00479,SAS00154,STD_BB_FTTC,CSS_BB_FTTC,CSS Broadband FTTC,Broadband,Active,62.17
CSSB00155,CSSC00459,CSSS00155,STD_PSTN_LINE,CSS_PSTN_LINE,CSS PSTN Line,Voice,Active,155.47
CSSB00156,CSSC00744,SAS00156,STD_BB_FTTC,CSS_BB_FTTC,CSS Broadband FTTC,Broadband,Active,218.48
CSSB00157,CSSC00302,SAS00157,STD_BB_FTTP,CSS_BB_FTTP,CSS Broadband FTTP,Broadband,Active,84.06
CSSB00158,CSSC00055,SAS00158,STD_BB_FTTC,CSS_BB_FTTC,CSS Broadband FTTC,Broadband,Suspended,110.42
CSSB00159,CSSC00548,CSSS00159,STD_PSTN_LINE,CSS_PSTN_LINE,CSS PSTN Line,Voice,Inactive,133.92
CSSB00160,CSSC00526,SAS00160,STD_BB_FTTP,CSS_BB_FTTP,CSS Broadband FTTP,Broadband,Suspended,166.26
CSSB00161,CSSC00900,SAS00161,STD_BB_FTTP,CSS_BB_FTTP,CSS Broadband FTTP,Broadband,Inactive,41.74
CSSB00162,CSSC00199,SAS00162,STD_BB_FTTP,CSS_BB_FTTP,CSS Broadband FTTP,Broadband,Active,144.7
CSSB00163,CSSC00753,SAS00163,STD_BB_FTTP,CSS_BB_FTTP,CSS Broadband FTTP,Broadband,Active,116.84
CSSB00164,CSSC00847,SAS00164,STD_PSTN_LINE,CSS_PSTN_LINE,CSS PSTN Line,Voice,Suspended,214.75
CSSB00165,CSSC00182,SAS00165,STD_BB_FTTC,CSS_BB_FTTC,CSS Broadband FTTC,Broadband,Active,71.11
CSSB00166,CSSC00769,SAS00166,STD_PSTN_LINE,CSS_PSTN_LINE,CSS PSTN Line,Voice,Inactive,154.56
CSSB00167,CSSC00737,SAS00167,STD_BB_FTTP,CSS_BB_FTTP,CSS Broadband FTTP,Broadband,Active,180.43
CSSB00168,CSSC00413,SAS00168,STD_BB_FTTP,CSS_BB_FTTP,CSS Broadband FTTP,Broadband,Active,205.36
CSSB00169,CSSC00881,SAS00169,STD_BB_FTTP,CSS_BB_FTTP,CSS Broadband FTTP,Broadband,Active,51.32
CSSB00170,CSSC00675,SAS00170,STD_BB_FTTC,CSS_BB_FTTC,CSS Broadband FTTC,Broadband,Active,54.94
CSSB00171,CSSC00403,SAS00171,STD_PSTN_LINE,CSS_PSTN_LINE,CSS PSTN Line,Voice,Inactive,143.07
CSSB00172,CSSC00459,SAS00172,STD_BB_FTTP,CSS_BB_FTTP,CSS Broadband FTTP,Broadband,Active,187.94
CSSB00173,CSSC00536,SAS00173,STD_PSTN_LINE,CSS_PSTN_LINE,CSS PSTN Line,Voice,Ceased,50.19
CSSB00174,CSSC00582,SAS00174,STD_BB_FTTP,CSS_BB_FTTP,CSS Broadband FTTP,Broadband,Active,141.95
CSSB00175,CSSC00699,SAS00175,STD_BB_FTTC,CSS_BB_FTTC,CSS Broadband FTTC,Broadband,Inactive,219.39
CSSB00176,CSSC00976,SAS00176,STD_PSTN_LINE,CSS_PSTN_LINE,CSS PSTN Line,Voice,Suspended,203.23
CSSB00177,CSSC00975,SAS00177,STD_PSTN_LINE,CSS_PSTN_LINE,CSS PSTN Line,Voice,Ceased,156.79
CSSB00178,CSSC00709,SAS00178,STD_BB_FTTP,CSS_BB_FTTP,CSS Broadband FTTP,Broadband,Active,158.5
CSSB00179,CSSC00867,SAS00179,STD_PSTN_LINE,CSS_PSTN_LINE,CSS PSTN Line,Voice,Active,83.79
CSSB00180,CSSC00463,SAS00180,STD_BB_FTTC,CSS_BB_FTTC,CSS Broadband FTTC,Broadband,Active,120.41
CSSB00181,CSSC00366,SAS00181,STD_BB_FTTC,CSS_BB_FTTC,CSS Broadband FTTC,Broadband,Active,128.8
CSSB00182,CSSC00553,SAS00182,STD_PSTN_LINE,CSS_PSTN_LINE,CSS PSTN Line,Voice,Ceased,122.87
CSSB00183,CSSC00390,SAS00183,STD_BB_FTTC,CSS_BB_FTTC,CSS Broadband FTTC,Broadband,Inactive,171.98
CSSB00184,CSSC00473,SAS00184,STD_BB_FTTC,CSS_BB_FTTC,CSS Broadband FTTC,Broadband,Active,216.83
CSSB00185,CSSC00589,SAS00185,STD_BB_FTTC,CSS_BB_FTTC,CSS Broadband FTTC,Broadband,Suspended,48.04
CSSB00186,CSSC00529,SAS00186,STD_PSTN_LINE,CSS_PSTN_LINE,CSS PSTN Line,Voice,Inactive,141.46
CSSB00187,CSSC00698,SAS00187,STD_BB_FTTP,CSS_BB_FTTP,CSS Broadband FTTP,Broadband,Active,201.84
CSSB00188,CSSC00378,CSSS00188,STD_BB_FTTC,CSS_BB_FTTC,CSS Broadband FTTC,Broadband,Active,219.33
CSSB00189,CSSC00774,SAS00189,STD_BB_FTTC,CSS_BB_FTTC,CSS Broadband FTTC,Broadband,Active,150.05
CSSB00190,CSSC00032,SAS00190,STD_BB_FTTP,CSS_BB_FTTP,CSS Broadband FTTP,Broadband,Inactive,97.49
CSSB00191,CSSC00384,SAS00191,STD_BB_FTTC,CSS_BB_FTTC,CSS Broadband FTTC,Broadband,Active,155.71
CSSB00192,CSSC00201,CSSS00192,STD_BB_FTTP,CSS_BB_FTTP,CSS Broadband FTTP,Broadband,Active,75.22
CSSB00193,CSSC00975,CSSS00193,STD_PSTN_LINE,CSS_PSTN_LINE,CSS PSTN Line,Voice,Inactive,210.63
CSSB00194,CSSC00228,SAS00194,STD_BB_FTTC,CSS_BB_FTTC,CSS Broadband FTTC,Broadband,Active,56.15
CSSB00195,CSSC00082,SAS00195,STD_BB_FTTC,CSS_BB_FTTC,CSS Broadband FTTC,Broadband,Active,96.39
CSSB00196,CSSC00955,SAS00196,STD_PSTN_LINE,CSS_PSTN_LINE,CSS PSTN Line,Voice,Active,242.72
CSSB00197,CSSC00176,SAS00197,STD_BB_FTTP,CSS_BB_FTTP,CSS Broadband FTTP,Broadband,Active,159.04
CSSB00198,CSSC00703,SAS00198,STD_PSTN_LINE,CSS_PSTN_LINE,CSS PSTN Line,Voice,Active,182.86
CSSB00199,CSSC00379,SAS00199,STD_PSTN_LINE,CSS_PSTN_LINE,CSS PSTN Line,Voice,Active,239.85
CSSB00200,CSSC00973,SAS00200,STD_BB_FTTC,CSS_BB_FTTC,CSS Broadband FTTC,Broadband,Inactive,197.34
CSSB00201,CSSC00295,SAS00201,STD_PSTN_LINE,CSS_PSTN_LINE,CSS PSTN Line,Voice,Active,162.58
CSSB00202,CSSC00899,SAS00202,STD_BB_FTTP,CSS_BB_FTTP,CSS Broadband FTTP,Broadband,Ceased,44.26
CSSB00203,CSSC00493,SAS00203,STD_BB_FTTC,CSS_BB_FTTC,CSS Broadband FTTC,Broadband,Active,181.49
CSSB00204,CSSC00596,SAS00204,STD_BB_FTTP,CSS_BB_FTTP,CSS Broadband FTTP,Broadband,Suspended,66.76
CSSB00205,CSSC00315,CSSS00205,STD_PSTN_LINE,CSS_PSTN_LINE,CSS PSTN Line,Voice,Active,94.04
CSSB00206,CSSC00110,SAS00206,STD_PSTN_LINE,CSS_PSTN_LINE,CSS PSTN Line,Voice,Inactive,128.4
CSSB00207,CSSC00867,SAS00207,STD_BB_FTTC,CSS_BB_FTTC,CSS Broadband FTTC,Broadband,Active,91.62
CSSB00208,CSSC00017,SAS00208,STD_BB_FTTP,CSS_BB_FTTP,CSS Broadband FTTP,Broadband,Active,167.25
CSSB00209,CSSC00112,SAS00209,STD_BB_FTTC,CSS_BB_FTTC,CSS Broadband FTTC,Broadband,Active,100.1
CSSB00210,CSSC00468,SAS00210,STD_PSTN_LINE,CSS_PSTN_LINE,CSS PSTN Line,Voice,Active,139.5
CSSB00211,CSSC00575,CSSS00211,STD_PSTN_LINE,CSS_PSTN_LINE,CSS PSTN Line,Voice,Inactive,19.56
CSSB00212,CSSC00370,CSSS00212,STD_BB_FTTP,CSS_BB_FTTP,CSS Broadband FTTP,Broadband,Active,195.94
CSSB00213,CSSC00412,SAS00213,STD_PSTN_LINE,CSS_PSTN_LINE,CSS PSTN Line,Voice,Active,229.79
CSSB00214,CSSC00795,SAS00214,STD_BB_FTTP,CSS_BB_FTTP,CSS Broadband FTTP,Broadband,Suspended,153.39
CSSB00215,CSSC00426,SAS00215,STD_BB_FTTP,CSS_BB_FTTP,CSS Broadband FTTP,Broadband,Active,218.12
CSSB00216,CSSC00142,SAS00216,STD_BB_FTTC,CSS_BB_FTTC,CSS Broadband FTTC,Broadband,Ceased,225.22
CSSB00217,CSSC00287,SAS00217,STD_PSTN_LINE,CSS_PSTN_LINE,CSS PSTN Line,Voice,Ceased,202.81
CSSB00218,CSSC00325,SAS00218,STD_BB_FTTP,CSS_BB_FTTP,CSS Broadband FTTP,Broadband,Active,47.9
CSSB00219,CSSC00981,SAS00219,STD_PSTN_LINE,CSS_PSTN_LINE,CSS PSTN Line,Voice,Inactive,117.32
CSSB00220,CSSC00341,CSSS00220,STD_BB_FTTP,CSS_BB_FTTP,CSS Broadband FTTP,Broadband,Suspended,27.95
CSSB00221,CSSC00821,SAS00221,STD_BB_FTTP,CSS_BB_FTTP,CSS Broadband FTTP,Broadband,Active,72.85
CSSB00222,CSSC00659,SAS00222,STD_PSTN_LINE,CSS_PSTN_LINE,CSS PSTN Line,Voice,Inactive,219.49
CSSB00223,CSSC00071,SAS00223,STD_BB_FTTP,CSS_BB_FTTP,CSS Broadband FTTP,Broadband,Active,65.35
CSSB00224,CSSC00649,SAS00224,STD_BB_FTTP,CSS_BB_FTTP,CSS Broadband FTTP,Broadband,Active,83.97
CSSB00225,CSSC00533,SAS00225,STD_PSTN_LINE,CSS_PSTN_LINE,CSS PSTN Line,Voice,Active,241.44
CSSB00226,CSSC00707,SAS00226,STD_BB_FTTC,CSS_BB_FTTC,CSS Broadband FTTC,Broadband,Suspended,201.01
CSSB00227,CSSC00737,SAS00227,STD_BB_FTTP,CSS_BB_FTTP,CSS Broadband FTTP,Broadband,Inactive,48.1
CSSB00228,CSSC00867,SAS00228,STD_PSTN_LINE,CSS_PSTN_LINE,CSS PSTN Line,Voice,Ceased,84.8
CSSB00229,CSSC00973,SAS00229,STD_BB_FTTC,CSS_BB_FTTC,CSS Broadband FTTC,Broadband,Inactive,205.39
CSSB00230,CSSC00109,SAS00230,STD_BB_FTTC,CSS_BB_FTTC,CSS Broadband FTTC,Broadband,Active,158.73
CSSB00231,CSSC00900,SAS00231,STD_PSTN_LINE,CSS_PSTN_LINE,CSS PSTN Line,Voice,Active,31.68
CSSB00232,CSSC00757,CSSS00232,STD_BB_FTTP,CSS_BB_FTTP,CSS Broadband FTTP,Broadband,Active,131.57
CSSB00233,CSSC00209,SAS00233,STD_BB_FTTP,CSS_BB_FTTP,CSS Broadband FTTP,Broadband,Active,195.93
CSSB00234,CSSC00414,SAS00234,STD_BB_FTTP,CSS_BB_FTTP,CSS Broadband FTTP,Broadband,Active,59.91
CSSB00235,CSSC00359,SAS00235,STD_PSTN_LINE,CSS_PSTN_LINE,CSS PSTN Line,Voice,Active,79.63
CSSB00236,CSSC00139,SAS00236,STD_BB_FTTP,CSS_BB_FTTP,CSS Broadband FTTP,Broadband,Active,161.52
CSSB00237,CSSC00524,SAS00237,STD_BB_FTTP,CSS_BB_FTTP,CSS Broadband FTTP,Broadband,Active,170.58
CSSB00238,CSSC00247,SAS00238,STD_PSTN_LINE,CSS_PSTN_LINE,CSS PSTN Line,Voice,Inactive,240.8
CSSB00239,CSSC00661,SAS00239,STD_BB_FTTC,CSS_BB_FTTC,CSS Broadband FTTC,Broadband,Active,200.63
CSSB00240,CSSC00746,SAS00240,STD_PSTN_LINE,CSS_PSTN_LINE,CSS PSTN Line,Voice,Ceased,232.85
CSSB00241,CSSC00334,SAS00241,STD_BB_FTTP,CSS_BB_FTTP,CSS Broadband FTTP,Broadband,Inactive,222.52
CSSB00242,CSSC00979,CSSS00242,STD_BB_FTTC,CSS_BB_FTTC,CSS Broadband FTTC,Broadband,Active,153.76
CSSB00243,CSSC00656,SAS00243,STD_BB_FTTP,CSS_BB_FTTP,CSS Broadband FTTP,Broadband,Active,56.64
CSSB00244,CSSC00669,SAS00244,STD_BB_FTTC,CSS_BB_FTTC,CSS Broadband FTTC,Broadband,Active,236.01
CSSB00245,CSSC00274,SAS00245,STD_BB_FTTC,CSS_BB_FTTC,CSS Broadband FTTC,Broadband,Inactive,222.74
CSSB00246,CSSC00225,SAS00246,STD_BB_FTTP,CSS_BB_FTTP,CSS Broadband FTTP,Broadband,Ceased,150.48
CSSB00247,CSSC00268,SAS00247,STD_BB_FTTP,CSS_BB_FTTP,CSS Broadband FTTP,Broadband,Active,186.21
CSSB00248,CSSC00185,SAS00248,STD_BB_FTTC,CSS_BB_FTTC,CSS Broadband FTTC,Broadband,Active,150.48
CSSB00249,CSSC00451,CSSS00249,STD_PSTN_LINE,CSS_PSTN_LINE,CSS PSTN Line,Voice,Active,156.25
CSSB00250,CSSC00778,SAS00250,STD_PSTN_LINE,CSS_PSTN_LINE,CSS PSTN Line,Voice,Active,182.24
CSSB00251,CSSC00838,SAS00251,STD_BB_FTTP,CSS_BB_FTTP,CSS Broadband FTTP,Broadband,Active,52.62
CSSB00252,CSSC00832,SAS00252,STD_BB_FTTC,CSS_BB_FTTC,CSS Broadband FTTC,Broadband,Inactive,110.13
CSSB00253,CSSC00810,SAS00253,STD_BB_FTTP,CSS_BB_FTTP,CSS Broadband FTTP,Broadband,Active,222.94
CSSB00254,CSSC00272,SAS00254,STD_BB_FTTC,CSS_BB_FTTC,CSS Broadband FTTC,Broadband,Active,135.37
CSSB00255,CSSC00583,SAS00255,STD_BB_FTTP,CSS_BB_FTTP,CSS Broadband FTTP,Broadband,Active,100.91
CSSB00256,CSSC00243,SAS00256,STD_PSTN_LINE,CSS_PSTN_LINE,CSS PSTN Line,Voice,Inactive,232.03
CSSB00257,CSSC00810,SAS00257,STD_BB_FTTP,CSS_BB_FTTP,CSS Broadband FTTP,Broadband,Active,244.89
CSSB00258,CSSC00242,SAS00258,STD_BB_FTTP,CSS_BB_FTTP,CSS Broadband FTTP,Broadband,Active,33.41
CSSB00259,CSSC00856,SAS00259,STD_PSTN_LINE,CSS_PSTN_LINE,CSS PSTN Line,Voice,Active,52.62
CSSB00260,CSSC00592,SAS00260,STD_BB_FTTP,CSS_BB_FTTP,CSS Broadband FTTP,Broadband,Active,39.45
CSSB00261,CSSC00204,SAS00261,STD_BB_FTTC,CSS_BB_FTTC,CSS Broadband FTTC,Broadband,Active,160.0
CSSB00262,CSSC00202,SAS00262,STD_BB_FTTC,CSS_BB_FTTC,CSS Broadband FTTC,Broadband,Active,177.33
CSSB00263,CSSC00512,CSSS00263,STD_BB_FTTC,CSS_BB_FTTC,CSS Broadband FTTC,Broadband,Active,164.92
CSSB00264,CSSC00750,SAS00264,STD_PSTN_LINE,CSS_PSTN_LINE,CSS PSTN Line,Voice,Suspended,232.37
CSSB00265,CSSC00984,SAS00265,STD_BB_FTTP,CSS_BB_FTTP,CSS Broadband FTTP,Broadband,Active,158.55
CSSB00266,CSSC00764,SAS00266,STD_BB_FTTP,CSS_BB_FTTP,CSS Broadband FTTP,Broadband,Active,48.04
CSSB00267,CSSC00186,CSSS00267,STD_BB_FTTP,CSS_BB_FTTP,CSS Broadband FTTP,Broadband,Active,185.74
CSSB00268,CSSC00678,SAS00268,STD_BB_FTTP,CSS_BB_FTTP,CSS Broadband FTTP,Broadband,Ceased,63.92
CSSB00269,CSSC00638,SAS00269,STD_BB_FTTC,CSS_BB_FTTC,CSS Broadband FTTC,Broadband,Active,118.1
CSSB00270,CSSC00346,SAS00270,STD_PSTN_LINE,CSS_PSTN_LINE,CSS PSTN Line,Voice,Active,221.43
CSSB00271,CSSC00831,SAS00271,STD_BB_FTTP,CSS_BB_FTTP,CSS Broadband FTTP,Broadband,Inactive,83.43
CSSB00272,CSSC00103,CSSS00272,STD_BB_FTTC,CSS_BB_FTTC,CSS Broadband FTTC,Broadband,Active,50.62
CSSB00273,CSSC00346,SAS00273,STD_BB_FTTP,CSS_BB_FTTP,CSS Broadband FTTP,Broadband,Ceased,52.83
CSSB00274,CSSC00294,SAS00274,STD_BB_FTTC,CSS_BB_FTTC,CSS Broadband FTTC,Broadband,Inactive,103.08
CSSB00275,CSSC00991,SAS00275,STD_BB_FTTP,CSS_BB_FTTP,CSS Broadband FTTP,Broadband,Inactive,188.75
CSSB00276,CSSC00002,SAS00276,STD_PSTN_LINE,CSS_PSTN_LINE,CSS PSTN Line,Voice,Active,179.14
CSSB00277,CSSC00509,SAS00277,STD_BB_FTTP,CSS_BB_FTTP,CSS Broadband FTTP,Broadband,Ceased,45.53
CSSB00278,CSSC00283,SAS00278,STD_BB_FTTP,CSS_BB_FTTP,CSS Broadband FTTP,Broadband,Active,107.87
CSSB00279,CSSC00781,SAS00279,STD_BB_FTTP,CSS_BB_FTTP,CSS Broadband FTTP,Broadband,Active,35.39
CSSB00280,CSSC00761,SAS00280,STD_PSTN_LINE,CSS_PSTN_LINE,CSS PSTN Line,Voice,Ceased,116.01
CSSB00281,CSSC00371,SAS00281,STD_PSTN_LINE,CSS_PSTN_LINE,CSS PSTN Line,Voice,Active,56.59
CSSB00282,CSSC00635,CSSS00282,STD_BB_FTTP,CSS_BB_FTTP,CSS Broadband FTTP,Broadband,Active,217.98
CSSB00283,CSSC00023,SAS00283,STD_PSTN_LINE,CSS_PSTN_LINE,CSS PSTN Line,Voice,Active,237.28
CSSB00284,CSSC00110,SAS00284,STD_BB_FTTC,CSS_BB_FTTC,CSS Broadband FTTC,Broadband,Inactive,176.79
CSSB00285,CSSC00658,CSSS00285,STD_BB_FTTC,CSS_BB_FTTC,CSS Broadband FTTC,Broadband,Active,31.61
CSSB00286,CSSC00018,SAS00286,STD_BB_FTTC,CSS_BB_FTTC,CSS Broadband FTTC,Broadband,Ceased,148.95
CSSB00287,CSSC00787,SAS00287,STD_BB_FTTC,CSS_BB_FTTC,CSS Broadband FTTC,Broadband,Active,104.05
CSSB00288,CSSC00605,SAS00288,STD_PSTN_LINE,CSS_PSTN_LINE,CSS PSTN Line,Voice,Active,213.69
CSSB00289,CSSC00969,SAS00289,STD_BB_FTTP,CSS_BB_FTTP,CSS Broadband FTTP,Broadband,Active,205.94
CSSB00290,CSSC00473,SAS00290,STD_BB_FTTP,CSS_BB_FTTP,CSS Broadband FTTP,Broadband,Inactive,202.96
CSSB00291,CSSC00527,CSSS00291,STD_PSTN_LINE,CSS_PSTN_LINE,CSS PSTN Line,Voice,Active,41.29
CSSB00292,CSSC00409,SAS00292,STD_PSTN_LINE,CSS_PSTN_LINE,CSS PSTN Line,Voice,Active,137.78
CSSB00293,CSSC00558,CSSS00293,STD_PSTN_LINE,CSS_PSTN_LINE,CSS PSTN Line,Voice,Active,52.37
CSSB00294,CSSC00032,SAS00294,STD_BB_FTTP,CSS_BB_FTTP,CSS Broadband FTTP,Broadband,Inactive,125.52
CSSB00295,CSSC00201,SAS00295,STD_PSTN_LINE,CSS_PSTN_LINE,CSS PSTN Line,Voice,Active,125.17
CSSB00296,CSSC00235,SAS00296,STD_BB_FTTC,CSS_BB_FTTC,CSS Broadband FTTC,Broadband,Active,141.12
CSSB00297,CSSC00283,SAS00297,STD_BB_FTTC,CSS_BB_FTTC,CSS Broadband FTTC,Broadband,Active,181.34
CSSB00298,CSSC00026,CSSS00298,STD_PSTN_LINE,CSS_PSTN_LINE,CSS PSTN Line,Voice,Active,140.52
CSSB00299,CSSC00364,SAS00299,STD_BB_FTTP,CSS_BB_FTTP,CSS Broadband FTTP,Broadband,Active,65.46
CSSB00300,CSSC00575,CSSS00300,STD_BB_FTTC,CSS_BB_FTTC,CSS Broadband FTTC,Broadband,Active,54.33
CSSB00301,CSSC00830,SAS00301,STD_BB_FTTC,CSS_BB_FTTC,CSS Broadband FTTC,Broadband,Suspended,224.4
CSSB00302,CSSC00448,SAS00302,STD_BB_FTTP,CSS_BB_FTTP,CSS Broadband FTTP,Broadband,Active,210.72
CSSB00303,CSSC00717,SAS00303,STD_PSTN_LINE,CSS_PSTN_LINE,CSS PSTN Line,Voice,Ceased,111.49
CSSB00304,CSSC00436,CSSS00304,STD_BB_FTTP,CSS_BB_FTTP,CSS Broadband FTTP,Broadband,Inactive,202.46
CSSB00305,CSSC00052,SAS00305,STD_BB_FTTP,CSS_BB_FTTP,CSS Broadband FTTP,Broadband,Active,76.54
CSSB00306,CSSC00021,SAS00306,STD_BB_FTTP,CSS_BB_FTTP,CSS Broadband FTTP,Broadband,Active,236.42
CSSB00307,CSSC00070,SAS00307,STD_BB_FTTP,CSS_BB_FTTP,CSS Broadband FTTP,Broadband,Active,91.09
CSSB00308,CSSC00684,SAS00308,STD_PSTN_LINE,CSS_PSTN_LINE,CSS PSTN Line,Voice,Active,159.65
CSSB00309,CSSC00514,CSSS00309,STD_PSTN_LINE,CSS_PSTN_LINE,CSS PSTN Line,Voice,Ceased,109.64
CSSB00310,CSSC00621,SAS00310,STD_BB_FTTP,CSS_BB_FTTP,CSS Broadband FTTP,Broadband,Active,64.09
CSSB00311,CSSC00605,SAS00311,STD_BB_FTTC,CSS_BB_FTTC,CSS Broadband FTTC,Broadband,Active,147.12
CSSB00312,CSSC00300,CSSS00312,STD_PSTN_LINE,CSS_PSTN_LINE,CSS PSTN Line,Voice,Active,130.51
CSSB00313,CSSC00976,CSSS00313,STD_BB_FTTC,CSS_BB_FTTC,CSS Broadband FTTC,Broadband,Active,210.77
CSSB00314,CSSC00781,SAS00314,STD_BB_FTTP,CSS_BB_FTTP,CSS Broadband FTTP,Broadband,Active,156.07
CSSB00315,CSSC00597,SAS00315,STD_BB_FTTP,CSS_BB_FTTP,CSS Broadband FTTP,Broadband,Inactive,33.54
CSSB00316,CSSC00843,SAS00316,STD_BB_FTTP,CSS_BB_FTTP,CSS Broadband FTTP,Broadband,Suspended,239.74
CSSB00317,CSSC00143,CSSS00317,STD_BB_FTTP,CSS_BB_FTTP,CSS Broadband FTTP,Broadband,Active,227.75
CSSB00318,CSSC00865,SAS00318,STD_BB_FTTP,CSS_BB_FTTP,CSS Broadband FTTP,Broadband,Suspended,171.3
CSSB00319,CSSC00676,CSSS00319,STD_BB_FTTC,CSS_BB_FTTC,CSS Broadband FTTC,Broadband,Active,233.97
CSSB00320,CSSC00959,SAS00320,STD_PSTN_LINE,CSS_PSTN_LINE,CSS PSTN Line,Voice,Active,176.77
CSSB00321,CSSC00769,SAS00321,STD_BB_FTTP,CSS_BB_FTTP,CSS Broadband FTTP,Broadband,Suspended,198.97
CSSB00322,CSSC00460,SAS00322,STD_BB_FTTP,CSS_BB_FTTP,CSS Broadband FTTP,Broadband,Ceased,241.3
CSSB00323,CSSC00749,SAS00323,STD_BB_FTTP,CSS_BB_FTTP,CSS Broadband FTTP,Broadband,Ceased,135.91
CSSB00324,CSSC00835,SAS00324,STD_PSTN_LINE,CSS_PSTN_LINE,CSS PSTN Line,Voice,Suspended,88.55
CSSB00325,CSSC00142,SAS00325,STD_PSTN_LINE,CSS_PSTN_LINE,CSS PSTN Line,Voice,Active,189.09
CSSB00326,CSSC00239,SAS00326,STD_BB_FTTP,CSS_BB_FTTP,CSS Broadband FTTP,Broadband,Active,234.34
CSSB00327,CSSC00553,SAS00327,STD_PSTN_LINE,CSS_PSTN_LINE,CSS PSTN Line,Voice,Active,115.16
CSSB00328,CSSC00328,SAS00328,STD_BB_FTTP,CSS_BB_FTTP,CSS Broadband FTTP,Broadband,Suspended,106.22
CSSB00329,CSSC00088,SAS00329,STD_BB_FTTP,CSS_BB_FTTP,CSS Broadband FTTP,Broadband,Ceased,136.53
CSSB00330,CSSC00512,SAS00330,STD_PSTN_LINE,CSS_PSTN_LINE,CSS PSTN Line,Voice,Active,116.25
CSSB00331,CSSC00926,SAS00331,STD_BB_FTTP,CSS_BB_FTTP,CSS Broadband FTTP,Broadband,Active,249.78
CSSB00332,CSSC00953,SAS00332,STD_BB_FTTC,CSS_BB_FTTC,CSS Broadband FTTC,Broadband,Active,154.61
CSSB00333,CSSC00235,SAS00333,STD_BB_FTTP,CSS_BB_FTTP,CSS Broadband FTTP,Broadband,Inactive,116.26
CSSB00334,CSSC00364,SAS00334,STD_BB_FTTP,CSS_BB_FTTP,CSS Broadband FTTP,Broadband,Active,83.92
CSSB00335,CSSC00916,SAS00335,STD_PSTN_LINE,CSS_PSTN_LINE,CSS PSTN Line,Voice,Active,105.55
CSSB00336,CSSC00110,SAS00336,STD_BB_FTTC,CSS_BB_FTTC,CSS Broadband FTTC,Broadband,Active,166.48
CSSB00337,CSSC00907,SAS00337,STD_BB_FTTC,CSS_BB_FTTC,CSS Broadband FTTC,Broadband,Suspended,105.3
CSSB00338,CSSC00560,SAS00338,STD_BB_FTTP,CSS_BB_FTTP,CSS Broadband FTTP,Broadband,Active,123.11
CSSB00339,CSSC00320,SAS00339,STD_PSTN_LINE,CSS_PSTN_LINE,CSS PSTN Line,Voice,Active,41.71
CSSB00340,CSSC00146,SAS00340,STD_BB_FTTC,CSS_BB_FTTC,CSS Broadband FTTC,Broadband,Inactive,112.34
CSSB00341,CSSC00556,SAS00341,STD_BB_FTTC,CSS_BB_FTTC,CSS Broadband FTTC,Broadband,Active,110.83
CSSB00342,CSSC00714,SAS00342,STD_BB_FTTC,CSS_BB_FTTC,CSS Broadband FTTC,Broadband,Active,77.98
CSSB00343,CSSC00492,SAS00343,STD_BB_FTTP,CSS_BB_FTTP,CSS Broadband FTTP,Broadband,Active,151.57
CSSB00344,CSSC00436,CSSS00344,STD_BB_FTTP,CSS_BB_FTTP,CSS Broadband FTTP,Broadband,Active,67.75
CSSB00345,CSSC00850,CSSS00345,STD_PSTN_LINE,CSS_PSTN_LINE,CSS PSTN Line,Voice,Active,193.27
CSSB00346,CSSC00615,SAS00346,STD_BB_FTTC,CSS_BB_FTTC,CSS Broadband FTTC,Broadband,Inactive,43.05
CSSB00347,CSSC00219,SAS00347,STD_BB_FTTC,CSS_BB_FTTC,CSS Broadband FTTC,Broadband,Active,245.59
CSSB00348,CSSC00045,SAS00348,STD_PSTN_LINE,CSS_PSTN_LINE,CSS PSTN Line,Voice,Active,95.13
CSSB00349,CSSC00850,SAS00349,STD_BB_FTTP,CSS_BB_FTTP,CSS Broadband FTTP,Broadband,Suspended,82.59
CSSB00350,CSSC00310,SAS00350,STD_BB_FTTC,CSS_BB_FTTC,CSS Broadband FTTC,Broadband,Active,168.87
CSSB00351,CSSC00894,SAS00351,STD_PSTN_LINE,CSS_PSTN_LINE,CSS PSTN Line,Voice,Inactive,114.6
CSSB00352,CSSC00866,CSSS00352,STD_PSTN_LINE,CSS_PSTN_LINE,CSS PSTN Line,Voice,Suspended,234.08
CSSB00353,CSSC00067,SAS00353,STD_BB_FTTC,CSS_BB_FTTC,CSS Broadband FTTC,Broadband,Active,150.99
CSSB00354,CSSC00560,SAS00354,STD_BB_FTTP,CSS_BB_FTTP,CSS Broadband FTTP,Broadband,Suspended,125.12
CSSB00355,CSSC00565,CSSS00355,STD_PSTN_LINE,CSS_PSTN_LINE,CSS PSTN Line,Voice,Active,137.94
CSSB00356,CSSC00108,SAS00356,STD_BB_FTTC,CSS_BB_FTTC,CSS Broadband FTTC,Broadband,Ceased,163.37
CSSB00357,CSSC00970,SAS00357,STD_BB_FTTC,CSS_BB_FTTC,CSS Broadband FTTC,Broadband,Active,152.97
CSSB00358,CSSC00714,SAS00358,STD_BB_FTTC,CSS_BB_FTTC,CSS Broadband FTTC,Broadband,Active,90.47
CSSB00359,CSSC00914,SAS00359,STD_BB_FTTC,CSS_BB_FTTC,CSS Broadband FTTC,Broadband,Ceased,204.43
CSSB00360,CSSC00051,CSSS00360,STD_PSTN_LINE,CSS_PSTN_LINE,CSS PSTN Line,Voice,Active,177.49
CSSB00361,CSSC00490,SAS00361,STD_BB_FTTC,CSS_BB_FTTC,CSS Broadband FTTC,Broadband,Suspended,28.32
CSSB00362,CSSC00117,CSSS00362,STD_BB_FTTC,CSS_BB_FTTC,CSS Broadband FTTC,Broadband,Active,156.27
CSSB00363,CSSC00771,SAS00363,STD_BB_FTTC,CSS_BB_FTTC,CSS Broadband FTTC,Broadband,Active,75.66
CSSB00364,CSSC01000,SAS00364,STD_BB_FTTC,CSS_BB_FTTC,CSS Broadband FTTC,Broadband,Active,94.02
CSSB00365,CSSC00614,CSSS00365,STD_PSTN_LINE,CSS_PSTN_LINE,CSS PSTN Line,Voice,Active,170.21
CSSB00366,CSSC00587,SAS00366,STD_BB_FTTC,CSS_BB_FTTC,CSS Broadband FTTC,Broadband,Ceased,76.05
CSSB00367,CSSC00049,SAS00367,STD_BB_FTTP,CSS_BB_FTTP,CSS Broadband FTTP,Broadband,Active,81.56
CSSB00368,CSSC00925,SAS00368,STD_BB_FTTP,CSS_BB_FTTP,CSS Broadband FTTP,Broadband,Active,113.23
CSSB00369,CSSC00335,SAS00369,STD_BB_FTTP,CSS_BB_FTTP,CSS Broadband FTTP,Broadband,Inactive,234.08
CSSB00370,CSSC00323,SAS00370,STD_BB_FTTC,CSS_BB_FTTC,CSS Broadband FTTC,Broadband,Active,225.05
CSSB00371,CSSC00585,SAS00371,STD_PSTN_LINE,CSS_PSTN_LINE,CSS PSTN Line,Voice,Ceased,62.61
CSSB00372,CSSC00519,SAS00372,STD_BB_FTTP,CSS_BB_FTTP,CSS Broadband FTTP,Broadband,Active,199.48
CSSB00373,CSSC00265,SAS00373,STD_BB_FTTP,CSS_BB_FTTP,CSS Broadband FTTP,Broadband,Suspended,60.76
CSSB00374,CSSC00429,SAS00374,STD_PSTN_LINE,CSS_PSTN_LINE,CSS PSTN Line,Voice,Active,95.49
CSSB00375,CSSC00623,SAS00375,STD_PSTN_LINE,CSS_PSTN_LINE,CSS PSTN Line,Voice,Active,174.66
CSSB00376,CSSC00165,SAS00376,STD_PSTN_LINE,CSS_PSTN_LINE,CSS PSTN Line,Voice,Active,241.48
CSSB00377,CSSC00818,SAS00377,STD_PSTN_LINE,CSS_PSTN_LINE,CSS PSTN Line,Voice,Active,127.96
CSSB00378,CSSC00411,CSSS00378,STD_BB_FTTP,CSS_BB_FTTP,CSS Broadband FTTP,Broadband,Active,42.05
CSSB00379,CSSC00182,SAS00379,STD_BB_FTTC,CSS_BB_FTTC,CSS Broadband FTTC,Broadband,Active,243.6
CSSB00380,CSSC00516,SAS00380,STD_PSTN_LINE,CSS_PSTN_LINE,CSS PSTN Line,Voice,Active,248.46
CSSB00381,CSSC00007,SAS00381,STD_BB_FTTP,CSS_BB_FTTP,CSS Broadband FTTP,Broadband,Active,154.6
CSSB00382,CSSC00406,SAS00382,STD_BB_FTTP,CSS_BB_FTTP,CSS Broadband FTTP,Broadband,Active,36.36
CSSB00383,CSSC00592,SAS00383,STD_BB_FTTP,CSS_BB_FTTP,CSS Broadband FTTP,Broadband,Ceased,226.17
CSSB00384,CSSC00954,SAS00384,STD_PSTN_LINE,CSS_PSTN_LINE,CSS PSTN Line,Voice,Inactive,215.84
CSSB00385,CSSC00654,SAS00385,STD_BB_FTTC,CSS_BB_FTTC,CSS Broadband FTTC,Broadband,Ceased,30.41
CSSB00386,CSSC00542,SAS00386,STD_PSTN_LINE,CSS_PSTN_LINE,CSS PSTN Line,Voice,Active,117.78
CSSB00387,CSSC00714,SAS00387,STD_PSTN_LINE,CSS_PSTN_LINE,CSS PSTN Line,Voice,Active,146.55
CSSB00388,CSSC00998,SAS00388,STD_PSTN_LINE,CSS_PSTN_LINE,CSS PSTN Line,Voice,Ceased,58.56
CSSB00389,CSSC00131,CSSS00389,STD_BB_FTTC,CSS_BB_FTTC,CSS Broadband FTTC,Broadband,Active,221.85
CSSB00390,CSSC00371,SAS00390,STD_BB_FTTC,CSS_BB_FTTC,CSS Broadband FTTC,Broadband,Active,174.79
CSSB00391,CSSC00440,SAS00391,STD_BB_FTTC,CSS_BB_FTTC,CSS Broadband FTTC,Broadband,Active,96.54
CSSB00392,CSSC00150,SAS00392,STD_PSTN_LINE,CSS_PSTN_LINE,CSS PSTN Line,Voice,Active,237.12
CSSB00393,CSSC00158,SAS00393,STD_PSTN_LINE,CSS_PSTN_LINE,CSS PSTN Line,Voice,Inactive,160.63
CSSB00394,CSSC00755,SAS00394,STD_PSTN_LINE,CSS_PSTN_LINE,CSS PSTN Line,Voice,Active,227.07
CSSB00395,CSSC00408,SAS00395,STD_PSTN_LINE,CSS_PSTN_LINE,CSS PSTN Line,Voice,Active,175.42
CSSB00396,CSSC00171,SAS00396,STD_BB_FTTC,CSS_BB_FTTC,CSS Broadband FTTC,Broadband,Active,208.16
CSSB00397,CSSC00920,SAS00397,STD_PSTN_LINE,CSS_PSTN_LINE,CSS PSTN Line,Voice,Inactive,33.61
CSSB00398,CSSC00803,SAS00398,STD_BB_FTTP,CSS_BB_FTTP,CSS Broadband FTTP,Broadband,Active,183.82
CSSB00399,CSSC00200,CSSS00399,STD_PSTN_LINE,CSS_PSTN_LINE,CSS PSTN Line,Voice,Active,144.51
CSSB00400,CSSC00850,CSSS00400,STD_BB_FTTP,CSS_BB_FTTP,CSS Broadband FTTP,Broadband,Active,71.25
CSSB00401,CSSC00313,CSSS00401,STD_PSTN_LINE,CSS_PSTN_LINE,CSS PSTN Line,Voice,Active,183.92
CSSB00402,CSSC00406,SAS00402,STD_PSTN_LINE,CSS_PSTN_LINE,CSS PSTN Line,Voice,Suspended,213.47
CSSB00403,CSSC00354,SAS00403,STD_BB_FTTP,CSS_BB_FTTP,CSS Broadband FTTP,Broadband,Ceased,239.68
CSSB00404,CSSC00268,SAS00404,STD_BB_FTTP,CSS_BB_FTTP,CSS Broadband FTTP,Broadband,Active,142.14
CSSB00405,CSSC00371,SAS00405,STD_BB_FTTC,CSS_BB_FTTC,CSS Broadband FTTC,Broadband,Active,199.95
CSSB00406,CSSC00110,CSSS00406,STD_BB_FTTC,CSS_BB_FTTC,CSS Broadband FTTC,Broadband,Active,156.22
CSSB00407,CSSC00151,SAS00407,STD_BB_FTTP,CSS_BB_FTTP,CSS Broadband FTTP,Broadband,Active,220.8
CSSB00408,CSSC00753,SAS00408,STD_PSTN_LINE,CSS_PSTN_LINE,CSS PSTN Line,Voice,Ceased,140.42
CSSB00409,CSSC00796,SAS00409,STD_PSTN_LINE,CSS_PSTN_LINE,CSS PSTN Line,Voice,Active,246.59
CSSB00410,CSSC00493,SAS00410,STD_BB_FTTP,CSS_BB_FTTP,CSS Broadband FTTP,Broadband,Active,212.82
CSSB00411,CSSC00698,CSSS00411,STD_PSTN_LINE,CSS_PSTN_LINE,CSS PSTN Line,Voice,Inactive,217.95
CSSB00412,CSSC00613,SAS00412,STD_PSTN_LINE,CSS_PSTN_LINE,CSS PSTN Line,Voice,Active,48.67
CSSB00413,CSSC00209,SAS00413,STD_BB_FTTC,CSS_BB_FTTC,CSS Broadband FTTC,Broadband,Active,72.63
CSSB00414,CSSC00582,SAS00414,STD_PSTN_LINE,CSS_PSTN_LINE,CSS PSTN Line,Voice,Ceased,171.01
CSSB00415,CSSC00512,CSSS00415,STD_BB_FTTP,CSS_BB_FTTP,CSS Broadband FTTP,Broadband,Ceased,149.45
CSSB00416,CSSC00177,SAS00416,STD_PSTN_LINE,CSS_PSTN_LINE,CSS PSTN Line,Voice,Inactive,147.23
CSSB00417,CSSC00218,SAS00417,STD_BB_FTTC,CSS_BB_FTTC,CSS Broadband FTTC,Broadband,Active,71.36
CSSB00418,CSSC00911,CSSS00418,STD_BB_FTTC,CSS_BB_FTTC,CSS Broadband FTTC,Broadband,Active,118.68
CSSB00419,CSSC00118,CSSS00419,STD_BB_FTTC,CSS_BB_FTTC,CSS Broadband FTTC,Broadband,Inactive,46.24
CSSB00420,CSSC00561,CSSS00420,STD_PSTN_LINE,CSS_PSTN_LINE,CSS PSTN Line,Voice,Active,39.56
CSSB00421,CSSC00064,SAS00421,STD_BB_FTTP,CSS_BB_FTTP,CSS Broadband FTTP,Broadband,Ceased,168.77
CSSB00422,CSSC00657,SAS00422,STD_PSTN_LINE,CSS_PSTN_LINE,CSS PSTN Line,Voice,Inactive,82.12
CSSB00423,CSSC00802,SAS00423,STD_BB_FTTC,CSS_BB_FTTC,CSS Broadband FTTC,Broadband,Active,89.76
CSSB00424,CSSC00888,SAS00424,STD_BB_FTTC,CSS_BB_FTTC,CSS Broadband FTTC,Broadband,Active,64.06
CSSB00425,CSSC00792,SAS00425,STD_BB_FTTP,CSS_BB_FTTP,CSS Broadband FTTP,Broadband,Ceased,18.81
CSSB00426,CSSC00837,SAS00426,STD_BB_FTTP,CSS_BB_FTTP,CSS Broadband FTTP,Broadband,Active,35.29
CSSB00427,CSSC00021,SAS00427,STD_BB_FTTC,CSS_BB_FTTC,CSS Broadband FTTC,Broadband,Ceased,173.08
CSSB00428,CSSC00433,SAS00428,STD_PSTN_LINE,CSS_PSTN_LINE,CSS PSTN Line,Voice,Ceased,87.39
CSSB00429,CSSC00089,SAS00429,STD_PSTN_LINE,CSS_PSTN_LINE,CSS PSTN Line,Voice,Ceased,18.37
CSSB00430,CSSC00458,SAS00430,STD_BB_FTTP,CSS_BB_FTTP,CSS Broadband FTTP,Broadband,Inactive,126.91
CSSB00431,CSSC00536,SAS00431,STD_BB_FTTC,CSS_BB_FTTC,CSS Broadband FTTC,Broadband,Active,145.19
CSSB00432,CSSC00302,SAS00432,STD_BB_FTTP,CSS_BB_FTTP,CSS Broadband FTTP,Broadband,Active,158.81
CSSB00433,CSSC00804,CSSS00433,STD_BB_FTTC,CSS_BB_FTTC,CSS Broadband FTTC,Broadband,Active,138.65
CSSB00434,CSSC00651,SAS00434,STD_PSTN_LINE,CSS_PSTN_LINE,CSS PSTN Line,Voice,Inactive,34.85
CSSB00435,CSSC00032,SAS00435,STD_PSTN_LINE,CSS_PSTN_LINE,CSS PSTN Line,Voice,Active,213.78
CSSB00436,CSSC00584,SAS00436,STD_BB_FTTP,CSS_BB_FTTP,CSS Broadband FTTP,Broadband,Active,236.84
CSSB00437,CSSC00136,SAS00437,STD_BB_FTTC,CSS_BB_FTTC,CSS Broadband FTTC,Broadband,Active,241.51
CSSB00438,CSSC00535,SAS00438,STD_PSTN_LINE,CSS_PSTN_LINE,CSS PSTN Line,Voice,Active,88.23
CSSB00439,CSSC00081,SAS00439,STD_PSTN_LINE,CSS_PSTN_LINE,CSS PSTN Line,Voice,Ceased,236.25
CSSB00440,CSSC00803,SAS00440,STD_PSTN_LINE,CSS_PSTN_LINE,CSS PSTN Line,Voice,Ceased,45.32
CSSB00441,CSSC00499,SAS00441,STD_BB_FTTP,CSS_BB_FTTP,CSS Broadband FTTP,Broadband,Active,107.34
CSSB00442,CSSC00190,SAS00442,STD_BB_FTTC,CSS_BB_FTTC,CSS Broadband FTTC,Broadband,Active,159.18
CSSB00443,CSSC00607,SAS00443,STD_PSTN_LINE,CSS_PSTN_LINE,CSS PSTN Line,Voice,Active,50.69
CSSB00444,CSSC00966,SAS00444,STD_PSTN_LINE,CSS_PSTN_LINE,CSS PSTN Line,Voice,Active,206.19
CSSB00445,CSSC00903,SAS00445,STD_PSTN_LINE,CSS_PSTN_LINE,CSS PSTN Line,Voice,Active,48.6
CSSB00446,CSSC00844,SAS00446,STD_PSTN_LINE,CSS_PSTN_LINE,CSS PSTN Line,Voice,Active,211.72
CSSB00447,CSSC00327,SAS00447,STD_BB_FTTC,CSS_BB_FTTC,CSS Broadband FTTC,Broadband,Suspended,50.84
CSSB00448,CSSC00865,SAS00448,STD_PSTN_LINE,CSS_PSTN_LINE,CSS PSTN Line,Voice,Inactive,22.19
CSSB00449,CSSC00752,CSSS00449,STD_BB_FTTC,CSS_BB_FTTC,CSS Broadband FTTC,Broadband,Ceased,226.45
CSSB00450,CSSC00420,SAS00450,STD_BB_FTTP,CSS_BB_FTTP,CSS Broadband FTTP,Broadband,Active,49.55
CSSB00451,CSSC00868,SAS00451,STD_BB_FTTP,CSS_BB_FTTP,CSS Broadband FTTP,Broadband,Active,147.92
CSSB00452,CSSC00336,SAS00452,STD_PSTN_LINE,CSS_PSTN_LINE,CSS PSTN Line,Voice,Active,38.64
CSSB00453,CSSC00533,SAS00453,STD_BB_FTTP,CSS_BB_FTTP,CSS Broadband FTTP,Broadband,Active,177.81
CSSB00454,CSSC00735,SAS00454,STD_PSTN_LINE,CSS_PSTN_LINE,CSS PSTN Line,Voice,Active,236.45
CSSB00455,CSSC00556,SAS00455,STD_BB_FTTC,CSS_BB_FTTC,CSS Broadband FTTC,Broadband,Active,33.29
CSSB00456,CSSC00806,SAS00456,STD_BB_FTTC,CSS_BB_FTTC,CSS Broadband FTTC,Broadband,Active,151.25
CSSB00457,CSSC00999,CSSS00457,STD_PSTN_LINE,CSS_PSTN_LINE,CSS PSTN Line,Voice,Suspended,43.34
CSSB00458,CSSC00836,SAS00458,STD_BB_FTTC,CSS_BB_FTTC,CSS Broadband FTTC,Broadband,Active,222.19
CSSB00459,CSSC00762,SAS00459,STD_BB_FTTC,CSS_BB_FTTC,CSS Broadband FTTC,Broadband,Active,150.13
CSSB00460,CSSC00205,CSSS00460,STD_BB_FTTC,CSS_BB_FTTC,CSS Broadband FTTC,Broadband,Active,175.87
CSSB00461,CSSC00005,SAS00461,STD_BB_FTTC,CSS_BB_FTTC,CSS Broadband FTTC,Broadband,Suspended,151.17
CSSB00462,CSSC00320,SAS00462,STD_BB_FTTP,CSS_BB_FTTP,CSS Broadband FTTP,Broadband,Active,167.84
CSSB00463,CSSC00817,SAS00463,STD_PSTN_LINE,CSS_PSTN_LINE,CSS PSTN Line,Voice,Suspended,113.61
CSSB00464,CSSC00135,SAS00464,STD_BB_FTTC,CSS_BB_FTTC,CSS Broadband FTTC,Broadband,Inactive,113.91
CSSB00465,CSSC00751,CSSS00465,STD_BB_FTTP,CSS_BB_FTTP,CSS Broadband FTTP,Broadband,Ceased,244.76
CSSB00466,CSSC00208,SAS00466,STD_BB_FTTP,CSS_BB_FTTP,CSS Broadband FTTP,Broadband,Active,196.76
CSSB00467,CSSC00793,CSSS00467,STD_BB_FTTC,CSS_BB_FTTC,CSS Broadband FTTC,Broadband,Active,197.73
CSSB00468,CSSC00680,SAS00468,STD_BB_FTTP,CSS_BB_FTTP,CSS Broadband FTTP,Broadband,Active,225.04
CSSB00469,CSSC00219,SAS00469,STD_PSTN_LINE,CSS_PSTN_LINE,CSS PSTN Line,Voice,Active,139.57
CSSB00470,CSSC00903,SAS00470,STD_BB_FTTC,CSS_BB_FTTC,CSS Broadband FTTC,Broadband,Active,32.03
CSSB00471,CSSC00883,SAS00471,STD_BB_FTTC,CSS_BB_FTTC,CSS Broadband FTTC,Broadband,Inactive,121.89
CSSB00472,CSSC00603,SAS00472,STD_BB_FTTC,CSS_BB_FTTC,CSS Broadband FTTC,Broadband,Suspended,233.98
CSSB00473,CSSC00516,SAS00473,STD_PSTN_LINE,CSS_PSTN_LINE,CSS PSTN Line,Voice,Active,70.86
CSSB00474,CSSC00944,SAS00474,STD_BB_FTTP,CSS_BB_FTTP,CSS Broadband FTTP,Broadband,Active,49.99
CSSB00475,CSSC00049,SAS00475,STD_BB_FTTP,CSS_BB_FTTP,CSS Broadband FTTP,Broadband,Ceased,181.49
CSSB00476,CSSC00403,SAS00476,STD_BB_FTTP,CSS_BB_FTTP,CSS Broadband FTTP,Broadband,Active,240.93
CSSB00477,CSSC00164,SAS00477,STD_BB_FTTC,CSS_BB_FTTC,CSS Broadband FTTC,Broadband,Active,143.48
CSSB00478,CSSC00342,SAS00478,STD_BB_FTTP,CSS_BB_FTTP,CSS Broadband FTTP,Broadband,Active,180.36
CSSB00479,CSSC00749,CSSS00479,STD_PSTN_LINE,CSS_PSTN_LINE,CSS PSTN Line,Voice,Suspended,41.14
CSSB00480,CSSC00086,SAS00480,STD_BB_FTTP,CSS_BB_FTTP,CSS Broadband FTTP,Broadband,Ceased,39.98
CSSB00481,CSSC00704,CSSS00481,STD_BB_FTTC,CSS_BB_FTTC,CSS Broadband FTTC,Broadband,Inactive,121.28
CSSB00482,CSSC00399,CSSS00482,STD_BB_FTTC,CSS_BB_FTTC,CSS Broadband FTTC,Broadband,Active,112.22
CSSB00483,CSSC00636,SAS00483,STD_BB_FTTC,CSS_BB_FTTC,CSS Broadband FTTC,Broadband,Active,37.29
CSSB00484,CSSC00182,SAS00484,STD_BB_FTTP,CSS_BB_FTTP,CSS Broadband FTTP,Broadband,Active,227.06
CSSB00485,CSSC00804,SAS00485,STD_BB_FTTP,CSS_BB_FTTP,CSS Broadband FTTP,Broadband,Active,217.5
CSSB00486,CSSC00778,SAS00486,STD_BB_FTTP,CSS_BB_FTTP,CSS Broadband FTTP,Broadband,Active,96.24
CSSB00487,CSSC00884,SAS00487,STD_PSTN_LINE,CSS_PSTN_LINE,CSS PSTN Line,Voice,Ceased,169.88
CSSB00488,CSSC00703,SAS00488,STD_BB_FTTC,CSS_BB_FTTC,CSS Broadband FTTC,Broadband,Active,83.54
CSSB00489,CSSC00979,SAS00489,STD_PSTN_LINE,CSS_PSTN_LINE,CSS PSTN Line,Voice,Inactive,213.93
CSSB00490,CSSC00475,SAS00490,STD_PSTN_LINE,CSS_PSTN_LINE,CSS PSTN Line,Voice,Inactive,154.85
CSSB00491,CSSC00375,SAS00491,STD_PSTN_LINE,CSS_PSTN_LINE,CSS PSTN Line,Voice,Active,245.96
CSSB00492,CSSC00295,SAS00492,STD_PSTN_LINE,CSS_PSTN_LINE,CSS PSTN Line,Voice,Inactive,20.83
CSSB00493,CSSC00707,SAS00493,STD_PSTN_LINE,CSS_PSTN_LINE,CSS PSTN Line,Voice,Active,235.54
CSSB00494,CSSC00900,SAS00494,STD_BB_FTTP,CSS_BB_FTTP,CSS Broadband FTTP,Broadband,Active,143.92
CSSB00495,CSSC00642,SAS00495,STD_PSTN_LINE,CSS_PSTN_LINE,CSS PSTN Line,Voice,Ceased,96.14
CSSB00496,CSSC00631,SAS00496,STD_PSTN_LINE,CSS_PSTN_LINE,CSS PSTN Line,Voice,Active,192.01
CSSB00497,CSSC00932,SAS00497,STD_BB_FTTC,CSS_BB_FTTC,CSS Broadband FTTC,Broadband,Active,108.0
CSSB00498,CSSC00035,CSSS00498,STD_PSTN_LINE,CSS_PSTN_LINE,CSS PSTN Line,Voice,Active,110.29
CSSB00499,CSSC00439,SAS00499,STD_BB_FTTC,CSS_BB_FTTC,CSS Broadband FTTC,Broadband,Active,107.75
CSSB00500,CSSC00450,SAS00500,STD_PSTN_LINE,CSS_PSTN_LINE,CSS PSTN Line,Voice,Ceased,134.22
CSSB00501,CSSC00712,SAS00501,STD_BB_FTTC,CSS_BB_FTTC,CSS Broadband FTTC,Broadband,Active,150.3
CSSB00502,CSSC00296,SAS00502,STD_BB_FTTP,CSS_BB_FTTP,CSS Broadband FTTP,Broadband,Suspended,22.76
CSSB00503,CSSC00403,SAS00503,STD_BB_FTTC,CSS_BB_FTTC,CSS Broadband FTTC,Broadband,Active,19.87
CSSB00504,CSSC00165,SAS00504,STD_PSTN_LINE,CSS_PSTN_LINE,CSS PSTN Line,Voice,Active,246.61
CSSB00505,CSSC00321,SAS00505,STD_PSTN_LINE,CSS_PSTN_LINE,CSS PSTN Line,Voice,Active,124.58
CSSB00506,CSSC00261,SAS00506,STD_BB_FTTC,CSS_BB_FTTC,CSS Broadband FTTC,Broadband,Active,150.86
CSSB00507,CSSC00798,CSSS00507,STD_BB_FTTP,CSS_BB_FTTP,CSS Broadband FTTP,Broadband,Active,40.1
CSSB00508,CSSC00016,SAS00508,STD_PSTN_LINE,CSS_PSTN_LINE,CSS PSTN Line,Voice,Active,225.02
CSSB00509,CSSC00860,SAS00509,STD_BB_FTTP,CSS_BB_FTTP,CSS Broadband FTTP,Broadband,Active,240.51
CSSB00510,CSSC00570,SAS00510,STD_PSTN_LINE,CSS_PSTN_LINE,CSS PSTN Line,Voice,Active,223.64
CSSB00511,CSSC00120,CSSS00511,STD_BB_FTTP,CSS_BB_FTTP,CSS Broadband FTTP,Broadband,Inactive,160.97
CSSB00512,CSSC00007,SAS00512,STD_BB_FTTP,CSS_BB_FTTP,CSS Broadband FTTP,Broadband,Active,221.34
CSSB00513,CSSC00577,SAS00513,STD_BB_FTTC,CSS_BB_FTTC,CSS Broadband FTTC,Broadband,Active,149.22
CSSB00514,CSSC00191,CSSS00514,STD_BB_FTTC,CSS_BB_FTTC,CSS Broadband FTTC,Broadband,Active,109.7
CSSB00515,CSSC00237,SAS00515,STD_PSTN_LINE,CSS_PSTN_LINE,CSS PSTN Line,Voice,Inactive,223.26
CSSB00516,CSSC00145,SAS00516,STD_PSTN_LINE,CSS_PSTN_LINE,CSS PSTN Line,Voice,Active,125.17
CSSB00517,CSSC00475,SAS00517,STD_BB_FTTC,CSS_BB_FTTC,CSS Broadband FTTC,Broadband,Active,121.22
CSSB00518,CSSC00094,SAS00518,STD_BB_FTTC,CSS_BB_FTTC,CSS Broadband FTTC,Broadband,Inactive,145.77
CSSB00519,CSSC00186,SAS00519,STD_PSTN_LINE,CSS_PSTN_LINE,CSS PSTN Line,Voice,Active,202.5
CSSB00520,CSSC00743,SAS00520,STD_PSTN_LINE,CSS_PSTN_LINE,CSS PSTN Line,Voice,Inactive,139.16
CSSB00521,CSSC00932,SAS00521,STD_BB_FTTP,CSS_BB_FTTP,CSS Broadband FTTP,Broadband,Active,118.63
CSSB00522,CSSC00792,CSSS00522,STD_BB_FTTP,CSS_BB_FTTP,CSS Broadband FTTP,Broadband,Active,145.66
CSSB00523,CSSC00084,SAS00523,STD_PSTN_LINE,CSS_PSTN_LINE,CSS PSTN Line,Voice,Active,127.14
CSSB00524,CSSC00721,SAS00524,STD_BB_FTTP,CSS_BB_FTTP,CSS Broadband FTTP,Broadband,Active,29.68
CSSB00525,CSSC00792,SAS00525,STD_BB_FTTC,CSS_BB_FTTC,CSS Broadband FTTC,Broadband,Inactive,180.25
CSSB00526,CSSC00879,SAS00526,STD_BB_FTTC,CSS_BB_FTTC,CSS Broadband FTTC,Broadband,Active,53.86
CSSB00527,CSSC00931,SAS00527,STD_BB_FTTP,CSS_BB_FTTP,CSS Broadband FTTP,Broadband,Active,241.06
CSSB00528,CSSC00319,SAS00528,STD_BB_FTTP,CSS_BB_FTTP,CSS Broadband FTTP,Broadband,Active,185.59
CSSB00529,CSSC00489,SAS00529,STD_BB_FTTC,CSS_BB_FTTC,CSS Broadband FTTC,Broadband,Active,142.5
CSSB00530,CSSC00641,SAS00530,STD_BB_FTTP,CSS_BB_FTTP,CSS Broadband FTTP,Broadband,Active,54.07
CSSB00531,CSSC00259,CSSS00531,STD_BB_FTTP,CSS_BB_FTTP,CSS Broadband FTTP,Broadband,Active,187.63
CSSB00532,CSSC00947,SAS00532,STD_BB_FTTP,CSS_BB_FTTP,CSS Broadband FTTP,Broadband,Active,243.95
CSSB00533,CSSC00980,SAS00533,STD_BB_FTTC,CSS_BB_FTTC,CSS Broadband FTTC,Broadband,Inactive,174.17
CSSB00534,CSSC00754,SAS00534,STD_PSTN_LINE,CSS_PSTN_LINE,CSS PSTN Line,Voice,Active,245.05
CSSB00535,CSSC00284,SAS00535,STD_BB_FTTP,CSS_BB_FTTP,CSS Broadband FTTP,Broadband,Suspended,48.3
CSSB00536,CSSC00450,SAS00536,STD_PSTN_LINE,CSS_PSTN_LINE,CSS PSTN Line,Voice,Active,41.95
CSSB00537,CSSC00382,SAS00537,STD_BB_FTTP,CSS_BB_FTTP,CSS Broadband FTTP,Broadband,Active,114.96
CSSB00538,CSSC00908,CSSS00538,STD_BB_FTTC,CSS_BB_FTTC,CSS Broadband FTTC,Broadband,Active,246.37
CSSB00539,CSSC00059,SAS00539,STD_BB_FTTC,CSS_BB_FTTC,CSS Broadband FTTC,Broadband,Ceased,120.07
CSSB00540,CSSC00471,SAS00540,STD_BB_FTTC,CSS_BB_FTTC,CSS Broadband FTTC,Broadband,Active,70.02
CSSB00541,CSSC00787,CSSS00541,STD_PSTN_LINE,CSS_PSTN_LINE,CSS PSTN Line,Voice,Ceased,38.8
CSSB00542,CSSC00700,SAS00542,STD_BB_FTTP,CSS_BB_FTTP,CSS Broadband FTTP,Broadband,Active,105.72
CSSB00543,CSSC00623,CSSS00543,STD_BB_FTTP,CSS_BB_FTTP,CSS Broadband FTTP,Broadband,Active,237.03
CSSB00544,CSSC00030,SAS00544,STD_BB_FTTC,CSS_BB_FTTC,CSS Broadband FTTC,Broadband,Active,107.81
CSSB00545,CSSC00167,SAS00545,STD_BB_FTTC,CSS_BB_FTTC,CSS Broadband FTTC,Broadband,Ceased,115.39
CSSB00546,CSSC00015,SAS00546,STD_BB_FTTP,CSS_BB_FTTP,CSS Broadband FTTP,Broadband,Ceased,114.9
CSSB00547,CSSC00993,SAS00547,STD_BB_FTTC,CSS_BB_FTTC,CSS Broadband FTTC,Broadband,Active,180.5
CSSB00548,CSSC00953,SAS00548,STD_PSTN_LINE,CSS_PSTN_LINE,CSS PSTN Line,Voice,Active,32.02
CSSB00549,CSSC00596,SAS00549,STD_BB_FTTC,CSS_BB_FTTC,CSS Broadband FTTC,Broadband,Active,26.39
CSSB00550,CSSC00989,SAS00550,STD_PSTN_LINE,CSS_PSTN_LINE,CSS PSTN Line,Voice,Active,61.75
CSSB00551,CSSC00231,SAS00551,STD_PSTN_LINE,CSS_PSTN_LINE,CSS PSTN Line,Voice,Active,105.45
CSSB00552,CSSC00465,SAS00552,STD_BB_FTTP,CSS_BB_FTTP,CSS Broadband FTTP,Broadband,Active,222.64
CSSB00553,CSSC00121,CSSS00553,STD_BB_FTTP,CSS_BB_FTTP,CSS Broadband FTTP,Broadband,Active,113.34
CSSB00554,CSSC00141,SAS00554,STD_PSTN_LINE,CSS_PSTN_LINE,CSS PSTN Line,Voice,Active,53.1
CSSB00555,CSSC00696,SAS00555,STD_PSTN_LINE,CSS_PSTN_LINE,CSS PSTN Line,Voice,Active,132.37
CSSB00556,CSSC00609,SAS00556,STD_BB_FTTP,CSS_BB_FTTP,CSS Broadband FTTP,Broadband,Active,73.7
CSSB00557,CSSC00319,SAS00557,STD_BB_FTTC,CSS_BB_FTTC,CSS Broadband FTTC,Broadband,Active,64.64
CSSB00558,CSSC00347,SAS00558,STD_PSTN_LINE,CSS_PSTN_LINE,CSS PSTN Line,Voice,Ceased,243.99
CSSB00559,CSSC00192,SAS00559,STD_BB_FTTC,CSS_BB_FTTC,CSS Broadband FTTC,Broadband,Active,70.18
CSSB00560,CSSC00267,SAS00560,STD_PSTN_LINE,CSS_PSTN_LINE,CSS PSTN Line,Voice,Inactive,73.89
CSSB00561,CSSC00081,SAS00561,STD_BB_FTTC,CSS_BB_FTTC,CSS Broadband FTTC,Broadband,Active,24.49
CSSB00562,CSSC00737,SAS00562,STD_BB_FTTP,CSS_BB_FTTP,CSS Broadband FTTP,Broadband,Ceased,148.78
CSSB00563,CSSC00276,SAS00563,STD_BB_FTTC,CSS_BB_FTTC,CSS Broadband FTTC,Broadband,Active,225.62
CSSB00564,CSSC00817,SAS00564,STD_BB_FTTC,CSS_BB_FTTC,CSS Broadband FTTC,Broadband,Ceased,101.63
CSSB00565,CSSC00246,SAS00565,STD_BB_FTTC,CSS_BB_FTTC,CSS Broadband FTTC,Broadband,Active,234.04
CSSB00566,CSSC00609,SAS00566,STD_BB_FTTP,CSS_BB_FTTP,CSS Broadband FTTP,Broadband,Active,228.18
CSSB00567,CSSC00130,CSSS00567,STD_BB_FTTC,CSS_BB_FTTC,CSS Broadband FTTC,Broadband,Active,179.88
CSSB00568,CSSC00009,SAS00568,STD_BB_FTTP,CSS_BB_FTTP,CSS Broadband FTTP,Broadband,Active,207.03
CSSB00569,CSSC00190,SAS00569,STD_BB_FTTP,CSS_BB_FTTP,CSS Broadband FTTP,Broadband,Inactive,104.12
CSSB00570,CSSC00391,SAS00570,STD_BB_FTTP,CSS_BB_FTTP,CSS Broadband FTTP,Broadband,Active,232.05
CSSB00571,CSSC00014,SAS00571,STD_BB_FTTC,CSS_BB_FTTC,CSS Broadband FTTC,Broadband,Active,198.25
CSSB00572,CSSC00603,SAS00572,STD_BB_FTTP,CSS_BB_FTTP,CSS Broadband FTTP,Broadband,Active,206.76
CSSB00573,CSSC00054,SAS00573,STD_BB_FTTC,CSS_BB_FTTC,CSS Broadband FTTC,Broadband,Active,226.16
CSSB00574,CSSC00964,SAS00574,STD_BB_FTTC,CSS_BB_FTTC,CSS Broadband FTTC,Broadband,Suspended,67.53
CSSB00575,CSSC00830,CSSS00575,STD_BB_FTTP,CSS_BB_FTTP,CSS Broadband FTTP,Broadband,Active,124.23
CSSB00576,CSSC00107,SAS00576,STD_BB_FTTC,CSS_BB_FTTC,CSS Broadband FTTC,Broadband,Active,167.78
CSSB00577,CSSC00749,CSSS00577,STD_PSTN_LINE,CSS_PSTN_LINE,CSS PSTN Line,Voice,Ceased,50.96
CSSB00578,CSSC00124,CSSS00578,STD_BB_FTTC,CSS_BB_FTTC,CSS Broadband FTTC,Broadband,Active,234.35
CSSB00579,CSSC00288,SAS00579,STD_PSTN_LINE,CSS_PSTN_LINE,CSS PSTN Line,Voice,Inactive,58.88
CSSB00580,CSSC00911,SAS00580,STD_BB_FTTC,CSS_BB_FTTC,CSS Broadband FTTC,Broadband,Active,175.82
CSSB00581,CSSC00912,SAS00581,STD_PSTN_LINE,CSS_PSTN_LINE,CSS PSTN Line,Voice,Active,241.85
CSSB00582,CSSC00891,SAS00582,STD_PSTN_LINE,CSS_PSTN_LINE,CSS PSTN Line,Voice,Active,113.33
CSSB00583,CSSC00350,SAS00583,STD_PSTN_LINE,CSS_PSTN_LINE,CSS PSTN Line,Voice,Suspended,125.37
CSSB00584,CSSC00136,SAS00584,STD_PSTN_LINE,CSS_PSTN_LINE,CSS PSTN Line,Voice,Active,63.24
CSSB00585,CSSC00004,CSSS00585,STD_BB_FTTP,CSS_BB_FTTP,CSS Broadband FTTP,Broadband,Ceased,164.0
CSSB00586,CSSC00366,SAS00586,STD_BB_FTTC,CSS_BB_FTTC,CSS Broadband FTTC,Broadband,Active,233.2
CSSB00587,CSSC00377,SAS00587,STD_BB_FTTC,CSS_BB_FTTC,CSS Broadband FTTC,Broadband,Active,231.62
CSSB00588,CSSC00496,SAS00588,STD_PSTN_LINE,CSS_PSTN_LINE,CSS PSTN Line,Voice,Active,61.22
CSSB00589,CSSC00475,SAS00589,STD_BB_FTTP,CSS_BB_FTTP,CSS Broadband FTTP,Broadband,Active,158.18
CSSB00590,CSSC00233,SAS00590,STD_BB_FTTP,CSS_BB_FTTP,CSS Broadband FTTP,Broadband,Inactive,68.49
CSSB00591,CSSC00408,SAS00591,STD_BB_FTTC,CSS_BB_FTTC,CSS Broadband FTTC,Broadband,Active,56.16
CSSB00592,CSSC00036,SAS00592,STD_BB_FTTC,CSS_BB_FTTC,CSS Broadband FTTC,Broadband,Active,53.77
CSSB00593,CSSC00795,SAS00593,STD_BB_FTTP,CSS_BB_FTTP,CSS Broadband FTTP,Broadband,Active,61.26
CSSB00594,CSSC00744,SAS00594,STD_PSTN_LINE,CSS_PSTN_LINE,CSS PSTN Line,Voice,Active,184.84
CSSB00595,CSSC00990,SAS00595,STD_BB_FTTC,CSS_BB_FTTC,CSS Broadband FTTC,Broadband,Suspended,52.42
CSSB00596,CSSC00155,SAS00596,STD_BB_FTTP,CSS_BB_FTTP,CSS Broadband FTTP,Broadband,Active,160.9
CSSB00597,CSSC00916,SAS00597,STD_BB_FTTC,CSS_BB_FTTC,CSS Broadband FTTC,Broadband,Active,215.86
CSSB00598,CSSC00708,SAS00598,STD_PSTN_LINE,CSS_PSTN_LINE,CSS PSTN Line,Voice,Inactive,70.32
CSSB00599,CSSC00233,SAS00599,STD_BB_FTTC,CSS_BB_FTTC,CSS Broadband FTTC,Broadband,Ceased,126.93
CSSB00600,CSSC00094,SAS00600,STD_PSTN_LINE,CSS_PSTN_LINE,CSS PSTN Line,Voice,Active,61.49
CSSB00601,CSSC00622,SAS00601,STD_BB_FTTP,CSS_BB_FTTP,CSS Broadband FTTP,Broadband,Inactive,210.51
CSSB00602,CSSC00205,SAS00602,STD_BB_FTTC,CSS_BB_FTTC,CSS Broadband FTTC,Broadband,Active,109.97
CSSB00603,CSSC00363,SAS00603,STD_PSTN_LINE,CSS_PSTN_LINE,CSS PSTN Line,Voice,Suspended,147.52
CSSB00604,CSSC00574,SAS00604,STD_BB_FTTP,CSS_BB_FTTP,CSS Broadband FTTP,Broadband,Ceased,132.37
CSSB00605,CSSC00813,SAS00605,STD_PSTN_LINE,CSS_PSTN_LINE,CSS PSTN Line,Voice,Active,77.92
CSSB00606,CSSC00413,SAS00606,STD_BB_FTTP,CSS_BB_FTTP,CSS Broadband FTTP,Broadband,Active,66.68
CSSB00607,CSSC00994,SAS00607,STD_BB_FTTC,CSS_BB_FTTC,CSS Broadband FTTC,Broadband,Active,55.44
CSSB00608,CSSC00730,SAS00608,STD_BB_FTTC,CSS_BB_FTTC,CSS Broadband FTTC,Broadband,Active,53.72
CSSB00609,CSSC00574,SAS00609,STD_PSTN_LINE,CSS_PSTN_LINE,CSS PSTN Line,Voice,Inactive,172.28
CSSB00610,CSSC00702,SAS00610,STD_BB_FTTP,CSS_BB_FTTP,CSS Broadband FTTP,Broadband,Active,105.47
CSSB00611,CSSC00841,SAS00611,STD_BB_FTTP,CSS_BB_FTTP,CSS Broadband FTTP,Broadband,Active,170.21
CSSB00612,CSSC00922,SAS00612,STD_BB_FTTC,CSS_BB_FTTC,CSS Broadband FTTC,Broadband,Suspended,74.76
CSSB00613,CSSC00876,SAS00613,STD_PSTN_LINE,CSS_PSTN_LINE,CSS PSTN Line,Voice,Active,201.97
CSSB00614,CSSC00283,CSSS00614,STD_PSTN_LINE,CSS_PSTN_LINE,CSS PSTN Line,Voice,Active,71.15
CSSB00615,CSSC00573,SAS00615,STD_BB_FTTP,CSS_BB_FTTP,CSS Broadband FTTP,Broadband,Active,224.13
CSSB00616,CSSC00074,SAS00616,STD_BB_FTTC,CSS_BB_FTTC,CSS Broadband FTTC,Broadband,Active,136.02
CSSB00617,CSSC00294,SAS00617,STD_PSTN_LINE,CSS_PSTN_LINE,CSS PSTN Line,Voice,Active,107.58
CSSB00618,CSSC00322,SAS00618,STD_BB_FTTC,CSS_BB_FTTC,CSS Broadband FTTC,Broadband,Active,76.33
CSSB00619,CSSC00075,SAS00619,STD_BB_FTTC,CSS_BB_FTTC,CSS Broadband FTTC,Broadband,Active,117.32
CSSB00620,CSSC00738,SAS00620,STD_BB_FTTC,CSS_BB_FTTC,CSS Broadband FTTC,Broadband,Active,81.02
CSSB00621,CSSC00584,SAS00621,STD_BB_FTTC,CSS_BB_FTTC,CSS Broadband FTTC,Broadband,Active,67.07
CSSB00622,CSSC00329,SAS00622,STD_PSTN_LINE,CSS_PSTN_LINE,CSS PSTN Line,Voice,Active,204.4
CSSB00623,CSSC00831,CSSS00623,STD_PSTN_LINE,CSS_PSTN_LINE,CSS PSTN Line,Voice,Ceased,172.67
CSSB00624,CSSC00073,SAS00624,STD_BB_FTTP,CSS_BB_FTTP,CSS Broadband FTTP,Broadband,Active,171.5
CSSB00625,CSSC00154,SAS00625,STD_PSTN_LINE,CSS_PSTN_LINE,CSS PSTN Line,Voice,Inactive,117.76
CSSB00626,CSSC00970,SAS00626,STD_BB_FTTP,CSS_BB_FTTP,CSS Broadband FTTP,Broadband,Active,149.4
CSSB00627,CSSC00536,SAS00627,STD_PSTN_LINE,CSS_PSTN_LINE,CSS PSTN Line,Voice,Active,130.26
CSSB00628,CSSC00082,SAS00628,STD_BB_FTTC,CSS_BB_FTTC,CSS Broadband FTTC,Broadband,Active,169.27
CSSB00629,CSSC00692,SAS00629,STD_PSTN_LINE,CSS_PSTN_LINE,CSS PSTN Line,Voice,Active,241.61
CSSB00630,CSSC00548,SAS00630,STD_PSTN_LINE,CSS_PSTN_LINE,CSS PSTN Line,Voice,Active,213.03
CSSB00631,CSSC00959,SAS00631,STD_BB_FTTC,CSS_BB_FTTC,CSS Broadband FTTC,Broadband,Active,157.81
CSSB00632,CSSC00646,SAS00632,STD_PSTN_LINE,CSS_PSTN_LINE,CSS PSTN Line,Voice,Active,136.9
CSSB00633,CSSC00743,SAS00633,STD_BB_FTTP,CSS_BB_FTTP,CSS Broadband FTTP,Broadband,Active,51.58
CSSB00634,CSSC00163,CSSS00634,STD_PSTN_LINE,CSS_PSTN_LINE,CSS PSTN Line,Voice,Inactive,130.82
CSSB00635,CSSC00388,SAS00635,STD_BB_FTTC,CSS_BB_FTTC,CSS Broadband FTTC,Broadband,Inactive,83.91
CSSB00636,CSSC00008,SAS00636,STD_BB_FTTC,CSS_BB_FTTC,CSS Broadband FTTC,Broadband,Ceased,125.71
CSSB00637,CSSC00314,SAS00637,STD_BB_FTTP,CSS_BB_FTTP,CSS Broadband FTTP,Broadband,Active,87.08
CSSB00638,CSSC00459,SAS00638,STD_PSTN_LINE,CSS_PSTN_LINE,CSS PSTN Line,Voice,Active,64.7
CSSB00639,CSSC00912,SAS00639,STD_BB_FTTC,CSS_BB_FTTC,CSS Broadband FTTC,Broadband,Active,94.71
CSSB00640,CSSC00024,SAS00640,STD_BB_FTTC,CSS_BB_FTTC,CSS Broadband FTTC,Broadband,Active,26.73
CSSB00641,CSSC00757,SAS00641,STD_PSTN_LINE,CSS_PSTN_LINE,CSS PSTN Line,Voice,Active,241.39
CSSB00642,CSSC00452,CSSS00642,STD_BB_FTTP,CSS_BB_FTTP,CSS Broadband FTTP,Broadband,Active,179.46
CSSB00643,CSSC00229,SAS00643,STD_BB_FTTP,CSS_BB_FTTP,CSS Broadband FTTP,Broadband,Active,184.81
CSSB00644,CSSC00184,SAS00644,STD_BB_FTTC,CSS_BB_FTTC,CSS Broadband FTTC,Broadband,Active,113.94
CSSB00645,CSSC00212,SAS00645,STD_BB_FTTP,CSS_BB_FTTP,CSS Broadband FTTP,Broadband,Suspended,160.47
CSSB00646,CSSC00939,SAS00646,STD_BB_FTTC,CSS_BB_FTTC,CSS Broadband FTTC,Broadband,Active,98.89
CSSB00647,CSSC00289,SAS00647,STD_PSTN_LINE,CSS_PSTN_LINE,CSS PSTN Line,Voice,Ceased,192.86
CSSB00648,CSSC00896,SAS00648,STD_BB_FTTC,CSS_BB_FTTC,CSS Broadband FTTC,Broadband,Active,77.72
CSSB00649,CSSC00075,SAS00649,STD_BB_FTTC,CSS_BB_FTTC,CSS Broadband FTTC,Broadband,Active,233.3
CSSB00650,CSSC00604,SAS00650,STD_PSTN_LINE,CSS_PSTN_LINE,CSS PSTN Line,Voice,Active,122.61
CSSB00651,CSSC00232,SAS00651,STD_BB_FTTC,CSS_BB_FTTC,CSS Broadband FTTC,Broadband,Active,139.99
CSSB00652,CSSC00693,SAS00652,STD_BB_FTTP,CSS_BB_FTTP,CSS Broadband FTTP,Broadband,Active,29.08
CSSB00653,CSSC00337,SAS00653,STD_BB_FTTC,CSS_BB_FTTC,CSS Broadband FTTC,Broadband,Inactive,68.7
CSSB00654,CSSC00590,SAS00654,STD_BB_FTTC,CSS_BB_FTTC,CSS Broadband FTTC,Broadband,Active,234.63
CSSB00655,CSSC00103,SAS00655,STD_BB_FTTP,CSS_BB_FTTP,CSS Broadband FTTP,Broadband,Ceased,194.38
CSSB00656,CSSC00457,CSSS00656,STD_BB_FTTP,CSS_BB_FTTP,CSS Broadband FTTP,Broadband,Suspended,194.71
CSSB00657,CSSC00491,SAS00657,STD_BB_FTTC,CSS_BB_FTTC,CSS Broadband FTTC,Broadband,Active,84.6
CSSB00658,CSSC00727,SAS00658,STD_PSTN_LINE,CSS_PSTN_LINE,CSS PSTN Line,Voice,Inactive,48.6
CSSB00659,CSSC00797,CSSS00659,STD_BB_FTTP,CSS_BB_FTTP,CSS Broadband FTTP,Broadband,Active,149.47
CSSB00660,CSSC00869,SAS00660,STD_BB_FTTC,CSS_BB_FTTC,CSS Broadband FTTC,Broadband,Inactive,69.84
CSSB00661,CSSC00056,SAS00661,STD_BB_FTTP,CSS_BB_FTTP,CSS Broadband FTTP,Broadband,Active,198.68
CSSB00662,CSSC00209,SAS00662,STD_BB_FTTC,CSS_BB_FTTC,CSS Broadband FTTC,Broadband,Suspended,140.67
CSSB00663,CSSC00610,SAS00663,STD_BB_FTTP,CSS_BB_FTTP,CSS Broadband FTTP,Broadband,Active,212.78
CSSB00664,CSSC00987,CSSS00664,STD_PSTN_LINE,CSS_PSTN_LINE,CSS PSTN Line,Voice,Ceased,159.4
CSSB00665,CSSC00968,CSSS00665,STD_BB_FTTP,CSS_BB_FTTP,CSS Broadband FTTP,Broadband,Active,179.42
CSSB00666,CSSC00407,SAS00666,STD_BB_FTTP,CSS_BB_FTTP,CSS Broadband FTTP,Broadband,Ceased,145.77
CSSB00667,CSSC00050,SAS00667,STD_PSTN_LINE,CSS_PSTN_LINE,CSS PSTN Line,Voice,Active,112.52
CSSB00668,CSSC00956,SAS00668,STD_PSTN_LINE,CSS_PSTN_LINE,CSS PSTN Line,Voice,Active,124.14
CSSB00669,CSSC00188,SAS00669,STD_BB_FTTP,CSS_BB_FTTP,CSS Broadband FTTP,Broadband,Active,71.82
CSSB00670,CSSC00462,SAS00670,STD_BB_FTTP,CSS_BB_FTTP,CSS Broadband FTTP,Broadband,Inactive,143.34
CSSB00671,CSSC00029,CSSS00671,STD_BB_FTTC,CSS_BB_FTTC,CSS Broadband FTTC,Broadband,Inactive,226.15
CSSB00672,CSSC00583,SAS00672,STD_BB_FTTP,CSS_BB_FTTP,CSS Broadband FTTP,Broadband,Active,204.69
CSSB00673,CSSC00092,SAS00673,STD_PSTN_LINE,CSS_PSTN_LINE,CSS PSTN Line,Voice,Suspended,32.94
CSSB00674,CSSC00270,SAS00674,STD_BB_FTTC,CSS_BB_FTTC,CSS Broadband FTTC,Broadband,Suspended,31.56
CSSB00675,CSSC00234,SAS00675,STD_PSTN_LINE,CSS_PSTN_LINE,CSS PSTN Line,Voice,Ceased,55.9
CSSB00676,CSSC00835,SAS00676,STD_BB_FTTC,CSS_BB_FTTC,CSS Broadband FTTC,Broadband,Active,60.03
CSSB00677,CSSC00770,SAS00677,STD_BB_FTTP,CSS_BB_FTTP,CSS Broadband FTTP,Broadband,Active,48.97
CSSB00678,CSSC00157,SAS00678,STD_BB_FTTP,CSS_BB_FTTP,CSS Broadband FTTP,Broadband,Active,94.6
CSSB00679,CSSC00588,SAS00679,STD_BB_FTTC,CSS_BB_FTTC,CSS Broadband FTTC,Broadband,Active,68.91
CSSB00680,CSSC00260,SAS00680,STD_PSTN_LINE,CSS_PSTN_LINE,CSS PSTN Line,Voice,Active,117.24
CSSB00681,CSSC00468,SAS00681,STD_BB_FTTC,CSS_BB_FTTC,CSS Broadband FTTC,Broadband,Suspended,50.94
CSSB00682,CSSC00490,SAS00682,STD_PSTN_LINE,CSS_PSTN_LINE,CSS PSTN Line,Voice,Active,191.63
CSSB00683,CSSC00178,SAS00683,STD_BB_FTTC,CSS_BB_FTTC,CSS Broadband FTTC,Broadband,Active,227.61
CSSB00684,CSSC00933,SAS00684,STD_PSTN_LINE,CSS_PSTN_LINE,CSS PSTN Line,Voice,Inactive,57.59
CSSB00685,CSSC00030,SAS00685,STD_BB_FTTC,CSS_BB_FTTC,CSS Broadband FTTC,Broadband,Active,143.32
CSSB00686,CSSC00470,CSSS00686,STD_BB_FTTP,CSS_BB_FTTP,CSS Broadband FTTP,Broadband,Active,184.51
CSSB00687,CSSC00981,SAS00687,STD_BB_FTTP,CSS_BB_FTTP,CSS Broadband FTTP,Broadband,Active,104.61
CSSB00688,CSSC00450,SAS00688,STD_PSTN_LINE,CSS_PSTN_LINE,CSS PSTN Line,Voice,Active,144.78
CSSB00689,CSSC00748,SAS00689,STD_PSTN_LINE,CSS_PSTN_LINE,CSS PSTN Line,Voice,Active,178.31
CSSB00690,CSSC00329,SAS00690,STD_PSTN_LINE,CSS_PSTN_LINE,CSS PSTN Line,Voice,Ceased,29.61
CSSB00691,CSSC00369,SAS00691,STD_PSTN_LINE,CSS_PSTN_LINE,CSS PSTN Line,Voice,Active,175.21
CSSB00692,CSSC00645,CSSS00692,STD_PSTN_LINE,CSS_PSTN_LINE,CSS PSTN Line,Voice,Active,91.46
CSSB00693,CSSC00042,SAS00693,STD_BB_FTTP,CSS_BB_FTTP,CSS Broadband FTTP,Broadband,Active,193.91
CSSB00694,CSSC00289,SAS00694,STD_PSTN_LINE,CSS_PSTN_LINE,CSS PSTN Line,Voice,Ceased,130.63
CSSB00695,CSSC00643,SAS00695,STD_BB_FTTC,CSS_BB_FTTC,CSS Broadband FTTC,Broadband,Inactive,41.14
CSSB00696,CSSC00087,CSSS00696,STD_BB_FTTP,CSS_BB_FTTP,CSS Broadband FTTP,Broadband,Active,137.13
CSSB00697,CSSC00242,SAS00697,STD_PSTN_LINE,CSS_PSTN_LINE,CSS PSTN Line,Voice,Inactive,190.32
CSSB00698,CSSC00052,SAS00698,STD_BB_FTTP,CSS_BB_FTTP,CSS Broadband FTTP,Broadband,Active,29.48
CSSB00699,CSSC00845,SAS00699,STD_BB_FTTP,CSS_BB_FTTP,CSS Broadband FTTP,Broadband,Active,99.79
CSSB00700,CSSC00602,SAS00700,STD_BB_FTTC,CSS_BB_FTTC,CSS Broadband FTTC,Broadband,Active,91.85
CSSB00701,CSSC00908,SAS00701,STD_BB_FTTP,CSS_BB_FTTP,CSS Broadband FTTP,Broadband,Active,50.97
CSSB00702,CSSC00505,SAS00702,STD_PSTN_LINE,CSS_PSTN_LINE,CSS PSTN Line,Voice,Active,123.42
CSSB00703,CSSC00168,CSSS00703,STD_PSTN_LINE,CSS_PSTN_LINE,CSS PSTN Line,Voice,Active,105.16
CSSB00704,CSSC00386,SAS00704,STD_BB_FTTC,CSS_BB_FTTC,CSS Broadband FTTC,Broadband,Active,167.88
CSSB00705,CSSC00871,SAS00705,STD_PSTN_LINE,CSS_PSTN_LINE,CSS PSTN Line,Voice,Active,207.42
CSSB00706,CSSC00208,SAS00706,STD_BB_FTTC,CSS_BB_FTTC,CSS Broadband FTTC,Broadband,Suspended,211.38
CSSB00707,CSSC00313,SAS00707,STD_BB_FTTP,CSS_BB_FTTP,CSS Broadband FTTP,Broadband,Active,232.01
CSSB00708,CSSC00013,SAS00708,STD_BB_FTTC,CSS_BB_FTTC,CSS Broadband FTTC,Broadband,Active,104.81
CSSB00709,CSSC00700,SAS00709,STD_PSTN_LINE,CSS_PSTN_LINE,CSS PSTN Line,Voice,Active,195.73
CSSB00710,CSSC00321,SAS00710,STD_BB_FTTP,CSS_BB_FTTP,CSS Broadband FTTP,Broadband,Active,180.86
CSSB00711,CSSC00187,SAS00711,STD_BB_FTTC,CSS_BB_FTTC,CSS Broadband FTTC,Broadband,Active,221.61
CSSB00712,CSSC00759,SAS00712,STD_BB_FTTC,CSS_BB_FTTC,CSS Broadband FTTC,Broadband,Active,133.54
CSSB00713,CSSC00327,SAS00713,STD_BB_FTTC,CSS_BB_FTTC,CSS Broadband FTTC,Broadband,Active,22.07
CSSB00714,CSSC00083,SAS00714,STD_BB_FTTC,CSS_BB_FTTC,CSS Broadband FTTC,Broadband,Active,158.26
CSSB00715,CSSC00029,SAS00715,STD_BB_FTTC,CSS_BB_FTTC,CSS Broadband FTTC,Broadband,Active,84.31
CSSB00716,CSSC00074,SAS00716,STD_BB_FTTP,CSS_BB_FTTP,CSS Broadband FTTP,Broadband,Active,53.18
CSSB00717,CSSC00326,SAS00717,STD_BB_FTTP,CSS_BB_FTTP,CSS Broadband FTTP,Broadband,Active,74.69
CSSB00718,CSSC00685,SAS00718,STD_BB_FTTP,CSS_BB_FTTP,CSS Broadband FTTP,Broadband,Active,162.4
CSSB00719,CSSC00304,SAS00719,STD_BB_FTTC,CSS_BB_FTTC,CSS Broadband FTTC,Broadband,Active,35.63
CSSB00720,CSSC00680,SAS00720,STD_BB_FTTP,CSS_BB_FTTP,CSS Broadband FTTP,Broadband,Active,65.5
CSSB00721,CSSC00110,SAS00721,STD_BB_FTTP,CSS_BB_FTTP,CSS Broadband FTTP,Broadband,Active,151.14
CSSB00722,CSSC00873,SAS00722,STD_PSTN_LINE,CSS_PSTN_LINE,CSS PSTN Line,Voice,Active,167.03
CSSB00723,CSSC00182,SAS00723,STD_BB_FTTP,CSS_BB_FTTP,CSS Broadband FTTP,Broadband,Inactive,104.33
CSSB00724,CSSC00304,SAS00724,STD_BB_FTTC,CSS_BB_FTTC,CSS Broadband FTTC,Broadband,Inactive,142.89
CSSB00725,CSSC00891,SAS00725,STD_PSTN_LINE,CSS_PSTN_LINE,CSS PSTN Line,Voice,Ceased,87.13
CSSB00726,CSSC00009,CSSS00726,STD_BB_FTTC,CSS_BB_FTTC,CSS Broadband FTTC,Broadband,Active,147.06
CSSB00727,CSSC00060,SAS00727,STD_PSTN_LINE,CSS_PSTN_LINE,CSS PSTN Line,Voice,Suspended,174.3
CSSB00728,CSSC00044,SAS00728,STD_BB_FTTC,CSS_BB_FTTC,CSS Broadband FTTC,Broadband,Ceased,133.5
CSSB00729,CSSC00654,SAS00729,STD_BB_FTTC,CSS_BB_FTTC,CSS Broadband FTTC,Broadband,Active,198.02
CSSB00730,CSSC00983,SAS00730,STD_BB_FTTC,CSS_BB_FTTC,CSS Broadband FTTC,Broadband,Inactive,197.82
CSSB00731,CSSC00122,SAS00731,STD_BB_FTTC,CSS_BB_FTTC,CSS Broadband FTTC,Broadband,Active,59.83
CSSB00732,CSSC00626,CSSS00732,STD_BB_FTTP,CSS_BB_FTTP,CSS Broadband FTTP,Broadband,Active,62.85
CSSB00733,CSSC00018,SAS00733,STD_BB_FTTP,CSS_BB_FTTP,CSS Broadband FTTP,Broadband,Active,76.68
CSSB00734,CSSC00223,SAS00734,STD_BB_FTTP,CSS_BB_FTTP,CSS Broadband FTTP,Broadband,Ceased,230.75
CSSB00735,CSSC00582,SAS00735,STD_PSTN_LINE,CSS_PSTN_LINE,CSS PSTN Line,Voice,Active,218.15
CSSB00736,CSSC00458,SAS00736,STD_PSTN_LINE,CSS_PSTN_LINE,CSS PSTN Line,Voice,Active,140.23
CSSB00737,CSSC00668,SAS00737,STD_BB_FTTP,CSS_BB_FTTP,CSS Broadband FTTP,Broadband,Inactive,22.62
CSSB00738,CSSC00225,SAS00738,STD_BB_FTTP,CSS_BB_FTTP,CSS Broadband FTTP,Broadband,Inactive,190.87
CSSB00739,CSSC00724,CSSS00739,STD_BB_FTTC,CSS_BB_FTTC,CSS Broadband FTTC,Broadband,Inactive,143.1
CSSB00740,CSSC00199,SAS00740,STD_PSTN_LINE,CSS_PSTN_LINE,CSS PSTN Line,Voice,Active,164.58
CSSB00741,CSSC00335,SAS00741,STD_BB_FTTP,CSS_BB_FTTP,CSS Broadband FTTP,Broadband,Suspended,145.56
CSSB00742,CSSC00002,SAS00742,STD_PSTN_LINE,CSS_PSTN_LINE,CSS PSTN Line,Voice,Ceased,213.45
CSSB00743,CSSC00631,SAS00743,STD_BB_FTTP,CSS_BB_FTTP,CSS Broadband FTTP,Broadband,Active,110.36
CSSB00744,CSSC00715,SAS00744,STD_BB_FTTP,CSS_BB_FTTP,CSS Broadband FTTP,Broadband,Ceased,217.01
CSSB00745,CSSC00182,SAS00745,STD_PSTN_LINE,CSS_PSTN_LINE,CSS PSTN Line,Voice,Suspended,134.37
CSSB00746,CSSC00915,SAS00746,STD_BB_FTTP,CSS_BB_FTTP,CSS Broadband FTTP,Broadband,Active,130.21
CSSB00747,CSSC00922,SAS00747,STD_PSTN_LINE,CSS_PSTN_LINE,CSS PSTN Line,Voice,Suspended,241.53
CSSB00748,CSSC00935,SAS00748,STD_PSTN_LINE,CSS_PSTN_LINE,CSS PSTN Line,Voice,Active,123.53
CSSB00749,CSSC00254,SAS00749,STD_PSTN_LINE,CSS_PSTN_LINE,CSS PSTN Line,Voice,Active,35.26
CSSB00750,CSSC00159,SAS00750,STD_PSTN_LINE,CSS_PSTN_LINE,CSS PSTN Line,Voice,Suspended,184.32
CSSB00751,CSSC00157,CSSS00751,STD_BB_FTTC,CSS_BB_FTTC,CSS Broadband FTTC,Broadband,Inactive,69.92
CSSB00752,CSSC00920,SAS00752,STD_BB_FTTP,CSS_BB_FTTP,CSS Broadband FTTP,Broadband,Active,93.49
CSSB00753,CSSC00961,SAS00753,STD_BB_FTTP,CSS_BB_FTTP,CSS Broadband FTTP,Broadband,Active,225.79
CSSB00754,CSSC00505,SAS00754,STD_PSTN_LINE,CSS_PSTN_LINE,CSS PSTN Line,Voice,Inactive,185.82
CSSB00755,CSSC00846,SAS00755,STD_BB_FTTP,CSS_BB_FTTP,CSS Broadband FTTP,Broadband,Active,169.77
CSSB00756,CSSC00273,SAS00756,STD_PSTN_LINE,CSS_PSTN_LINE,CSS PSTN Line,Voice,Active,121.15
CSSB00757,CSSC00420,CSSS00757,STD_PSTN_LINE,CSS_PSTN_LINE,CSS PSTN Line,Voice,Active,155.67
CSSB00758,CSSC00594,SAS00758,STD_PSTN_LINE,CSS_PSTN_LINE,CSS PSTN Line,Voice,Active,133.42
CSSB00759,CSSC00753,SAS00759,STD_BB_FTTC,CSS_BB_FTTC,CSS Broadband FTTC,Broadband,Inactive,105.43
CSSB00760,CSSC00713,SAS00760,STD_PSTN_LINE,CSS_PSTN_LINE,CSS PSTN Line,Voice,Inactive,159.9
CSSB00761,CSSC00363,SAS00761,STD_BB_FTTP,CSS_BB_FTTP,CSS Broadband FTTP,Broadband,Active,89.47
CSSB00762,CSSC00520,SAS00762,STD_PSTN_LINE,CSS_PSTN_LINE,CSS PSTN Line,Voice,Active,69.86
CSSB00763,CSSC00280,SAS00763,STD_BB_FTTC,CSS_BB_FTTC,CSS Broadband FTTC,Broadband,Inactive,189.26
CSSB00764,CSSC00908,CSSS00764,STD_BB_FTTP,CSS_BB_FTTP,CSS Broadband FTTP,Broadband,Active,163.56
CSSB00765,CSSC00147,SAS00765,STD_BB_FTTC,CSS_BB_FTTC,CSS Broadband FTTC,Broadband,Active,119.59
CSSB00766,CSSC00634,SAS00766,STD_BB_FTTC,CSS_BB_FTTC,CSS Broadband FTTC,Broadband,Active,156.11
CSSB00767,CSSC00315,SAS00767,STD_BB_FTTC,CSS_BB_FTTC,CSS Broadband FTTC,Broadband,Active,215.34
CSSB00768,CSSC00292,SAS00768,STD_PSTN_LINE,CSS_PSTN_LINE,CSS PSTN Line,Voice,Active,159.12
CSSB00769,CSSC00517,SAS00769,STD_BB_FTTC,CSS_BB_FTTC,CSS Broadband FTTC,Broadband,Active,212.62
CSSB00770,CSSC00532,SAS00770,STD_BB_FTTP,CSS_BB_FTTP,CSS Broadband FTTP,Broadband,Inactive,142.45
CSSB00771,CSSC00547,CSSS00771,STD_PSTN_LINE,CSS_PSTN_LINE,CSS PSTN Line,Voice,Active,85.28
CSSB00772,CSSC00011,SAS00772,STD_BB_FTTP,CSS_BB_FTTP,CSS Broadband FTTP,Broadband,Inactive,221.19
CSSB00773,CSSC00335,SAS00773,STD_PSTN_LINE,CSS_PSTN_LINE,CSS PSTN Line,Voice,Active,50.37
CSSB00774,CSSC00470,CSSS00774,STD_BB_FTTP,CSS_BB_FTTP,CSS Broadband FTTP,Broadband,Active,144.29
CSSB00775,CSSC00278,SAS00775,STD_PSTN_LINE,CSS_PSTN_LINE,CSS PSTN Line,Voice,Active,69.37
CSSB00776,CSSC00570,SAS00776,STD_BB_FTTP,CSS_BB_FTTP,CSS Broadband FTTP,Broadband,Suspended,204.64
CSSB00777,CSSC00338,SAS00777,STD_BB_FTTP,CSS_BB_FTTP,CSS Broadband FTTP,Broadband,Active,188.96
CSSB00778,CSSC00269,SAS00778,STD_PSTN_LINE,CSS_PSTN_LINE,CSS PSTN Line,Voice,Active,114.51
CSSB00779,CSSC00887,SAS00779,STD_PSTN_LINE,CSS_PSTN_LINE,CSS PSTN Line,Voice,Inactive,230.33
CSSB00780,CSSC00049,CSSS00780,STD_BB_FTTC,CSS_BB_FTTC,CSS Broadband FTTC,Broadband,Inactive,194.27
CSSB00781,CSSC00413,CSSS00781,STD_BB_FTTC,CSS_BB_FTTC,CSS Broadband FTTC,Broadband,Active,22.01
CSSB00782,CSSC00992,SAS00782,STD_BB_FTTC,CSS_BB_FTTC,CSS Broadband FTTC,Broadband,Active,196.0
CSSB00783,CSSC00197,SAS00783,STD_PSTN_LINE,CSS_PSTN_LINE,CSS PSTN Line,Voice,Active,150.12
CSSB00784,CSSC00515,SAS00784,STD_PSTN_LINE,CSS_PSTN_LINE,CSS PSTN Line,Voice,Active,141.15
CSSB00785,CSSC00166,SAS00785,STD_BB_FTTP,CSS_BB_FTTP,CSS Broadband FTTP,Broadband,Active,164.4
CSSB00786,CSSC00209,SAS00786,STD_BB_FTTP,CSS_BB_FTTP,CSS Broadband FTTP,Broadband,Active,80.96
CSSB00787,CSSC00303,SAS00787,STD_BB_FTTC,CSS_BB_FTTC,CSS Broadband FTTC,Broadband,Active,235.65
CSSB00788,CSSC00403,SAS00788,STD_BB_FTTC,CSS_BB_FTTC,CSS Broadband FTTC,Broadband,Active,233.56
CSSB00789,CSSC00839,SAS00789,STD_BB_FTTP,CSS_BB_FTTP,CSS Broadband FTTP,Broadband,Active,200.68
CSSB00790,CSSC00130,CSSS00790,STD_PSTN_LINE,CSS_PSTN_LINE,CSS PSTN Line,Voice,Suspended,49.77
CSSB00791,CSSC00955,SAS00791,STD_PSTN_LINE,CSS_PSTN_LINE,CSS PSTN Line,Voice,Active,19.84
CSSB00792,CSSC00242,SAS00792,STD_BB_FTTC,CSS_BB_FTTC,CSS Broadband FTTC,Broadband,Active,24.82
CSSB00793,CSSC00511,SAS00793,STD_BB_FTTP,CSS_BB_FTTP,CSS Broadband FTTP,Broadband,Active,176.86
CSSB00794,CSSC00334,SAS00794,STD_BB_FTTC,CSS_BB_FTTC,CSS Broadband FTTC,Broadband,Active,40.36
CSSB00795,CSSC00844,SAS00795,STD_PSTN_LINE,CSS_PSTN_LINE,CSS PSTN Line,Voice,Active,210.66
CSSB00796,CSSC00993,CSSS00796,STD_PSTN_LINE,CSS_PSTN_LINE,CSS PSTN Line,Voice,Active,56.56
CSSB00797,CSSC00849,SAS00797,STD_BB_FTTP,CSS_BB_FTTP,CSS Broadband FTTP,Broadband,Inactive,109.5
CSSB00798,CSSC00675,SAS00798,STD_BB_FTTP,CSS_BB_FTTP,CSS Broadband FTTP,Broadband,Ceased,198.76
CSSB00799,CSSC00243,SAS00799,STD_PSTN_LINE,CSS_PSTN_LINE,CSS PSTN Line,Voice,Active,116.74
CSSB00800,CSSC00278,SAS00800,STD_BB_FTTP,CSS_BB_FTTP,CSS Broadband FTTP,Broadband,Active,146.92
CSSB00801,CSSC00730,SAS00801,STD_BB_FTTC,CSS_BB_FTTC,CSS Broadband FTTC,Broadband,Active,173.11
CSSB00802,CSSC00175,SAS00802,STD_BB_FTTC,CSS_BB_FTTC,CSS Broadband FTTC,Broadband,Active,44.83
CSSB00803,CSSC00515,SAS00803,STD_PSTN_LINE,CSS_PSTN_LINE,CSS PSTN Line,Voice,Active,30.7
CSSB00804,CSSC00939,CSSS00804,STD_BB_FTTC,CSS_BB_FTTC,CSS Broadband FTTC,Broadband,Active,157.03
CSSB00805,CSSC00265,SAS00805,STD_PSTN_LINE,CSS_PSTN_LINE,CSS PSTN Line,Voice,Active,102.94
CSSB00806,CSSC00220,SAS00806,STD_BB_FTTC,CSS_BB_FTTC,CSS Broadband FTTC,Broadband,Suspended,187.78
CSSB00807,CSSC00874,SAS00807,STD_BB_FTTC,CSS_BB_FTTC,CSS Broadband FTTC,Broadband,Active,152.69
CSSB00808,CSSC00720,SAS00808,STD_PSTN_LINE,CSS_PSTN_LINE,CSS PSTN Line,Voice,Active,214.6
CSSB00809,CSSC00618,SAS00809,STD_PSTN_LINE,CSS_PSTN_LINE,CSS PSTN Line,Voice,Active,25.03
CSSB00810,CSSC00200,CSSS00810,STD_BB_FTTC,CSS_BB_FTTC,CSS Broadband FTTC,Broadband,Suspended,33.93
CSSB00811,CSSC00206,SAS00811,STD_BB_FTTC,CSS_BB_FTTC,CSS Broadband FTTC,Broadband,Active,26.68
CSSB00812,CSSC00486,SAS00812,STD_PSTN_LINE,CSS_PSTN_LINE,CSS PSTN Line,Voice,Active,58.39
CSSB00813,CSSC00557,SAS00813,STD_BB_FTTP,CSS_BB_FTTP,CSS Broadband FTTP,Broadband,Active,176.75
CSSB00814,CSSC00321,SAS00814,STD_PSTN_LINE,CSS_PSTN_LINE,CSS PSTN Line,Voice,Active,210.96
CSSB00815,CSSC00218,SAS00815,STD_BB_FTTC,CSS_BB_FTTC,CSS Broadband FTTC,Broadband,Inactive,199.95
CSSB00816,CSSC00052,CSSS00816,STD_BB_FTTC,CSS_BB_FTTC,CSS Broadband FTTC,Broadband,Active,177.05
CSSB00817,CSSC00193,SAS00817,STD_BB_FTTP,CSS_BB_FTTP,CSS Broadband FTTP,Broadband,Active,129.17
CSSB00818,CSSC00761,SAS00818,STD_PSTN_LINE,CSS_PSTN_LINE,CSS PSTN Line,Voice,Active,33.15
CSSB00819,CSSC00318,SAS00819,STD_BB_FTTC,CSS_BB_FTTC,CSS Broadband FTTC,Broadband,Active,151.54
CSSB00820,CSSC00910,SAS00820,STD_PSTN_LINE,CSS_PSTN_LINE,CSS PSTN Line,Voice,Ceased,97.22
CSSB00821,CSSC00625,SAS00821,STD_PSTN_LINE,CSS_PSTN_LINE,CSS PSTN Line,Voice,Active,44.02
CSSB00822,CSSC00546,SAS00822,STD_BB_FTTC,CSS_BB_FTTC,CSS Broadband FTTC,Broadband,Active,141.26
CSSB00823,CSSC00240,SAS00823,STD_BB_FTTP,CSS_BB_FTTP,CSS Broadband FTTP,Broadband,Active,181.39
CSSB00824,CSSC00554,SAS00824,STD_BB_FTTC,CSS_BB_FTTC,CSS Broadband FTTC,Broadband,Suspended,57.49
CSSB00825,CSSC00302,SAS00825,STD_PSTN_LINE,CSS_PSTN_LINE,CSS PSTN Line,Voice,Inactive,87.03
CSSB00826,CSSC00770,SAS00826,STD_PSTN_LINE,CSS_PSTN_LINE,CSS PSTN Line,Voice,Active,119.63
CSSB00827,CSSC00575,SAS00827,STD_BB_FTTC,CSS_BB_FTTC,CSS Broadband FTTC,Broadband,Active,182.72
CSSB00828,CSSC00357,SAS00828,STD_PSTN_LINE,CSS_PSTN_LINE,CSS PSTN Line,Voice,Inactive,213.48
CSSB00829,CSSC00053,SAS00829,STD_BB_FTTP,CSS_BB_FTTP,CSS Broadband FTTP,Broadband,Inactive,159.34
CSSB00830,CSSC00919,SAS00830,STD_BB_FTTC,CSS_BB_FTTC,CSS Broadband FTTC,Broadband,Inactive,87.42
CSSB00831,CSSC00554,SAS00831,STD_PSTN_LINE,CSS_PSTN_LINE,CSS PSTN Line,Voice,Suspended,125.21
CSSB00832,CSSC00949,SAS00832,STD_BB_FTTC,CSS_BB_FTTC,CSS Broadband FTTC,Broadband,Ceased,78.94
CSSB00833,CSSC00337,SAS00833,STD_BB_FTTC,CSS_BB_FTTC,CSS Broadband FTTC,Broadband,Active,194.45
CSSB00834,CSSC00164,SAS00834,STD_BB_FTTC,CSS_BB_FTTC,CSS Broadband FTTC,Broadband,Active,60.28
CSSB00835,CSSC00223,SAS00835,STD_BB_FTTC,CSS_BB_FTTC,CSS Broadband FTTC,Broadband,Active,118.78
CSSB00836,CSSC00550,CSSS00836,STD_BB_FTTC,CSS_BB_FTTC,CSS Broadband FTTC,Broadband,Active,246.71
CSSB00837,CSSC00855,SAS00837,STD_BB_FTTP,CSS_BB_FTTP,CSS Broadband FTTP,Broadband,Active,223.9
CSSB00838,CSSC00024,SAS00838,STD_BB_FTTP,CSS_BB_FTTP,CSS Broadband FTTP,Broadband,Suspended,121.31
CSSB00839,CSSC00591,CSSS00839,STD_BB_FTTP,CSS_BB_FTTP,CSS Broadband FTTP,Broadband,Ceased,153.77
CSSB00840,CSSC00227,SAS00840,STD_BB_FTTC,CSS_BB_FTTC,CSS Broadband FTTC,Broadband,Inactive,142.92
CSSB00841,CSSC00022,SAS00841,STD_BB_FTTP,CSS_BB_FTTP,CSS Broadband FTTP,Broadband,Inactive,173.19
CSSB00842,CSSC00200,CSSS00842,STD_BB_FTTC,CSS_BB_FTTC,CSS Broadband FTTC,Broadband,Active,73.94
CSSB00843,CSSC00599,CSSS00843,STD_PSTN_LINE,CSS_PSTN_LINE,CSS PSTN Line,Voice,Active,151.05
CSSB00844,CSSC00486,SAS00844,STD_BB_FTTP,CSS_BB_FTTP,CSS Broadband FTTP,Broadband,Active,74.46
CSSB00845,CSSC00437,CSSS00845,STD_BB_FTTP,CSS_BB_FTTP,CSS Broadband FTTP,Broadband,Active,142.12
CSSB00846,CSSC00104,SAS00846,STD_BB_FTTC,CSS_BB_FTTC,CSS Broadband FTTC,Broadband,Active,32.15
CSSB00847,CSSC00139,SAS00847,STD_BB_FTTP,CSS_BB_FTTP,CSS Broadband FTTP,Broadband,Active,228.14
CSSB00848,CSSC00956,SAS00848,STD_BB_FTTP,CSS_BB_FTTP,CSS Broadband FTTP,Broadband,Active,193.75
CSSB00849,CSSC00144,SAS00849,STD_BB_FTTP,CSS_BB_FTTP,CSS Broadband FTTP,Broadband,Active,157.1
CSSB00850,CSSC00582,SAS00850,STD_BB_FTTP,CSS_BB_FTTP,CSS Broadband FTTP,Broadband,Inactive,163.38
CSSB00851,CSSC00558,SAS00851,STD_PSTN_LINE,CSS_PSTN_LINE,CSS PSTN Line,Voice,Active,164.83
CSSB00852,CSSC00299,SAS00852,STD_BB_FTTP,CSS_BB_FTTP,CSS Broadband FTTP,Broadband,Suspended,208.34
CSSB00853,CSSC00246,SAS00853,STD_BB_FTTC,CSS_BB_FTTC,CSS Broadband FTTC,Broadband,Active,221.52
CSSB00854,CSSC00104,SAS00854,STD_BB_FTTP,CSS_BB_FTTP,CSS Broadband FTTP,Broadband,Active,212.49
CSSB00855,CSSC00933,SAS00855,STD_PSTN_LINE,CSS_PSTN_LINE,CSS PSTN Line,Voice,Active,54.75
CSSB00856,CSSC00609,SAS00856,STD_BB_FTTP,CSS_BB_FTTP,CSS Broadband FTTP,Broadband,Active,97.6
CSSB00857,CSSC00256,SAS00857,STD_PSTN_LINE,CSS_PSTN_LINE,CSS PSTN Line,Voice,Inactive,77.49
CSSB00858,CSSC00837,SAS00858,STD_PSTN_LINE,CSS_PSTN_LINE,CSS PSTN Line,Voice,Suspended,162.64
CSSB00859,CSSC00714,SAS00859,STD_BB_FTTP,CSS_BB_FTTP,CSS Broadband FTTP,Broadband,Active,220.35
CSSB00860,CSSC00651,SAS00860,STD_PSTN_LINE,CSS_PSTN_LINE,CSS PSTN Line,Voice,Active,104.61
CSSB00861,CSSC00128,CSSS00861,STD_BB_FTTP,CSS_BB_FTTP,CSS Broadband FTTP,Broadband,Active,245.39
CSSB00862,CSSC00009,SAS00862,STD_BB_FTTC,CSS_BB_FTTC,CSS Broadband FTTC,Broadband,Active,234.6
CSSB00863,CSSC00522,SAS00863,STD_BB_FTTC,CSS_BB_FTTC,CSS Broadband FTTC,Broadband,Active,123.16
CSSB00864,CSSC00542,SAS00864,STD_BB_FTTC,CSS_BB_FTTC,CSS Broadband FTTC,Broadband,Inactive,232.96
CSSB00865,CSSC00590,SAS00865,STD_PSTN_LINE,CSS_PSTN_LINE,CSS PSTN Line,Voice,Active,78.35
CSSB00866,CSSC00775,SAS00866,STD_BB_FTTP,CSS_BB_FTTP,CSS Broadband FTTP,Broadband,Active,58.17
CSSB00867,CSSC00550,SAS00867,STD_BB_FTTC,CSS_BB_FTTC,CSS Broadband FTTC,Broadband,Active,80.55
CSSB00868,CSSC00328,SAS00868,STD_PSTN_LINE,CSS_PSTN_LINE,CSS PSTN Line,Voice,Suspended,195.93
CSSB00869,CSSC00551,SAS00869,STD_PSTN_LINE,CSS_PSTN_LINE,CSS PSTN Line,Voice,Active,79.68
CSSB00870,CSSC00202,CSSS00870,STD_BB_FTTP,CSS_BB_FTTP,CSS Broadband FTTP,Broadband,Inactive,193.75
CSSB00871,CSSC00860,SAS00871,STD_BB_FTTP,CSS_BB_FTTP,CSS Broadband FTTP,Broadband,Active,237.73
CSSB00872,CSSC00605,SAS00872,STD_BB_FTTP,CSS_BB_FTTP,CSS Broadband FTTP,Broadband,Active,65.69
CSSB00873,CSSC00482,SAS00873,STD_BB_FTTC,CSS_BB_FTTC,CSS Broadband FTTC,Broadband,Active,72.3
CSSB00874,CSSC00415,SAS00874,STD_BB_FTTC,CSS_BB_FTTC,CSS Broadband FTTC,Broadband,Inactive,39.88
CSSB00875,CSSC00735,CSSS00875,STD_BB_FTTC,CSS_BB_FTTC,CSS Broadband FTTC,Broadband,Ceased,98.99
CSSB00876,CSSC00525,SAS00876,STD_BB_FTTP,CSS_BB_FTTP,CSS Broadband FTTP,Broadband,Active,47.63
CSSB00877,CSSC00137,SAS00877,STD_BB_FTTC,CSS_BB_FTTC,CSS Broadband FTTC,Broadband,Ceased,33.73
CSSB00878,CSSC00868,SAS00878,STD_BB_FTTP,CSS_BB_FTTP,CSS Broadband FTTP,Broadband,Active,186.01
CSSB00879,CSSC00365,SAS00879,STD_BB_FTTP,CSS_BB_FTTP,CSS Broadband FTTP,Broadband,Inactive,33.38
CSSB00880,CSSC00058,SAS00880,STD_PSTN_LINE,CSS_PSTN_LINE,CSS PSTN Line,Voice,Active,67.9
CSSB00881,CSSC00278,SAS00881,STD_PSTN_LINE,CSS_PSTN_LINE,CSS PSTN Line,Voice,Active,129.99
CSSB00882,CSSC00631,SAS00882,STD_BB_FTTP,CSS_BB_FTTP,CSS Broadband FTTP,Broadband,Active,82.28
CSSB00883,CSSC00975,SAS00883,STD_PSTN_LINE,CSS_PSTN_LINE,CSS PSTN Line,Voice,Active,108.43
CSSB00884,CSSC00262,SAS00884,STD_PSTN_LINE,CSS_PSTN_LINE,CSS PSTN Line,Voice,Active,104.58
CSSB00885,CSSC00508,SAS00885,STD_BB_FTTP,CSS_BB_FTTP,CSS Broadband FTTP,Broadband,Active,79.48
CSSB00886,CSSC00912,SAS00886,STD_BB_FTTC,CSS_BB_FTTC,CSS Broadband FTTC,Broadband,Active,43.03
CSSB00887,CSSC00849,SAS00887,STD_BB_FTTC,CSS_BB_FTTC,CSS Broadband FTTC,Broadband,Active,118.14
CSSB00888,CSSC00705,SAS00888,STD_PSTN_LINE,CSS_PSTN_LINE,CSS PSTN Line,Voice,Active,110.65
CSSB00889,CSSC00712,SAS00889,STD_BB_FTTC,CSS_BB_FTTC,CSS Broadband FTTC,Broadband,Inactive,25.38
CSSB00890,CSSC00344,SAS00890,STD_PSTN_LINE,CSS_PSTN_LINE,CSS PSTN Line,Voice,Inactive,34.26
CSSB00891,CSSC00370,SAS00891,STD_PSTN_LINE,CSS_PSTN_LINE,CSS PSTN Line,Voice,Active,125.84
CSSB00892,CSSC00620,SAS00892,STD_BB_FTTC,CSS_BB_FTTC,CSS Broadband FTTC,Broadband,Active,95.38
CSSB00893,CSSC00818,SAS00893,STD_BB_FTTP,CSS_BB_FTTP,CSS Broadband FTTP,Broadband,Active,125.06
CSSB00894,CSSC00195,SAS00894,STD_BB_FTTP,CSS_BB_FTTP,CSS Broadband FTTP,Broadband,Active,39.7
CSSB00895,CSSC00210,SAS00895,STD_PSTN_LINE,CSS_PSTN_LINE,CSS PSTN Line,Voice,Inactive,127.65
CSSB00896,CSSC00078,SAS00896,STD_BB_FTTC,CSS_BB_FTTC,CSS Broadband FTTC,Broadband,Active,204.59
CSSB00897,CSSC00260,SAS00897,STD_PSTN_LINE,CSS_PSTN_LINE,CSS PSTN Line,Voice,Inactive,201.82
CSSB00898,CSSC00508,CSSS00898,STD_PSTN_LINE,CSS_PSTN_LINE,CSS PSTN Line,Voice,Active,19.46
CSSB00899,CSSC00263,SAS00899,STD_BB_FTTC,CSS_BB_FTTC,CSS Broadband FTTC,Broadband,Inactive,194.22
CSSB00900,CSSC00301,SAS00900,STD_BB_FTTP,CSS_BB_FTTP,CSS Broadband FTTP,Broadband,Active,51.46
CSSB00901,CSSC00664,SAS00901,STD_PSTN_LINE,CSS_PSTN_LINE,CSS PSTN Line,Voice,Active,154.35
CSSB00902,CSSC00774,CSSS00902,STD_BB_FTTP,CSS_BB_FTTP,CSS Broadband FTTP,Broadband,Active,88.78
CSSB00903,CSSC00844,SAS00903,STD_BB_FTTP,CSS_BB_FTTP,CSS Broadband FTTP,Broadband,Active,23.24
CSSB00904,CSSC00691,SAS00904,STD_PSTN_LINE,CSS_PSTN_LINE,CSS PSTN Line,Voice,Active,70.12
CSSB00905,CSSC00134,SAS00905,STD_PSTN_LINE,CSS_PSTN_LINE,CSS PSTN Line,Voice,Active,87.63
CSSB00906,CSSC00571,CSSS00906,STD_BB_FTTP,CSS_BB_FTTP,CSS Broadband FTTP,Broadband,Active,98.03
CSSB00907,CSSC00709,SAS00907,STD_PSTN_LINE,CSS_PSTN_LINE,CSS PSTN Line,Voice,Active,48.49
CSSB00908,CSSC00109,SAS00908,STD_BB_FTTP,CSS_BB_FTTP,CSS Broadband FTTP,Broadband,Active,213.25
CSSB00909,CSSC00175,SAS00909,STD_BB_FTTC,CSS_BB_FTTC,CSS Broadband FTTC,Broadband,Ceased,181.12
CSSB00910,CSSC00751,SAS00910,STD_BB_FTTC,CSS_BB_FTTC,CSS Broadband FTTC,Broadband,Active,146.99
CSSB00911,CSSC00811,SAS00911,STD_BB_FTTC,CSS_BB_FTTC,CSS Broadband FTTC,Broadband,Active,125.56
CSSB00912,CSSC00061,SAS00912,STD_BB_FTTC,CSS_BB_FTTC,CSS Broadband FTTC,Broadband,Active,78.05
CSSB00913,CSSC00524,SAS00913,STD_BB_FTTP,CSS_BB_FTTP,CSS Broadband FTTP,Broadband,Ceased,43.41
CSSB00914,CSSC00034,SAS00914,STD_BB_FTTP,CSS_BB_FTTP,CSS Broadband FTTP,Broadband,Active,87.78
CSSB00915,CSSC00052,SAS00915,STD_PSTN_LINE,CSS_PSTN_LINE,CSS PSTN Line,Voice,Ceased,196.3
CSSB00916,CSSC00966,SAS00916,STD_BB_FTTC,CSS_BB_FTTC,CSS Broadband FTTC,Broadband,Suspended,200.22
CSSB00917,CSSC00236,SAS00917,STD_BB_FTTP,CSS_BB_FTTP,CSS Broadband FTTP,Broadband,Active,237.14
CSSB00918,CSSC00041,SAS00918,STD_PSTN_LINE,CSS_PSTN_LINE,CSS PSTN Line,Voice,Active,81.64
CSSB00919,CSSC00192,CSSS00919,STD_BB_FTTP,CSS_BB_FTTP,CSS Broadband FTTP,Broadband,Active,56.63
CSSB00920,CSSC00762,SAS00920,STD_BB_FTTC,CSS_BB_FTTC,CSS Broadband FTTC,Broadband,Suspended,101.35
CSSB00921,CSSC00337,CSSS00921,STD_PSTN_LINE,CSS_PSTN_LINE,CSS PSTN Line,Voice,Active,22.78
CSSB00922,CSSC00562,SAS00922,STD_PSTN_LINE,CSS_PSTN_LINE,CSS PSTN Line,Voice,Inactive,248.62
CSSB00923,CSSC00465,SAS00923,STD_PSTN_LINE,CSS_PSTN_LINE,CSS PSTN Line,Voice,Active,138.89
CSSB00924,CSSC00787,SAS00924,STD_BB_FTTC,CSS_BB_FTTC,CSS Broadband FTTC,Broadband,Active,112.24
CSSB00925,CSSC00003,CSSS00925,STD_PSTN_LINE,CSS_PSTN_LINE,CSS PSTN Line,Voice,Active,192.69
CSSB00926,CSSC00643,SAS00926,STD_PSTN_LINE,CSS_PSTN_LINE,CSS PSTN Line,Voice,Active,123.97
CSSB00927,CSSC00852,SAS00927,STD_BB_FTTP,CSS_BB_FTTP,CSS Broadband FTTP,Broadband,Inactive,161.32
CSSB00928,CSSC00398,CSSS00928,STD_BB_FTTP,CSS_BB_FTTP,CSS Broadband FTTP,Broadband,Active,247.45
CSSB00929,CSSC00974,CSSS00929,STD_PSTN_LINE,CSS_PSTN_LINE,CSS PSTN Line,Voice,Active,77.86
CSSB00930,CSSC00251,CSSS00930,STD_BB_FTTC,CSS_BB_FTTC,CSS Broadband FTTC,Broadband,Active,68.84
CSSB00931,CSSC00445,CSSS00931,STD_BB_FTTP,CSS_BB_FTTP,CSS Broadband FTTP,Broadband,Ceased,37.14
CSSB00932,CSSC00099,SAS00932,STD_BB_FTTP,CSS_BB_FTTP,CSS Broadband FTTP,Broadband,Active,146.83
CSSB00933,CSSC00379,SAS00933,STD_BB_FTTP,CSS_BB_FTTP,CSS Broadband FTTP,Broadband,Inactive,241.38
CSSB00934,CSSC00317,SAS00934,STD_BB_FTTP,CSS_BB_FTTP,CSS Broadband FTTP,Broadband,Inactive,172.22
CSSB00935,CSSC00071,SAS00935,STD_PSTN_LINE,CSS_PSTN_LINE,CSS PSTN Line,Voice,Active,113.38
CSSB00936,CSSC00458,SAS00936,STD_PSTN_LINE,CSS_PSTN_LINE,CSS PSTN Line,Voice,Active,224.61
CSSB00937,CSSC00280,SAS00937,STD_BB_FTTC,CSS_BB_FTTC,CSS Broadband FTTC,Broadband,Inactive,40.15
CSSB00938,CSSC00564,CSSS00938,STD_BB_FTTP,CSS_BB_FTTP,CSS Broadband FTTP,Broadband,Inactive,181.87
CSSB00939,CSSC00553,SAS00939,STD_PSTN_LINE,CSS_PSTN_LINE,CSS PSTN Line,Voice,Ceased,169.41
CSSB00940,CSSC00526,SAS00940,STD_PSTN_LINE,CSS_PSTN_LINE,CSS PSTN Line,Voice,Ceased,52.64
CSSB00941,CSSC00913,SAS00941,STD_BB_FTTP,CSS_BB_FTTP,CSS Broadband FTTP,Broadband,Active,34.25
CSSB00942,CSSC00269,SAS00942,STD_BB_FTTC,CSS_BB_FTTC,CSS Broadband FTTC,Broadband,Active,229.76
CSSB00943,CSSC00653,SAS00943,STD_PSTN_LINE,CSS_PSTN_LINE,CSS PSTN Line,Voice,Ceased,69.57
CSSB00944,CSSC00466,CSSS00944,STD_BB_FTTC,CSS_BB_FTTC,CSS Broadband FTTC,Broadband,Active,248.26
CSSB00945,CSSC00574,SAS00945,STD_BB_FTTP,CSS_BB_FTTP,CSS Broadband FTTP,Broadband,Active,44.96
CSSB00946,CSSC00429,SAS00946,STD_BB_FTTP,CSS_BB_FTTP,CSS Broadband FTTP,Broadband,Active,22.15
CSSB00947,CSSC00682,SAS00947,STD_BB_FTTC,CSS_BB_FTTC,CSS Broadband FTTC,Broadband,Active,157.57
CSSB00948,CSSC00225,CSSS00948,STD_BB_FTTC,CSS_BB_FTTC,CSS Broadband FTTC,Broadband,Active,47.65
CSSB00949,CSSC00249,SAS00949,STD_BB_FTTC,CSS_BB_FTTC,CSS Broadband FTTC,Broadband,Active,221.92
CSSB00950,CSSC00930,SAS00950,STD_PSTN_LINE,CSS_PSTN_LINE,CSS PSTN Line,Voice,Active,247.73
CSSB00951,CSSC00643,SAS00951,STD_BB_FTTC,CSS_BB_FTTC,CSS Broadband FTTC,Broadband,Active,227.83
CSSB00952,CSSC00970,SAS00952,STD_BB_FTTP,CSS_BB_FTTP,CSS Broadband FTTP,Broadband,Inactive,118.97
CSSB00953,CSSC00333,SAS00953,STD_BB_FTTC,CSS_BB_FTTC,CSS Broadband FTTC,Broadband,Active,186.29
CSSB00954,CSSC00994,SAS00954,STD_PSTN_LINE,CSS_PSTN_LINE,CSS PSTN Line,Voice,Ceased,115.2
CSSB00955,CSSC00225,SAS00955,STD_BB_FTTP,CSS_BB_FTTP,CSS Broadband FTTP,Broadband,Active,38.44
CSSB00956,CSSC00243,CSSS00956,STD_BB_FTTC,CSS_BB_FTTC,CSS Broadband FTTC,Broadband,Ceased,89.72
CSSB00957,CSSC00866,CSSS00957,STD_PSTN_LINE,CSS_PSTN_LINE,CSS PSTN Line,Voice,Active,249.81
CSSB00958,CSSC00548,SAS00958,STD_BB_FTTC,CSS_BB_FTTC,CSS Broadband FTTC,Broadband,Inactive,47.28
CSSB00959,CSSC00470,SAS00959,STD_PSTN_LINE,CSS_PSTN_LINE,CSS PSTN Line,Voice,Ceased,136.18
CSSB00960,CSSC00868,SAS00960,STD_BB_FTTC,CSS_BB_FTTC,CSS Broadband FTTC,Broadband,Ceased,199.7
CSSB00961,CSSC00976,SAS00961,STD_PSTN_LINE,CSS_PSTN_LINE,CSS PSTN Line,Voice,Ceased,162.17
CSSB00962,CSSC00453,SAS00962,STD_BB_FTTP,CSS_BB_FTTP,CSS Broadband FTTP,Broadband,Active,213.88
CSSB00963,CSSC00810,SAS00963,STD_BB_FTTP,CSS_BB_FTTP,CSS Broadband FTTP,Broadband,Active,152.14
CSSB00964,CSSC00655,SAS00964,STD_BB_FTTP,CSS_BB_FTTP,CSS Broadband FTTP,Broadband,Ceased,43.25
CSSB00965,CSSC00523,SAS00965,STD_PSTN_LINE,CSS_PSTN_LINE,CSS PSTN Line,Voice,Ceased,47.13
CSSB00966,CSSC00321,SAS00966,STD_PSTN_LINE,CSS_PSTN_LINE,CSS PSTN Line,Voice,Active,186.45
CSSB00967,CSSC00900,SAS00967,STD_BB_FTTP,CSS_BB_FTTP,CSS Broadband FTTP,Broadband,Ceased,52.99
CSSB00968,CSSC00345,SAS00968,STD_BB_FTTC,CSS_BB_FTTC,CSS Broadband FTTC,Broadband,Active,192.28
CSSB00969,CSSC00168,SAS00969,STD_PSTN_LINE,CSS_PSTN_LINE,CSS PSTN Line,Voice,Active,110.72
CSSB00970,CSSC00708,SAS00970,STD_BB_FTTC,CSS_BB_FTTC,CSS Broadband FTTC,Broadband,Inactive,41.45
CSSB00971,CSSC00728,SAS00971,STD_PSTN_LINE,CSS_PSTN_LINE,CSS PSTN Line,Voice,Active,125.56
CSSB00972,CSSC00003,SAS00972,STD_BB_FTTC,CSS_BB_FTTC,CSS Broadband FTTC,Broadband,Active,175.1
CSSB00973,CSSC00808,SAS00973,STD_PSTN_LINE,CSS_PSTN_LINE,CSS PSTN Line,Voice,Inactive,185.97
CSSB00974,CSSC00541,SAS00974,STD_BB_FTTC,CSS_BB_FTTC,CSS Broadband FTTC,Broadband,Active,248.39
CSSB00975,CSSC00415,SAS00975,STD_BB_FTTC,CSS_BB_FTTC,CSS Broadband FTTC,Broadband,Suspended,207.44
CSSB00976,CSSC00045,SAS00976,STD_BB_FTTC,CSS_BB_FTTC,CSS Broadband FTTC,Broadband,Active,170.31
CSSB00977,CSSC00286,CSSS00977,STD_PSTN_LINE,CSS_PSTN_LINE,CSS PSTN Line,Voice,Suspended,45.48
CSSB00978,CSSC00412,CSSS00978,STD_BB_FTTP,CSS_BB_FTTP,CSS Broadband FTTP,Broadband,Active,209.12
CSSB00979,CSSC00246,SAS00979,STD_PSTN_LINE,CSS_PSTN_LINE,CSS PSTN Line,Voice,Active,247.09
CSSB00980,CSSC00208,SAS00980,STD_BB_FTTC,CSS_BB_FTTC,CSS Broadband FTTC,Broadband,Active,121.64
CSSB00981,CSSC00848,SAS00981,STD_BB_FTTP,CSS_BB_FTTP,CSS Broadband FTTP,Broadband,Active,205.36
CSSB00982,CSSC00034,SAS00982,STD_BB_FTTC,CSS_BB_FTTC,CSS Broadband FTTC,Broadband,Inactive,73.84
CSSB00983,CSSC00769,SAS00983,STD_PSTN_LINE,CSS_PSTN_LINE,CSS PSTN Line,Voice,Inactive,146.71
CSSB00984,CSSC00047,SAS00984,STD_BB_FTTC,CSS_BB_FTTC,CSS Broadband FTTC,Broadband,Suspended,54.1
CSSB00985,CSSC00963,SAS00985,STD_PSTN_LINE,CSS_PSTN_LINE,CSS PSTN Line,Voice,Inactive,77.94
CSSB00986,CSSC00596,SAS00986,STD_BB_FTTC,CSS_BB_FTTC,CSS Broadband FTTC,Broadband,Inactive,94.25
CSSB00987,CSSC00374,SAS00987,STD_PSTN_LINE,CSS_PSTN_LINE,CSS PSTN Line,Voice,Active,119.51
CSSB00988,CSSC00229,SAS00988,STD_PSTN_LINE,CSS_PSTN_LINE,CSS PSTN Line,Voice,Active,232.05
CSSB00989,CSSC00572,SAS00989,STD_BB_FTTP,CSS_BB_FTTP,CSS Broadband FTTP,Broadband,Active,18.8
CSSB00990,CSSC00141,SAS00990,STD_PSTN_LINE,CSS_PSTN_LINE,CSS PSTN Line,Voice,Inactive,126.56
CSSB00991,CSSC00969,SAS00991,STD_BB_FTTP,CSS_BB_FTTP,CSS Broadband FTTP,Broadband,Active,160.81
CSSB00992,CSSC01000,SAS00992,STD_BB_FTTC,CSS_BB_FTTC,CSS Broadband FTTC,Broadband,Active,221.95
CSSB00993,CSSC00603,SAS00993,STD_BB_FTTP,CSS_BB_FTTP,CSS Broadband FTTP,Broadband,Active,45.98
CSSB00994,CSSC00203,SAS00994,STD_BB_FTTC,CSS_BB_FTTC,CSS Broadband FTTC,Broadband,Active,115.26
CSSB00995,CSSC00885,CSSS00995,STD_BB_FTTC,CSS_BB_FTTC,CSS Broadband FTTC,Broadband,Inactive,144.91
CSSB00996,CSSC00690,SAS00996,STD_BB_FTTP,CSS_BB_FTTP,CSS Broadband FTTP,Broadband,Active,243.11
CSSB00997,CSSC00033,CSSS00997,STD_BB_FTTC,CSS_BB_FTTC,CSS Broadband FTTC,Broadband,Active,196.18
CSSB00998,CSSC00219,SAS00998,STD_BB_FTTC,CSS_BB_FTTC,CSS Broadband FTTC,Broadband,Ceased,46.2
CSSB00999,CSSC00600,CSSS00999,STD_BB_FTTP,CSS_BB_FTTP,CSS Broadband FTTP,Broadband,Active,214.48
CSSB01000,CSSC00266,SAS01000,STD_BB_FTTC,CSS_BB_FTTC,CSS Broadband FTTC,Broadband,Inactive,176.28
