css_service_id,css_customer_id,standard_product_code,css_product_code,css_product_name,product_family,service_status,activation_date
SAS00001,CSSC00216,STD_BB_FTTP,CSS_BB_FTTP,CSS Broadband FTTP,Broadband,Inactive,2023-01-29
CSSS00002,CSSC00458,STD_BB_FTTP,CSS_BB_FTTP,CSS Broadband FTTP,Broadband,Active,2023-09-10
SAS00003,CSSC00421,STD_BB_FTTC,CSS_BB_FTTC,CSS Broadband FTTC,Broadband,Active,2024-07-17
CSSS00004,CSSC00651,STD_BB_FTTC,CSS_BB_FTTC,CSS Broadband FTTC,Broadband,Active,2024-01-21
SAS00005,CSSC00679,STD_PSTN_LINE,CSS_PSTN_LINE,CSS PSTN Line,Voice,Active,2024-07-14
SAS00006,CSSC00444,STD_BB_FTTP,CSS_BB_FTTP,CSS Broadband FTTP,Broadband,Active,2023-05-03
SAS00007,CSSC00209,STD_BB_FTTC,CSS_BB_FTTC,CSS Broadband FTTC,Broadband,Ceased,2023-10-16
CSSS00008,CSSC00788,STD_BB_FTTC,CSS_BB_FTTC,CSS Broadband FTTC,Broadband,Inactive,2025-12-20
SAS00009,CSSC00311,STD_BB_FTTC,CSS_BB_FTTC,CSS Broadband FTTC,Broadband,Active,2024-07-18
SAS00010,CSSC00277,STD_PSTN_LINE,CSS_PSTN_LINE,CSS PSTN Line,Voice,Active,2023-10-01
SAS00011,CSSC00498,STD_BB_FTTP,CSS_BB_FTTP,CSS Broadband FTTP,Broadband,Pending,2025-11-09
SAS00012,CSSC00275,STD_PSTN_LINE,CSS_PSTN_LINE,CSS PSTN Line,Voice,Active,2023-07-22
SAS00013,CSSC00819,STD_BB_FTTC,CSS_BB_FTTC,CSS Broadband FTTC,Broadband,Active,2023-05-09
SAS00014,CSSC00248,STD_PSTN_LINE,CSS_PSTN_LINE,CSS PSTN Line,Voice,Active,2024-05-15
SAS00015,CSSC00570,STD_PSTN_LINE,CSS_PSTN_LINE,CSS PSTN Line,Voice,Active,2025-12-21
CSSS00016,CSSC00542,STD_PSTN_LINE,CSS_PSTN_LINE,CSS PSTN Line,Voice,Pending,2024-11-01
SAS00017,CSSC00430,STD_BB_FTTP,CSS_BB_FTTP,CSS Broadband FTTP,Broadband,Active,2024-02-01
SAS00018,CSSC00739,STD_PSTN_LINE,CSS_PSTN_LINE,CSS PSTN Line,Voice,Active,2024-07-10
SAS00019,CSSC00686,STD_PSTN_LINE,CSS_PSTN_LINE,CSS PSTN Line,Voice,Active,2024-12-31
SAS00020,CSSC00201,STD_BB_FTTC,CSS_BB_FTTC,CSS Broadband FTTC,Broadband,Active,2024-11-19
SAS00021,CSSC00546,STD_PSTN_LINE,CSS_PSTN_LINE,CSS PSTN Line,Voice,Active,2023-02-03
CSSS00022,CSSC00918,STD_BB_FTTC,CSS_BB_FTTC,CSS Broadband FTTC,Broadband,Active,2023-03-31
CSSS00023,CSSC00757,STD_BB_FTTP,CSS_BB_FTTP,CSS Broadband FTTP,Broadband,Active,2025-06-22
SAS00024,CSSC00220,STD_PSTN_LINE,CSS_PSTN_LINE,CSS PSTN Line,Voice,Active,2024-06-09
SAS00025,CSSC00124,STD_PSTN_LINE,CSS_PSTN_LINE,CSS PSTN Line,Voice,Active,2025-07-10
SAS00026,CSSC00946,STD_BB_FTTC,CSS_BB_FTTC,CSS Broadband FTTC,Broadband,Active,2024-05-27
SAS00027,CSSC00645,STD_BB_FTTP,CSS_BB_FTTP,CSS Broadband FTTP,Broadband,Active,2025-09-01
SAS00028,CSSC00674,STD_PSTN_LINE,CSS_PSTN_LINE,CSS PSTN Line,Voice,Active,2025-09-29
SAS00029,CSSC00422,STD_BB_FTTC,CSS_BB_FTTC,CSS Broadband FTTC,Broadband,Active,2025-10-28
CSSS00030,CSSC00285,STD_BB_FTTC,CSS_BB_FTTC,CSS Broadband FTTC,Broadband,Active,2024-12-31
CSSS00031,CSSC00169,STD_PSTN_LINE,CSS_PSTN_LINE,CSS PSTN Line,Voice,Active,2023-02-13
SAS00032,CSSC00843,STD_PSTN_LINE,CSS_PSTN_LINE,CSS PSTN Line,Voice,Active,2024-01-03
SAS00033,CSSC00136,STD_BB_FTTC,CSS_BB_FTTC,CSS Broadband FTTC,Broadband,Active,2025-07-09
SAS00034,CSSC00121,STD_PSTN_LINE,CSS_PSTN_LINE,CSS PSTN Line,Voice,Active,2025-01-20
SAS00035,CSSC00307,STD_BB_FTTC,CSS_BB_FTTC,CSS Broadband FTTC,Broadband,Active,2023-05-10
CSSS00036,CSSC00388,STD_PSTN_LINE,CSS_PSTN_LINE,CSS PSTN Line,Voice,Active,2025-12-27
CSSS00037,CSSC00431,STD_PSTN_LINE,CSS_PSTN_LINE,CSS PSTN Line,Voice,Active,2024-03-09
SAS00038,CSSC00446,STD_PSTN_LINE,CSS_PSTN_LINE,CSS PSTN Line,Voice,Inactive,2024-06-29
SAS00039,CSSC00906,STD_BB_FTTC,CSS_BB_FTTC,CSS Broadband FTTC,Broadband,Ceased,2024-11-06
SAS00040,CSSC00609,STD_BB_FTTP,CSS_BB_FTTP,CSS Broadband FTTP,Broadband,Active,2025-07-08
SAS00041,CSSC00814,STD_PSTN_LINE,CSS_PSTN_LINE,CSS PSTN Line,Voice,Active,2024-03-14
CSSS00042,CSSC00856,STD_BB_FTTP,CSS_BB_FTTP,CSS Broadband FTTP,Broadband,Active,2025-02-08
SAS00043,CSSC00094,STD_BB_FTTC,CSS_BB_FTTC,CSS Broadband FTTC,Broadband,Active,2023-09-17
SAS00044,CSSC00718,STD_BB_FTTC,CSS_BB_FTTC,CSS Broadband FTTC,Broadband,Inactive,2025-09-08
SAS00045,CSSC00730,STD_PSTN_LINE,CSS_PSTN_LINE,CSS PSTN Line,Voice,Active,2025-11-26
CSSS00046,CSSC00819,STD_PSTN_LINE,CSS_PSTN_LINE,CSS PSTN Line,Voice,Ceased,2025-11-07
SAS00047,CSSC00076,STD_PSTN_LINE,CSS_PSTN_LINE,CSS PSTN Line,Voice,Active,2024-11-25
SAS00048,CSSC00268,STD_PSTN_LINE,CSS_PSTN_LINE,CSS PSTN Line,Voice,Active,2024-01-01
SAS00049,CSSC00859,STD_PSTN_LINE,CSS_PSTN_LINE,CSS PSTN Line,Voice,Inactive,2024-03-27
SAS00050,CSSC00152,STD_BB_FTTP,CSS_BB_FTTP,CSS Broadband FTTP,Broadband,Active,2023-06-14
SAS00051,CSSC00169,STD_BB_FTTP,CSS_BB_FTTP,CSS Broadband FTTP,Broadband,Pending,2024-11-22
CSSS00052,CSSC00799,STD_PSTN_LINE,CSS_PSTN_LINE,CSS PSTN Line,Voice,Active,2023-02-19
SAS00053,CSSC00086,STD_BB_FTTC,CSS_BB_FTTC,CSS Broadband FTTC,Broadband,Active,2023-06-16
SAS00054,CSSC00976,STD_BB_FTTC,CSS_BB_FTTC,CSS Broadband FTTC,Broadband,Active,2025-01-30
SAS00055,CSSC00992,STD_BB_FTTC,CSS_BB_FTTC,CSS Broadband FTTC,Broadband,Active,2024-12-24
SAS00056,CSSC00814,STD_BB_FTTC,CSS_BB_FTTC,CSS Broadband FTTC,Broadband,Active,2024-08-21
CSSS00057,CSSC00833,STD_BB_FTTC,CSS_BB_FTTC,CSS Broadband FTTC,Broadband,Active,2025-09-03
CSSS00058,CSSC00787,STD_PSTN_LINE,CSS_PSTN_LINE,CSS PSTN Line,Voice,Active,2024-08-14
SAS00059,CSSC00322,STD_BB_FTTP,CSS_BB_FTTP,CSS Broadband FTTP,Broadband,Active,2025-06-09
CSSS00060,CSSC00051,STD_BB_FTTP,CSS_BB_FTTP,CSS Broadband FTTP,Broadband,Active,2024-05-18
SAS00061,CSSC00091,STD_PSTN_LINE,CSS_PSTN_LINE,CSS PSTN Line,Voice,Active,2025-12-21
SAS00062,CSSC00126,STD_PSTN_LINE,CSS_PSTN_LINE,CSS PSTN Line,Voice,Active,2024-07-05
SAS00063,CSSC00379,STD_BB_FTTC,CSS_BB_FTTC,CSS Broadband FTTC,Broadband,Active,2023-12-15
SAS00064,CSSC00043,STD_BB_FTTP,CSS_BB_FTTP,CSS Broadband FTTP,Broadband,Active,2025-08-20
SAS00065,CSSC00421,STD_BB_FTTP,CSS_BB_FTTP,CSS Broadband FTTP,Broadband,Active,2025-07-31
SAS00066,CSSC00018,STD_BB_FTTC,CSS_BB_FTTC,CSS Broadband FTTC,Broadband,Active,2025-12-12
SAS00067,CSSC00275,STD_PSTN_LINE,CSS_PSTN_LINE,CSS PSTN Line,Voice,Ceased,2025-03-13
SAS00068,CSSC00912,STD_BB_FTTP,CSS_BB_FTTP,CSS Broadband FTTP,Broadband,Active,2023-01-11
SAS00069,CSSC00986,STD_BB_FTTP,CSS_BB_FTTP,CSS Broadband FTTP,Broadband,Active,2025-08-28
SAS00070,CSSC00529,STD_BB_FTTP,CSS_BB_FTTP,CSS Broadband FTTP,Broadband,Active,2024-01-20
SAS00071,CSSC00275,STD_BB_FTTP,CSS_BB_FTTP,CSS Broadband FTTP,Broadband,Active,2023-10-17
SAS00072,CSSC00303,STD_BB_FTTC,CSS_BB_FTTC,CSS Broadband FTTC,Broadband,Active,2024-09-21
SAS00073,CSSC00249,STD_BB_FTTP,CSS_BB_FTTP,CSS Broadband FTTP,Broadband,Active,2023-09-25
SAS00074,CSSC00542,STD_PSTN_LINE,CSS_PSTN_LINE,CSS PSTN Line,Voice,Active,2024-05-30
SAS00075,CSSC00842,STD_BB_FTTP,CSS_BB_FTTP,CSS Broadband FTTP,Broadband,Ceased,2025-03-09
SAS00076,CSSC00383,STD_BB_FTTC,CSS_BB_FTTC,CSS Broadband FTTC,Broadband,Inactive,2023-03-28
SAS00077,CSSC00739,STD_BB_FTTC,CSS_BB_FTTC,CSS Broadband FTTC,Broadband,Active,2024-01-18
SAS00078,CSSC00934,STD_BB_FTTC,CSS_BB_FTTC,CSS Broadband FTTC,Broadband,Active,2025-08-20
SAS00079,CSSC00287,STD_BB_FTTC,CSS_BB_FTTC,CSS Broadband FTTC,Broadband,Active,2025-12-22
SAS00080,CSSC00791,STD_BB_FTTP,CSS_BB_FTTP,CSS Broadband FTTP,Broadband,Active,2024-05-09
SAS00081,CSSC00183,STD_PSTN_LINE,CSS_PSTN_LINE,CSS PSTN Line,Voice,Active,2023-10-02
SAS00082,CSSC00064,STD_BB_FTTC,CSS_BB_FTTC,CSS Broadband FTTC,Broadband,Active,2024-08-16
SAS00083,CSSC00874,STD_PSTN_LINE,CSS_PSTN_LINE,CSS PSTN Line,Voice,Active,2024-03-18
SAS00084,CSSC00364,STD_BB_FTTP,CSS_BB_FTTP,CSS Broadband FTTP,Broadband,Active,2024-10-07
SAS00085,CSSC00746,STD_BB_FTTP,CSS_BB_FTTP,CSS Broadband FTTP,Broadband,Active,2023-07-29
SAS00086,CSSC00466,STD_PSTN_LINE,CSS_PSTN_LINE,CSS PSTN Line,Voice,Active,2023-09-11
SAS00087,CSSC00204,STD_BB_FTTP,CSS_BB_FTTP,CSS Broadband FTTP,Broadband,Active,2024-02-10
SAS00088,CSSC00660,STD_PSTN_LINE,CSS_PSTN_LINE,CSS PSTN Line,Voice,Active,2025-04-12
CSSS00089,CSSC00980,STD_PSTN_LINE,CSS_PSTN_LINE,CSS PSTN Line,Voice,Active,2025-10-31
CSSS00090,CSSC00399,STD_BB_FTTC,CSS_BB_FTTC,CSS Broadband FTTC,Broadband,Pending,2025-04-13
SAS00091,CSSC00538,STD_BB_FTTC,CSS_BB_FTTC,CSS Broadband FTTC,Broadband,Active,2024-01-14
CSSS00092,CSSC00831,STD_PSTN_LINE,CSS_PSTN_LINE,CSS PSTN Line,Voice,Active,2025-04-29
SAS00093,CSSC00612,STD_BB_FTTP,CSS_BB_FTTP,CSS Broadband FTTP,Broadband,Active,2025-02-11
SAS00094,CSSC00510,STD_PSTN_LINE,CSS_PSTN_LINE,CSS PSTN Line,Voice,Active,2023-09-03
CSSS00095,CSSC00939,STD_BB_FTTP,CSS_BB_FTTP,CSS Broadband FTTP,Broadband,Active,2024-03-13
CSSS00096,CSSC00355,STD_PSTN_LINE,CSS_PSTN_LINE,CSS PSTN Line,Voice,Active,2024-09-29
SAS00097,CSSC00892,STD_BB_FTTC,CSS_BB_FTTC,CSS Broadband FTTC,Broadband,Active,2024-08-10
SAS00098,CSSC00237,STD_BB_FTTP,CSS_BB_FTTP,CSS Broadband FTTP,Broadband,Active,2023-02-24
SAS00099,CSSC00418,STD_BB_FTTC,CSS_BB_FTTC,CSS Broadband FTTC,Broadband,Inactive,2023-11-19
CSSS00100,CSSC00518,STD_BB_FTTP,CSS_BB_FTTP,CSS Broadband FTTP,Broadband,Active,2024-07-17
SAS00101,CSSC00095,STD_BB_FTTC,CSS_BB_FTTC,CSS Broadband FTTC,Broadband,Active,2024-08-25
SAS00102,CSSC00964,STD_PSTN_LINE,CSS_PSTN_LINE,CSS PSTN Line,Voice,Inactive,2023-02-13
SAS00103,CSSC00505,STD_BB_FTTC,CSS_BB_FTTC,CSS Broadband FTTC,Broadband,Active,2023-04-05
CSSS00104,CSSC00765,STD_BB_FTTP,CSS_BB_FTTP,CSS Broadband FTTP,Broadband,Inactive,2023-02-06
SAS00105,CSSC00896,STD_PSTN_LINE,CSS_PSTN_LINE,CSS PSTN Line,Voice,Active,2024-02-21
CSSS00106,CSSC00623,STD_BB_FTTC,CSS_BB_FTTC,CSS Broadband FTTC,Broadband,Inactive,2023-02-25
SAS00107,CSSC00075,STD_PSTN_LINE,CSS_PSTN_LINE,CSS PSTN Line,Voice,Active,2023-07-24
SAS00108,CSSC00261,STD_BB_FTTC,CSS_BB_FTTC,CSS Broadband FTTC,Broadband,Active,2025-05-30
CSSS00109,CSSC00586,STD_BB_FTTP,CSS_BB_FTTP,CSS Broadband FTTP,Broadband,Active,2025-09-20
CSSS00110,CSSC00925,STD_BB_FTTP,CSS_BB_FTTP,CSS Broadband FTTP,Broadband,Active,2025-12-10
CSSS00111,CSSC00987,STD_PSTN_LINE,CSS_PSTN_LINE,CSS PSTN Line,Voice,Active,2023-01-11
SAS00112,CSSC00799,STD_BB_FTTC,CSS_BB_FTTC,CSS Broadband FTTC,Broadband,Active,2025-09-03
SAS00113,CSSC00755,STD_PSTN_LINE,CSS_PSTN_LINE,CSS PSTN Line,Voice,Active,2023-04-05
SAS00114,CSSC00630,STD_BB_FTTC,CSS_BB_FTTC,CSS Broadband FTTC,Broadband,Active,2025-01-28
SAS00115,CSSC00621,STD_BB_FTTP,CSS_BB_FTTP,CSS Broadband FTTP,Broadband,Active,2023-05-13
SAS00116,CSSC00187,STD_PSTN_LINE,CSS_PSTN_LINE,CSS PSTN Line,Voice,Active,2025-07-16
SAS00117,CSSC00170,STD_BB_FTTP,CSS_BB_FTTP,CSS Broadband FTTP,Broadband,Active,2025-05-11
SAS00118,CSSC00385,STD_BB_FTTP,CSS_BB_FTTP,CSS Broadband FTTP,Broadband,Active,2025-07-23
SAS00119,CSSC00149,STD_PSTN_LINE,CSS_PSTN_LINE,CSS PSTN Line,Voice,Active,2025-02-25
SAS00120,CSSC00151,STD_BB_FTTP,CSS_BB_FTTP,CSS Broadband FTTP,Broadband,Active,2023-02-13
SAS00121,CSSC00584,STD_BB_FTTP,CSS_BB_FTTP,CSS Broadband FTTP,Broadband,Pending,2024-02-03
SAS00122,CSSC00111,STD_BB_FTTC,CSS_BB_FTTC,CSS Broadband FTTC,Broadband,Inactive,2024-04-01
SAS00123,CSSC00993,STD_BB_FTTC,CSS_BB_FTTC,CSS Broadband FTTC,Broadband,Active,2023-04-23
SAS00124,CSSC00572,STD_PSTN_LINE,CSS_PSTN_LINE,CSS PSTN Line,Voice,Active,2023-08-30
CSSS00125,CSSC00914,STD_PSTN_LINE,CSS_PSTN_LINE,CSS PSTN Line,Voice,Active,2024-03-18
SAS00126,CSSC00742,STD_PSTN_LINE,CSS_PSTN_LINE,CSS PSTN Line,Voice,Active,2024-10-29
SAS00127,CSSC00371,STD_BB_FTTP,CSS_BB_FTTP,CSS Broadband FTTP,Broadband,Ceased,2025-12-01
CSSS00128,CSSC00776,STD_BB_FTTP,CSS_BB_FTTP,CSS Broadband FTTP,Broadband,Inactive,2024-08-06
SAS00129,CSSC00984,STD_PSTN_LINE,CSS_PSTN_LINE,CSS PSTN Line,Voice,Active,2023-10-19
SAS00130,CSSC00445,STD_PSTN_LINE,CSS_PSTN_LINE,CSS PSTN Line,Voice,Active,2023-10-29
SAS00131,CSSC00558,STD_PSTN_LINE,CSS_PSTN_LINE,CSS PSTN Line,Voice,Active,2024-06-28
SAS00132,CSSC00587,STD_BB_FTTP,CSS_BB_FTTP,CSS Broadband FTTP,Broadband,Active,2023-05-30
SAS00133,CSSC00576,STD_BB_FTTP,CSS_BB_FTTP,CSS Broadband FTTP,Broadband,Active,2023-10-26
SAS00134,CSSC00322,STD_PSTN_LINE,CSS_PSTN_LINE,CSS PSTN Line,Voice,Pending,2023-09-04
SAS00135,CSSC00274,STD_BB_FTTP,CSS_BB_FTTP,CSS Broadband FTTP,Broadband,Active,2024-09-28
CSSS00136,CSSC00921,STD_BB_FTTC,CSS_BB_FTTC,CSS Broadband FTTC,Broadband,Active,2023-12-03
SAS00137,CSSC00007,STD_PSTN_LINE,CSS_PSTN_LINE,CSS PSTN Line,Voice,Active,2025-03-11
CSSS00138,CSSC00057,STD_BB_FTTC,CSS_BB_FTTC,CSS Broadband FTTC,Broadband,Pending,2025-03-03
SAS00139,CSSC00685,STD_PSTN_LINE,CSS_PSTN_LINE,CSS PSTN Line,Voice,Active,2023-02-22
CSSS00140,CSSC00541,STD_BB_FTTP,CSS_BB_FTTP,CSS Broadband FTTP,Broadband,Active,2023-06-14
SAS00141,CSSC00879,STD_BB_FTTP,CSS_BB_FTTP,CSS Broadband FTTP,Broadband,Active,2025-04-15
SAS00142,CSSC00535,STD_PSTN_LINE,CSS_PSTN_LINE,CSS PSTN Line,Voice,Active,2025-06-26
SAS00143,CSSC00052,STD_BB_FTTC,CSS_BB_FTTC,CSS Broadband FTTC,Broadband,Active,2024-07-27
SAS00144,CSSC00452,STD_PSTN_LINE,CSS_PSTN_LINE,CSS PSTN Line,Voice,Active,2023-11-29
CSSS00145,CSSC00907,STD_PSTN_LINE,CSS_PSTN_LINE,CSS PSTN Line,Voice,Active,2025-04-23
CSSS00146,CSSC00353,STD_PSTN_LINE,CSS_PSTN_LINE,CSS PSTN Line,Voice,Inactive,2025-10-04
SAS00147,CSSC00945,STD_PSTN_LINE,CSS_PSTN_LINE,CSS PSTN Line,Voice,Active,2023-11-26
SAS00148,CSSC00069,STD_BB_FTTC,CSS_BB_FTTC,CSS Broadband FTTC,Broadband,Active,2025-03-24
CSSS00149,CSSC00270,STD_PSTN_LINE,CSS_PSTN_LINE,CSS PSTN Line,Voice,Active,2024-02-20
SAS00150,CSSC00136,STD_BB_FTTC,CSS_BB_FTTC,CSS Broadband FTTC,Broadband,Active,2023-12-17
CSSS00151,CSSC00411,STD_BB_FTTC,CSS_BB_FTTC,CSS Broadband FTTC,Broadband,Active,2023-06-12
SAS00152,CSSC00921,STD_BB_FTTC,CSS_BB_FTTC,CSS Broadband FTTC,Broadband,Active,2023-06-10
SAS00153,CSSC00116,STD_PSTN_LINE,CSS_PSTN_LINE,CSS PSTN Line,Voice,Active,2025-11-17
SAS00154,CSSC00479,STD_BB_FTTC,CSS_BB_FTTC,CSS Broadband FTTC,Broadband,Active,2024-12-07
CSSS00155,CSSC00459,STD_PSTN_LINE,CSS_PSTN_LINE,CSS PSTN Line,Voice,Active,2024-08-30
SAS00156,CSSC00744,STD_BB_FTTC,CSS_BB_FTTC,CSS Broadband FTTC,Broadband,Inactive,2024-10-23
SAS00157,CSSC00302,STD_BB_FTTP,CSS_BB_FTTP,CSS Broadband FTTP,Broadband,Pending,2023-07-13
SAS00158,CSSC00055,STD_BB_FTTC,CSS_BB_FTTC,CSS Broadband FTTC,Broadband,Active,2024-05-27
CSSS00159,CSSC00548,STD_PSTN_LINE,CSS_PSTN_LINE,CSS PSTN Line,Voice,Active,2025-08-06
SAS00160,CSSC00526,STD_BB_FTTP,CSS_BB_FTTP,CSS Broadband FTTP,Broadband,Active,2023-01-29
SAS00161,CSSC00900,STD_BB_FTTP,CSS_BB_FTTP,CSS Broadband FTTP,Broadband,Inactive,2026-01-03
SAS00162,CSSC00199,STD_BB_FTTP,CSS_BB_FTTP,CSS Broadband FTTP,Broadband,Ceased,2025-05-09
SAS00163,CSSC00753,STD_BB_FTTP,CSS_BB_FTTP,CSS Broadband FTTP,Broadband,Inactive,2025-06-15
SAS00164,CSSC00847,STD_PSTN_LINE,CSS_PSTN_LINE,CSS PSTN Line,Voice,Inactive,2024-05-12
SAS00165,CSSC00182,STD_BB_FTTC,CSS_BB_FTTC,CSS Broadband FTTC,Broadband,Pending,2025-04-16
SAS00166,CSSC00769,STD_PSTN_LINE,CSS_PSTN_LINE,CSS PSTN Line,Voice,Active,2025-10-06
SAS00167,CSSC00737,STD_BB_FTTP,CSS_BB_FTTP,CSS Broadband FTTP,Broadband,Active,2023-09-01
SAS00168,CSSC00413,STD_BB_FTTP,CSS_BB_FTTP,CSS Broadband FTTP,Broadband,Active,2025-04-09
SAS00169,CSSC00881,STD_BB_FTTP,CSS_BB_FTTP,CSS Broadband FTTP,Broadband,Active,2023-01-05
SAS00170,CSSC00675,STD_BB_FTTC,CSS_BB_FTTC,CSS Broadband FTTC,Broadband,Active,2024-12-16
SAS00171,CSSC00403,STD_PSTN_LINE,CSS_PSTN_LINE,CSS PSTN Line,Voice,Active,2023-01-31
SAS00172,CSSC00459,STD_BB_FTTP,CSS_BB_FTTP,CSS Broadband FTTP,Broadband,Active,2025-04-09
SAS00173,CSSC00536,STD_PSTN_LINE,CSS_PSTN_LINE,CSS PSTN Line,Voice,Ceased,2023-05-29
SAS00174,CSSC00582,STD_BB_FTTP,CSS_BB_FTTP,CSS Broadband FTTP,Broadband,Active,2023-03-22
SAS00175,CSSC00699,STD_BB_FTTC,CSS_BB_FTTC,CSS Broadband FTTC,Broadband,Active,2024-08-14
SAS00176,CSSC00976,STD_PSTN_LINE,CSS_PSTN_LINE,CSS PSTN Line,Voice,Ceased,2023-03-19
SAS00177,CSSC00975,STD_PSTN_LINE,CSS_PSTN_LINE,CSS PSTN Line,Voice,Active,2025-06-06
SAS00178,CSSC00709,STD_BB_FTTP,CSS_BB_FTTP,CSS Broadband FTTP,Broadband,Pending,2023-09-24
SAS00179,CSSC00867,STD_PSTN_LINE,CSS_PSTN_LINE,CSS PSTN Line,Voice,Active,2023-05-16
SAS00180,CSSC00463,STD_BB_FTTC,CSS_BB_FTTC,CSS Broadband FTTC,Broadband,Active,2023-03-15
SAS00181,CSSC00366,STD_BB_FTTC,CSS_BB_FTTC,CSS Broadband FTTC,Broadband,Active,2025-04-02
SAS00182,CSSC00553,STD_PSTN_LINE,CSS_PSTN_LINE,CSS PSTN Line,Voice,Active,2023-02-23
SAS00183,CSSC00390,STD_BB_FTTC,CSS_BB_FTTC,CSS Broadband FTTC,Broadband,Pending,2023-05-11
SAS00184,CSSC00473,STD_BB_FTTC,CSS_BB_FTTC,CSS Broadband FTTC,Broadband,Active,2025-02-26
SAS00185,CSSC00589,STD_BB_FTTC,CSS_BB_FTTC,CSS Broadband FTTC,Broadband,Active,2023-11-12
SAS00186,CSSC00529,STD_PSTN_LINE,CSS_PSTN_LINE,CSS PSTN Line,Voice,Active,2023-03-20
SAS00187,CSSC00698,STD_BB_FTTP,CSS_BB_FTTP,CSS Broadband FTTP,Broadband,Active,2024-01-17
CSSS00188,CSSC00378,STD_BB_FTTC,CSS_BB_FTTC,CSS Broadband FTTC,Broadband,Active,2023-03-03
SAS00189,CSSC00774,STD_BB_FTTC,CSS_BB_FTTC,CSS Broadband FTTC,Broadband,Active,2024-11-10
SAS00190,CSSC00032,STD_BB_FTTP,CSS_BB_FTTP,CSS Broadband FTTP,Broadband,Active,2023-12-27
SAS00191,CSSC00384,STD_BB_FTTC,CSS_BB_FTTC,CSS Broadband FTTC,Broadband,Active,2025-12-08
CSSS00192,CSSC00201,STD_BB_FTTP,CSS_BB_FTTP,CSS Broadband FTTP,Broadband,Inactive,2024-08-25
CSSS00193,CSSC00975,STD_PSTN_LINE,CSS_PSTN_LINE,CSS PSTN Line,Voice,Active,2024-07-05
SAS00194,CSSC00228,STD_BB_FTTC,CSS_BB_FTTC,CSS Broadband FTTC,Broadband,Active,2023-07-31
SAS00195,CSSC00082,STD_BB_FTTC,CSS_BB_FTTC,CSS Broadband FTTC,Broadband,Ceased,2024-01-18
SAS00196,CSSC00955,STD_PSTN_LINE,CSS_PSTN_LINE,CSS PSTN Line,Voice,Ceased,2024-12-04
SAS00197,CSSC00176,STD_BB_FTTP,CSS_BB_FTTP,CSS Broadband FTTP,Broadband,Active,2024-03-31
SAS00198,CSSC00703,STD_PSTN_LINE,CSS_PSTN_LINE,CSS PSTN Line,Voice,Active,2025-10-30
SAS00199,CSSC00379,STD_PSTN_LINE,CSS_PSTN_LINE,CSS PSTN Line,Voice,Pending,2025-09-29
SAS00200,CSSC00973,STD_BB_FTTC,CSS_BB_FTTC,CSS Broadband FTTC,Broadband,Active,2024-10-18
SAS00201,CSSC00295,STD_PSTN_LINE,CSS_PSTN_LINE,CSS PSTN Line,Voice,Active,2024-02-02
SAS00202,CSSC00899,STD_BB_FTTP,CSS_BB_FTTP,CSS Broadband FTTP,Broadband,Active,2023-06-02
SAS00203,CSSC00493,STD_BB_FTTC,CSS_BB_FTTC,CSS Broadband FTTC,Broadband,Active,2024-02-12
SAS00204,CSSC00596,STD_BB_FTTP,CSS_BB_FTTP,CSS Broadband FTTP,Broadband,Inactive,2023-06-26
CSSS00205,CSSC00315,STD_PSTN_LINE,CSS_PSTN_LINE,CSS PSTN Line,Voice,Active,2023-08-09
SAS00206,CSSC00110,STD_PSTN_LINE,CSS_PSTN_LINE,CSS PSTN Line,Voice,Active,2024-03-15
SAS00207,CSSC00867,STD_BB_FTTC,CSS_BB_FTTC,CSS Broadband FTTC,Broadband,Active,2025-05-22
SAS00208,CSSC00017,STD_BB_FTTP,CSS_BB_FTTP,CSS Broadband FTTP,Broadband,Active,2023-11-03
SAS00209,CSSC00112,STD_BB_FTTC,CSS_BB_FTTC,CSS Broadband FTTC,Broadband,Active,2023-06-28
SAS00210,CSSC00468,STD_PSTN_LINE,CSS_PSTN_LINE,CSS PSTN Line,Voice,Active,2023-09-07
CSSS00211,CSSC00575,STD_PSTN_LINE,CSS_PSTN_LINE,CSS PSTN Line,Voice,Active,2023-09-27
CSSS00212,CSSC00370,STD_BB_FTTP,CSS_BB_FTTP,CSS Broadband FTTP,Broadband,Inactive,2025-12-14
SAS00213,CSSC00412,STD_PSTN_LINE,CSS_PSTN_LINE,CSS PSTN Line,Voice,Active,2024-11-08
SAS00214,CSSC00795,STD_BB_FTTP,CSS_BB_FTTP,CSS Broadband FTTP,Broadband,Active,2024-10-26
SAS00215,CSSC00426,STD_BB_FTTP,CSS_BB_FTTP,CSS Broadband FTTP,Broadband,Active,2025-06-24
SAS00216,CSSC00142,STD_BB_FTTC,CSS_BB_FTTC,CSS Broadband FTTC,Broadband,Active,2024-11-21
SAS00217,CSSC00287,STD_PSTN_LINE,CSS_PSTN_LINE,CSS PSTN Line,Voice,Active,2025-05-14
SAS00218,CSSC00325,STD_BB_FTTP,CSS_BB_FTTP,CSS Broadband FTTP,Broadband,Inactive,2024-08-12
SAS00219,CSSC00981,STD_PSTN_LINE,CSS_PSTN_LINE,CSS PSTN Line,Voice,Active,2023-06-19
CSSS00220,CSSC00341,STD_BB_FTTP,CSS_BB_FTTP,CSS Broadband FTTP,Broadband,Ceased,2023-01-13
SAS00221,CSSC00821,STD_BB_FTTP,CSS_BB_FTTP,CSS Broadband FTTP,Broadband,Active,2024-04-20
SAS00222,CSSC00659,STD_PSTN_LINE,CSS_PSTN_LINE,CSS PSTN Line,Voice,Ceased,2023-08-26
SAS00223,CSSC00071,STD_BB_FTTP,CSS_BB_FTTP,CSS Broadband FTTP,Broadband,Active,2025-09-11
SAS00224,CSSC00649,STD_BB_FTTP,CSS_BB_FTTP,CSS Broadband FTTP,Broadband,Active,2023-07-25
SAS00225,CSSC00533,STD_PSTN_LINE,CSS_PSTN_LINE,CSS PSTN Line,Voice,Active,2025-10-01
SAS00226,CSSC00707,STD_BB_FTTC,CSS_BB_FTTC,CSS Broadband FTTC,Broadband,Active,2025-07-08
SAS00227,CSSC00737,STD_BB_FTTP,CSS_BB_FTTP,CSS Broadband FTTP,Broadband,Active,2023-11-03
SAS00228,CSSC00867,STD_PSTN_LINE,CSS_PSTN_LINE,CSS PSTN Line,Voice,Active,2023-12-10
SAS00229,CSSC00973,STD_BB_FTTC,CSS_BB_FTTC,CSS Broadband FTTC,Broadband,Active,2023-12-21
SAS00230,CSSC00109,STD_BB_FTTC,CSS_BB_FTTC,CSS Broadband FTTC,Broadband,Active,2023-05-09
SAS00231,CSSC00900,STD_PSTN_LINE,CSS_PSTN_LINE,CSS PSTN Line,Voice,Active,2024-09-16
CSSS00232,CSSC00757,STD_BB_FTTP,CSS_BB_FTTP,CSS Broadband FTTP,Broadband,Active,2024-05-16
SAS00233,CSSC00209,STD_BB_FTTP,CSS_BB_FTTP,CSS Broadband FTTP,Broadband,Active,2023-02-19
SAS00234,CSSC00414,STD_BB_FTTP,CSS_BB_FTTP,CSS Broadband FTTP,Broadband,Active,2025-07-22
SAS00235,CSSC00359,STD_PSTN_LINE,CSS_PSTN_LINE,CSS PSTN Line,Voice,Active,2025-01-13
SAS00236,CSSC00139,STD_BB_FTTP,CSS_BB_FTTP,CSS Broadband FTTP,Broadband,Inactive,2023-03-08
SAS00237,CSSC00524,STD_BB_FTTP,CSS_BB_FTTP,CSS Broadband FTTP,Broadband,Inactive,2025-07-17
SAS00238,CSSC00247,STD_PSTN_LINE,CSS_PSTN_LINE,CSS PSTN Line,Voice,Active,2024-01-08
SAS00239,CSSC00661,STD_BB_FTTC,CSS_BB_FTTC,CSS Broadband FTTC,Broadband,Active,2024-03-16
SAS00240,CSSC00746,STD_PSTN_LINE,CSS_PSTN_LINE,CSS PSTN Line,Voice,Active,2024-01-17
SAS00241,CSSC00334,STD_BB_FTTP,CSS_BB_FTTP,CSS Broadband FTTP,Broadband,Active,2024-03-14
CSSS00242,CSSC00979,STD_BB_FTTC,CSS_BB_FTTC,CSS Broadband FTTC,Broadband,Active,2024-10-31
SAS00243,CSSC00656,STD_BB_FTTP,CSS_BB_FTTP,CSS Broadband FTTP,Broadband,Active,2023-10-22
SAS00244,CSSC00669,STD_BB_FTTC,CSS_BB_FTTC,CSS Broadband FTTC,Broadband,Pending,2024-02-21
SAS00245,CSSC00274,STD_BB_FTTC,CSS_BB_FTTC,CSS Broadband FTTC,Broadband,Active,2025-08-06
SAS00246,CSSC00225,STD_BB_FTTP,CSS_BB_FTTP,CSS Broadband FTTP,Broadband,Active,2024-05-21
SAS00247,CSSC00268,STD_BB_FTTP,CSS_BB_FTTP,CSS Broadband FTTP,Broadband,Active,2025-10-17
SAS00248,CSSC00185,STD_BB_FTTC,CSS_BB_FTTC,CSS Broadband FTTC,Broadband,Active,2025-06-17
CSSS00249,CSSC00451,STD_PSTN_LINE,CSS_PSTN_LINE,CSS PSTN Line,Voice,Active,2024-05-19
SAS00250,CSSC00778,STD_PSTN_LINE,CSS_PSTN_LINE,CSS PSTN Line,Voice,Active,2023-08-19
SAS00251,CSSC00838,STD_BB_FTTP,CSS_BB_FTTP,CSS Broadband FTTP,Broadband,Active,2025-11-28
SAS00252,CSSC00832,STD_BB_FTTC,CSS_BB_FTTC,CSS Broadband FTTC,Broadband,Pending,2023-10-03
SAS00253,CSSC00810,STD_BB_FTTP,CSS_BB_FTTP,CSS Broadband FTTP,Broadband,Active,2024-01-21
SAS00254,CSSC00272,STD_BB_FTTC,CSS_BB_FTTC,CSS Broadband FTTC,Broadband,Active,2025-08-11
SAS00255,CSSC00583,STD_BB_FTTP,CSS_BB_FTTP,CSS Broadband FTTP,Broadband,Active,2025-02-01
SAS00256,CSSC00243,STD_PSTN_LINE,CSS_PSTN_LINE,CSS PSTN Line,Voice,Active,2023-05-05
SAS00257,CSSC00810,STD_BB_FTTP,CSS_BB_FTTP,CSS Broadband FTTP,Broadband,Active,2024-02-18
SAS00258,CSSC00242,STD_BB_FTTP,CSS_BB_FTTP,CSS Broadband FTTP,Broadband,Active,2024-10-18
SAS00259,CSSC00856,STD_PSTN_LINE,CSS_PSTN_LINE,CSS PSTN Line,Voice,Pending,2023-07-11
SAS00260,CSSC00592,STD_BB_FTTP,CSS_BB_FTTP,CSS Broadband FTTP,Broadband,Ceased,2024-12-14
SAS00261,CSSC00204,STD_BB_FTTC,CSS_BB_FTTC,CSS Broadband FTTC,Broadband,Active,2025-11-13
SAS00262,CSSC00202,STD_BB_FTTC,CSS_BB_FTTC,CSS Broadband FTTC,Broadband,Active,2025-08-20
CSSS00263,CSSC00512,STD_BB_FTTC,CSS_BB_FTTC,CSS Broadband FTTC,Broadband,Pending,2023-10-25
SAS00264,CSSC00750,STD_PSTN_LINE,CSS_PSTN_LINE,CSS PSTN Line,Voice,Active,2023-08-30
SAS00265,CSSC00984,STD_BB_FTTP,CSS_BB_FTTP,CSS Broadband FTTP,Broadband,Active,2023-10-13
SAS00266,CSSC00764,STD_BB_FTTP,CSS_BB_FTTP,CSS Broadband FTTP,Broadband,Active,2025-02-22
CSSS00267,CSSC00186,STD_BB_FTTP,CSS_BB_FTTP,CSS Broadband FTTP,Broadband,Active,2023-03-07
SAS00268,CSSC00678,STD_BB_FTTP,CSS_BB_FTTP,CSS Broadband FTTP,Broadband,Active,2025-06-15
SAS00269,CSSC00638,STD_BB_FTTC,CSS_BB_FTTC,CSS Broadband FTTC,Broadband,Active,2024-08-24
SAS00270,CSSC00346,STD_PSTN_LINE,CSS_PSTN_LINE,CSS PSTN Line,Voice,Active,2024-01-02
SAS00271,CSSC00831,STD_BB_FTTP,CSS_BB_FTTP,CSS Broadband FTTP,Broadband,Active,2023-11-03
CSSS00272,CSSC00103,STD_BB_FTTC,CSS_BB_FTTC,CSS Broadband FTTC,Broadband,Active,2025-03-19
SAS00273,CSSC00346,STD_BB_FTTP,CSS_BB_FTTP,CSS Broadband FTTP,Broadband,Active,2024-10-30
SAS00274,CSSC00294,STD_BB_FTTC,CSS_BB_FTTC,CSS Broadband FTTC,Broadband,Active,2024-02-01
SAS00275,CSSC00991,STD_BB_FTTP,CSS_BB_FTTP,CSS Broadband FTTP,Broadband,Active,2023-05-16
SAS00276,CSSC00002,STD_PSTN_LINE,CSS_PSTN_LINE,CSS PSTN Line,Voice,Active,2024-12-08
SAS00277,CSSC00509,STD_BB_FTTP,CSS_BB_FTTP,CSS Broadband FTTP,Broadband,Active,2024-04-13
SAS00278,CSSC00283,STD_BB_FTTP,CSS_BB_FTTP,CSS Broadband FTTP,Broadband,Ceased,2024-10-30
SAS00279,CSSC00781,STD_BB_FTTP,CSS_BB_FTTP,CSS Broadband FTTP,Broadband,Active,2023-02-25
SAS00280,CSSC00761,STD_PSTN_LINE,CSS_PSTN_LINE,CSS PSTN Line,Voice,Active,2025-09-13
SAS00281,CSSC00371,STD_PSTN_LINE,CSS_PSTN_LINE,CSS PSTN Line,Voice,Active,2025-10-10
CSSS00282,CSSC00635,STD_BB_FTTP,CSS_BB_FTTP,CSS Broadband FTTP,Broadband,Active,2023-06-24
SAS00283,CSSC00023,STD_PSTN_LINE,CSS_PSTN_LINE,CSS PSTN Line,Voice,Active,2024-07-30
SAS00284,CSSC00110,STD_BB_FTTC,CSS_BB_FTTC,CSS Broadband FTTC,Broadband,Active,2023-11-21
CSSS00285,CSSC00658,STD_BB_FTTC,CSS_BB_FTTC,CSS Broadband FTTC,Broadband,Active,2024-08-07
SAS00286,CSSC00018,STD_BB_FTTC,CSS_BB_FTTC,CSS Broadband FTTC,Broadband,Ceased,2025-04-10
SAS00287,CSSC00787,STD_BB_FTTC,CSS_BB_FTTC,CSS Broadband FTTC,Broadband,Active,2024-09-23
SAS00288,CSSC00605,STD_PSTN_LINE,CSS_PSTN_LINE,CSS PSTN Line,Voice,Pending,2025-01-31
SAS00289,CSSC00969,STD_BB_FTTP,CSS_BB_FTTP,CSS Broadband FTTP,Broadband,Active,2023-08-06
SAS00290,CSSC00473,STD_BB_FTTP,CSS_BB_FTTP,CSS Broadband FTTP,Broadband,Active,2023-05-02
CSSS00291,CSSC00527,STD_PSTN_LINE,CSS_PSTN_LINE,CSS PSTN Line,Voice,Active,2025-04-24
SAS00292,CSSC00409,STD_PSTN_LINE,CSS_PSTN_LINE,CSS PSTN Line,Voice,Ceased,2025-09-28
CSSS00293,CSSC00558,STD_PSTN_LINE,CSS_PSTN_LINE,CSS PSTN Line,Voice,Active,2025-01-20
SAS00294,CSSC00032,STD_BB_FTTP,CSS_BB_FTTP,CSS Broadband FTTP,Broadband,Active,2024-12-02
SAS00295,CSSC00201,STD_PSTN_LINE,CSS_PSTN_LINE,CSS PSTN Line,Voice,Active,2023-07-28
SAS00296,CSSC00235,STD_BB_FTTC,CSS_BB_FTTC,CSS Broadband FTTC,Broadband,Pending,2024-08-12
SAS00297,CSSC00283,STD_BB_FTTC,CSS_BB_FTTC,CSS Broadband FTTC,Broadband,Active,2025-03-31
CSSS00298,CSSC00026,STD_PSTN_LINE,CSS_PSTN_LINE,CSS PSTN Line,Voice,Active,2024-12-15
SAS00299,CSSC00364,STD_BB_FTTP,CSS_BB_FTTP,CSS Broadband FTTP,Broadband,Active,2024-06-03
CSSS00300,CSSC00575,STD_BB_FTTC,CSS_BB_FTTC,CSS Broadband FTTC,Broadband,Active,2024-02-15
SAS00301,CSSC00830,STD_BB_FTTC,CSS_BB_FTTC,CSS Broadband FTTC,Broadband,Active,2024-06-04
SAS00302,CSSC00448,STD_BB_FTTP,CSS_BB_FTTP,CSS Broadband FTTP,Broadband,Active,2023-05-12
SAS00303,CSSC00717,STD_PSTN_LINE,CSS_PSTN_LINE,CSS PSTN Line,Voice,Active,2023-04-28
CSSS00304,CSSC00436,STD_BB_FTTP,CSS_BB_FTTP,CSS Broadband FTTP,Broadband,Pending,2023-02-21
SAS00305,CSSC00052,STD_BB_FTTP,CSS_BB_FTTP,CSS Broadband FTTP,Broadband,Active,2025-08-15
SAS00306,CSSC00021,STD_BB_FTTP,CSS_BB_FTTP,CSS Broadband FTTP,Broadband,Active,2024-04-28
SAS00307,CSSC00070,STD_BB_FTTP,CSS_BB_FTTP,CSS Broadband FTTP,Broadband,Active,2024-07-06
SAS00308,CSSC00684,STD_PSTN_LINE,CSS_PSTN_LINE,CSS PSTN Line,Voice,Active,2023-12-19
CSSS00309,CSSC00514,STD_PSTN_LINE,CSS_PSTN_LINE,CSS PSTN Line,Voice,Active,2025-10-14
SAS00310,CSSC00621,STD_BB_FTTP,CSS_BB_FTTP,CSS Broadband FTTP,Broadband,Active,2024-04-03
SAS00311,CSSC00605,STD_BB_FTTC,CSS_BB_FTTC,CSS Broadband FTTC,Broadband,Active,2025-04-29
CSSS00312,CSSC00300,STD_PSTN_LINE,CSS_PSTN_LINE,CSS PSTN Line,Voice,Ceased,2023-07-23
CSSS00313,CSSC00976,STD_BB_FTTC,CSS_BB_FTTC,CSS Broadband FTTC,Broadband,Active,2024-06-29
SAS00314,CSSC00781,STD_BB_FTTP,CSS_BB_FTTP,CSS Broadband FTTP,Broadband,Active,2025-11-21
SAS00315,CSSC00597,STD_BB_FTTP,CSS_BB_FTTP,CSS Broadband FTTP,Broadband,Active,2025-07-02
SAS00316,CSSC00843,STD_BB_FTTP,CSS_BB_FTTP,CSS Broadband FTTP,Broadband,Active,2025-06-01
CSSS00317,CSSC00143,STD_BB_FTTP,CSS_BB_FTTP,CSS Broadband FTTP,Broadband,Active,2025-11-21
SAS00318,CSSC00865,STD_BB_FTTP,CSS_BB_FTTP,CSS Broadband FTTP,Broadband,Active,2023-04-23
CSSS00319,CSSC00676,STD_BB_FTTC,CSS_BB_FTTC,CSS Broadband FTTC,Broadband,Inactive,2024-06-15
SAS00320,CSSC00959,STD_PSTN_LINE,CSS_PSTN_LINE,CSS PSTN Line,Voice,Pending,2023-06-21
SAS00321,CSSC00769,STD_BB_FTTP,CSS_BB_FTTP,CSS Broadband FTTP,Broadband,Active,2025-10-30
SAS00322,CSSC00460,STD_BB_FTTP,CSS_BB_FTTP,CSS Broadband FTTP,Broadband,Ceased,2023-06-21
SAS00323,CSSC00749,STD_BB_FTTP,CSS_BB_FTTP,CSS Broadband FTTP,Broadband,Active,2024-08-16
SAS00324,CSSC00835,STD_PSTN_LINE,CSS_PSTN_LINE,CSS PSTN Line,Voice,Active,2025-03-28
SAS00325,CSSC00142,STD_PSTN_LINE,CSS_PSTN_LINE,CSS PSTN Line,Voice,Active,2024-12-30
SAS00326,CSSC00239,STD_BB_FTTP,CSS_BB_FTTP,CSS Broadband FTTP,Broadband,Active,2025-11-04
SAS00327,CSSC00553,STD_PSTN_LINE,CSS_PSTN_LINE,CSS PSTN Line,Voice,Inactive,2024-06-15
SAS00328,CSSC00328,STD_BB_FTTP,CSS_BB_FTTP,CSS Broadband FTTP,Broadband,Active,2024-01-04
SAS00329,CSSC00088,STD_BB_FTTP,CSS_BB_FTTP,CSS Broadband FTTP,Broadband,Active,2023-06-22
SAS00330,CSSC00512,STD_PSTN_LINE,CSS_PSTN_LINE,CSS PSTN Line,Voice,Active,2023-12-05
SAS00331,CSSC00926,STD_BB_FTTP,CSS_BB_FTTP,CSS Broadband FTTP,Broadband,Active,2025-03-14
SAS00332,CSSC00953,STD_BB_FTTC,CSS_BB_FTTC,CSS Broadband FTTC,Broadband,Active,2023-04-13
SAS00333,CSSC00235,STD_BB_FTTP,CSS_BB_FTTP,CSS Broadband FTTP,Broadband,Active,2023-07-01
SAS00334,CSSC00364,STD_BB_FTTP,CSS_BB_FTTP,CSS Broadband FTTP,Broadband,Active,2024-05-23
SAS00335,CSSC00916,STD_PSTN_LINE,CSS_PSTN_LINE,CSS PSTN Line,Voice,Active,2024-04-04
SAS00336,CSSC00110,STD_BB_FTTC,CSS_BB_FTTC,CSS Broadband FTTC,Broadband,Active,2025-03-26
SAS00337,CSSC00907,STD_BB_FTTC,CSS_BB_FTTC,CSS Broadband FTTC,Broadband,Active,2024-08-02
SAS00338,CSSC00560,STD_BB_FTTP,CSS_BB_FTTP,CSS Broadband FTTP,Broadband,Active,2025-05-29
SAS00339,CSSC00320,STD_PSTN_LINE,CSS_PSTN_LINE,CSS PSTN Line,Voice,Active,2023-11-10
SAS00340,CSSC00146,STD_BB_FTTC,CSS_BB_FTTC,CSS Broadband FTTC,Broadband,Ceased,2024-05-12
SAS00341,CSSC00556,STD_BB_FTTC,CSS_BB_FTTC,CSS Broadband FTTC,Broadband,Active,2024-03-30
SAS00342,CSSC00714,STD_BB_FTTC,CSS_BB_FTTC,CSS Broadband FTTC,Broadband,Active,2025-06-11
SAS00343,CSSC00492,STD_BB_FTTP,CSS_BB_FTTP,CSS Broadband FTTP,Broadband,Pending,2025-12-15
CSSS00344,CSSC00436,STD_BB_FTTP,CSS_BB_FTTP,CSS Broadband FTTP,Broadband,Inactive,2023-07-02
CSSS00345,CSSC00850,STD_PSTN_LINE,CSS_PSTN_LINE,CSS PSTN Line,Voice,Ceased,2024-05-23
SAS00346,CSSC00615,STD_BB_FTTC,CSS_BB_FTTC,CSS Broadband FTTC,Broadband,Active,2024-02-23
SAS00347,CSSC00219,STD_BB_FTTC,CSS_BB_FTTC,CSS Broadband FTTC,Broadband,Active,2023-01-01
SAS00348,CSSC00045,STD_PSTN_LINE,CSS_PSTN_LINE,CSS PSTN Line,Voice,Active,2025-11-12
SAS00349,CSSC00850,STD_BB_FTTP,CSS_BB_FTTP,CSS Broadband FTTP,Broadband,Ceased,2025-01-07
SAS00350,CSSC00310,STD_BB_FTTC,CSS_BB_FTTC,CSS Broadband FTTC,Broadband,Active,2023-07-19
SAS00351,CSSC00894,STD_PSTN_LINE,CSS_PSTN_LINE,CSS PSTN Line,Voice,Active,2023-02-27
CSSS00352,CSSC00866,STD_PSTN_LINE,CSS_PSTN_LINE,CSS PSTN Line,Voice,Active,2025-09-18
SAS00353,CSSC00067,STD_BB_FTTC,CSS_BB_FTTC,CSS Broadband FTTC,Broadband,Active,2024-06-13
SAS00354,CSSC00560,STD_BB_FTTP,CSS_BB_FTTP,CSS Broadband FTTP,Broadband,Active,2023-01-06
CSSS00355,CSSC00565,STD_PSTN_LINE,CSS_PSTN_LINE,CSS PSTN Line,Voice,Active,2025-06-25
SAS00356,CSSC00108,STD_BB_FTTC,CSS_BB_FTTC,CSS Broadband FTTC,Broadband,Inactive,2024-01-14
SAS00357,CSSC00970,STD_BB_FTTC,CSS_BB_FTTC,CSS Broadband FTTC,Broadband,Active,2024-05-24
SAS00358,CSSC00714,STD_BB_FTTC,CSS_BB_FTTC,CSS Broadband FTTC,Broadband,Active,2025-11-03
SAS00359,CSSC00914,STD_BB_FTTC,CSS_BB_FTTC,CSS Broadband FTTC,Broadband,Active,2024-06-18
CSSS00360,CSSC00051,STD_PSTN_LINE,CSS_PSTN_LINE,CSS PSTN Line,Voice,Active,2024-01-05
SAS00361,CSSC00490,STD_BB_FTTC,CSS_BB_FTTC,CSS Broadband FTTC,Broadband,Active,2025-02-20
CSSS00362,CSSC00117,STD_BB_FTTC,CSS_BB_FTTC,CSS Broadband FTTC,Broadband,Active,2023-05-07
SAS00363,CSSC00771,STD_BB_FTTC,CSS_BB_FTTC,CSS Broadband FTTC,Broadband,Inactive,2024-02-29
SAS00364,CSSC01000,STD_BB_FTTC,CSS_BB_FTTC,CSS Broadband FTTC,Broadband,Active,2025-11-20
CSSS00365,CSSC00614,STD_PSTN_LINE,CSS_PSTN_LINE,CSS PSTN Line,Voice,Active,2023-04-11
SAS00366,CSSC00587,STD_BB_FTTC,CSS_BB_FTTC,CSS Broadband FTTC,Broadband,Active,2025-12-22
SAS00367,CSSC00049,STD_BB_FTTP,CSS_BB_FTTP,CSS Broadband FTTP,Broadband,Active,2025-02-07
SAS00368,CSSC00925,STD_BB_FTTP,CSS_BB_FTTP,CSS Broadband FTTP,Broadband,Active,2025-06-09
SAS00369,CSSC00335,STD_BB_FTTP,CSS_BB_FTTP,CSS Broadband FTTP,Broadband,Active,2023-01-30
SAS00370,CSSC00323,STD_BB_FTTC,CSS_BB_FTTC,CSS Broadband FTTC,Broadband,Active,2025-06-26
SAS00371,CSSC00585,STD_PSTN_LINE,CSS_PSTN_LINE,CSS PSTN Line,Voice,Pending,2024-10-15
SAS00372,CSSC00519,STD_BB_FTTP,CSS_BB_FTTP,CSS Broadband FTTP,Broadband,Active,2023-09-25
SAS00373,CSSC00265,STD_BB_FTTP,CSS_BB_FTTP,CSS Broadband FTTP,Broadband,Inactive,2023-09-25
SAS00374,CSSC00429,STD_PSTN_LINE,CSS_PSTN_LINE,CSS PSTN Line,Voice,Active,2023-08-11
SAS00375,CSSC00623,STD_PSTN_LINE,CSS_PSTN_LINE,CSS PSTN Line,Voice,Ceased,2023-01-19
SAS00376,CSSC00165,STD_PSTN_LINE,CSS_PSTN_LINE,CSS PSTN Line,Voice,Active,2023-11-08
SAS00377,CSSC00818,STD_PSTN_LINE,CSS_PSTN_LINE,CSS PSTN Line,Voice,Pending,2025-09-06
CSSS00378,CSSC00411,STD_BB_FTTP,CSS_BB_FTTP,CSS Broadband FTTP,Broadband,Active,2023-05-18
SAS00379,CSSC00182,STD_BB_FTTC,CSS_BB_FTTC,CSS Broadband FTTC,Broadband,Pending,2023-07-09
SAS00380,CSSC00516,STD_PSTN_LINE,CSS_PSTN_LINE,CSS PSTN Line,Voice,Active,2025-11-24
SAS00381,CSSC00007,STD_BB_FTTP,CSS_BB_FTTP,CSS Broadband FTTP,Broadband,Pending,2023-01-31
SAS00382,CSSC00406,STD_BB_FTTP,CSS_BB_FTTP,CSS Broadband FTTP,Broadband,Active,2023-09-19
SAS00383,CSSC00592,STD_BB_FTTP,CSS_BB_FTTP,CSS Broadband FTTP,Broadband,Ceased,2025-06-28
SAS00384,CSSC00954,STD_PSTN_LINE,CSS_PSTN_LINE,CSS PSTN Line,Voice,Active,2025-04-16
SAS00385,CSSC00654,STD_BB_FTTC,CSS_BB_FTTC,CSS Broadband FTTC,Broadband,Active,2023-08-16
SAS00386,CSSC00542,STD_PSTN_LINE,CSS_PSTN_LINE,CSS PSTN Line,Voice,Active,2025-09-07
SAS00387,CSSC00714,STD_PSTN_LINE,CSS_PSTN_LINE,CSS PSTN Line,Voice,Active,2025-12-26
SAS00388,CSSC00998,STD_PSTN_LINE,CSS_PSTN_LINE,CSS PSTN Line,Voice,Active,2024-06-26
CSSS00389,CSSC00131,STD_BB_FTTC,CSS_BB_FTTC,CSS Broadband FTTC,Broadband,Active,2024-04-21
SAS00390,CSSC00371,STD_BB_FTTC,CSS_BB_FTTC,CSS Broadband FTTC,Broadband,Pending,2024-07-03
SAS00391,CSSC00440,STD_BB_FTTC,CSS_BB_FTTC,CSS Broadband FTTC,Broadband,Active,2024-08-07
SAS00392,CSSC00150,STD_PSTN_LINE,CSS_PSTN_LINE,CSS PSTN Line,Voice,Inactive,2023-06-07
SAS00393,CSSC00158,STD_PSTN_LINE,CSS_PSTN_LINE,CSS PSTN Line,Voice,Pending,2024-08-07
SAS00394,CSSC00755,STD_PSTN_LINE,CSS_PSTN_LINE,CSS PSTN Line,Voice,Active,2023-06-23
SAS00395,CSSC00408,STD_PSTN_LINE,CSS_PSTN_LINE,CSS PSTN Line,Voice,Active,2024-08-24
SAS00396,CSSC00171,STD_BB_FTTC,CSS_BB_FTTC,CSS Broadband FTTC,Broadband,Active,2025-02-16
SAS00397,CSSC00920,STD_PSTN_LINE,CSS_PSTN_LINE,CSS PSTN Line,Voice,Active,2023-05-05
SAS00398,CSSC00803,STD_BB_FTTP,CSS_BB_FTTP,CSS Broadband FTTP,Broadband,Active,2023-03-27
CSSS00399,CSSC00200,STD_PSTN_LINE,CSS_PSTN_LINE,CSS PSTN Line,Voice,Active,2024-04-15
CSSS00400,CSSC00850,STD_BB_FTTP,CSS_BB_FTTP,CSS Broadband FTTP,Broadband,Active,2024-04-14
CSSS00401,CSSC00313,STD_PSTN_LINE,CSS_PSTN_LINE,CSS PSTN Line,Voice,Inactive,2023-08-01
SAS00402,CSSC00406,STD_PSTN_LINE,CSS_PSTN_LINE,CSS PSTN Line,Voice,Active,2025-11-19
SAS00403,CSSC00354,STD_BB_FTTP,CSS_BB_FTTP,CSS Broadband FTTP,Broadband,Active,2024-06-04
SAS00404,CSSC00268,STD_BB_FTTP,CSS_BB_FTTP,CSS Broadband FTTP,Broadband,Active,2025-12-24
SAS00405,CSSC00371,STD_BB_FTTC,CSS_BB_FTTC,CSS Broadband FTTC,Broadband,Active,2024-03-21
CSSS00406,CSSC00110,STD_BB_FTTC,CSS_BB_FTTC,CSS Broadband FTTC,Broadband,Active,2024-10-18
SAS00407,CSSC00151,STD_BB_FTTP,CSS_BB_FTTP,CSS Broadband FTTP,Broadband,Pending,2025-11-15
SAS00408,CSSC00753,STD_PSTN_LINE,CSS_PSTN_LINE,CSS PSTN Line,Voice,Active,2025-05-21
SAS00409,CSSC00796,STD_PSTN_LINE,CSS_PSTN_LINE,CSS PSTN Line,Voice,Ceased,2023-05-05
SAS00410,CSSC00493,STD_BB_FTTP,CSS_BB_FTTP,CSS Broadband FTTP,Broadband,Active,2025-09-08
CSSS00411,CSSC00698,STD_PSTN_LINE,CSS_PSTN_LINE,CSS PSTN Line,Voice,Active,2023-03-16
SAS00412,CSSC00613,STD_PSTN_LINE,CSS_PSTN_LINE,CSS PSTN Line,Voice,Pending,2024-06-01
SAS00413,CSSC00209,STD_BB_FTTC,CSS_BB_FTTC,CSS Broadband FTTC,Broadband,Active,2025-07-09
SAS00414,CSSC00582,STD_PSTN_LINE,CSS_PSTN_LINE,CSS PSTN Line,Voice,Active,2023-08-19
CSSS00415,CSSC00512,STD_BB_FTTP,CSS_BB_FTTP,CSS Broadband FTTP,Broadband,Ceased,2023-11-18
SAS00416,CSSC00177,STD_PSTN_LINE,CSS_PSTN_LINE,CSS PSTN Line,Voice,Active,2023-04-12
SAS00417,CSSC00218,STD_BB_FTTC,CSS_BB_FTTC,CSS Broadband FTTC,Broadband,Active,2023-08-28
CSSS00418,CSSC00911,STD_BB_FTTC,CSS_BB_FTTC,CSS Broadband FTTC,Broadband,Active,2025-12-05
CSSS00419,CSSC00118,STD_BB_FTTC,CSS_BB_FTTC,CSS Broadband FTTC,Broadband,Active,2025-09-11
CSSS00420,CSSC00561,STD_PSTN_LINE,CSS_PSTN_LINE,CSS PSTN Line,Voice,Active,2025-02-02
SAS00421,CSSC00064,STD_BB_FTTP,CSS_BB_FTTP,CSS Broadband FTTP,Broadband,Active,2024-08-15
SAS00422,CSSC00657,STD_PSTN_LINE,CSS_PSTN_LINE,CSS PSTN Line,Voice,Active,2023-04-08
SAS00423,CSSC00802,STD_BB_FTTC,CSS_BB_FTTC,CSS Broadband FTTC,Broadband,Inactive,2023-10-11
SAS00424,CSSC00888,STD_BB_FTTC,CSS_BB_FTTC,CSS Broadband FTTC,Broadband,Active,2023-07-20
SAS00425,CSSC00792,STD_BB_FTTP,CSS_BB_FTTP,CSS Broadband FTTP,Broadband,Active,2025-04-07
SAS00426,CSSC00837,STD_BB_FTTP,CSS_BB_FTTP,CSS Broadband FTTP,Broadband,Ceased,2025-02-15
SAS00427,CSSC00021,STD_BB_FTTC,CSS_BB_FTTC,CSS Broadband FTTC,Broadband,Active,2025-06-05
SAS00428,CSSC00433,STD_PSTN_LINE,CSS_PSTN_LINE,CSS PSTN Line,Voice,Active,2025-03-15
SAS00429,CSSC00089,STD_PSTN_LINE,CSS_PSTN_LINE,CSS PSTN Line,Voice,Active,2024-04-05
SAS00430,CSSC00458,STD_BB_FTTP,CSS_BB_FTTP,CSS Broadband FTTP,Broadband,Active,2024-07-04
SAS00431,CSSC00536,STD_BB_FTTC,CSS_BB_FTTC,CSS Broadband FTTC,Broadband,Active,2024-02-03
SAS00432,CSSC00302,STD_BB_FTTP,CSS_BB_FTTP,CSS Broadband FTTP,Broadband,Active,2025-04-09
CSSS00433,CSSC00804,STD_BB_FTTC,CSS_BB_FTTC,CSS Broadband FTTC,Broadband,Active,2025-06-06
SAS00434,CSSC00651,STD_PSTN_LINE,CSS_PSTN_LINE,CSS PSTN Line,Voice,Active,2025-09-20
SAS00435,CSSC00032,STD_PSTN_LINE,CSS_PSTN_LINE,CSS PSTN Line,Voice,Active,2024-01-05
SAS00436,CSSC00584,STD_BB_FTTP,CSS_BB_FTTP,CSS Broadband FTTP,Broadband,Active,2024-04-29
SAS00437,CSSC00136,STD_BB_FTTC,CSS_BB_FTTC,CSS Broadband FTTC,Broadband,Active,2025-01-04
SAS00438,CSSC00535,STD_PSTN_LINE,CSS_PSTN_LINE,CSS PSTN Line,Voice,Inactive,2024-01-18
SAS00439,CSSC00081,STD_PSTN_LINE,CSS_PSTN_LINE,CSS PSTN Line,Voice,Active,2025-01-24
SAS00440,CSSC00803,STD_PSTN_LINE,CSS_PSTN_LINE,CSS PSTN Line,Voice,Active,2024-10-05
SAS00441,CSSC00499,STD_BB_FTTP,CSS_BB_FTTP,CSS Broadband FTTP,Broadband,Active,2023-10-10
SAS00442,CSSC00190,STD_BB_FTTC,CSS_BB_FTTC,CSS Broadband FTTC,Broadband,Active,2023-10-24
SAS00443,CSSC00607,STD_PSTN_LINE,CSS_PSTN_LINE,CSS PSTN Line,Voice,Active,2024-06-29
SAS00444,CSSC00966,STD_PSTN_LINE,CSS_PSTN_LINE,CSS PSTN Line,Voice,Active,2023-06-02
SAS00445,CSSC00903,STD_PSTN_LINE,CSS_PSTN_LINE,CSS PSTN Line,Voice,Ceased,2025-01-20
SAS00446,CSSC00844,STD_PSTN_LINE,CSS_PSTN_LINE,CSS PSTN Line,Voice,Active,2025-02-02
SAS00447,CSSC00327,STD_BB_FTTC,CSS_BB_FTTC,CSS Broadband FTTC,Broadband,Active,2023-01-06
SAS00448,CSSC00865,STD_PSTN_LINE,CSS_PSTN_LINE,CSS PSTN Line,Voice,Active,2023-01-01
CSSS00449,CSSC00752,STD_BB_FTTC,CSS_BB_FTTC,CSS Broadband FTTC,Broadband,Active,2024-03-25
SAS00450,CSSC00420,STD_BB_FTTP,CSS_BB_FTTP,CSS Broadband FTTP,Broadband,Active,2023-12-18
SAS00451,CSSC00868,STD_BB_FTTP,CSS_BB_FTTP,CSS Broadband FTTP,Broadband,Pending,2025-10-27
SAS00452,CSSC00336,STD_PSTN_LINE,CSS_PSTN_LINE,CSS PSTN Line,Voice,Ceased,2024-07-27
SAS00453,CSSC00533,STD_BB_FTTP,CSS_BB_FTTP,CSS Broadband FTTP,Broadband,Ceased,2025-11-24
SAS00454,CSSC00735,STD_PSTN_LINE,CSS_PSTN_LINE,CSS PSTN Line,Voice,Active,2025-05-09
SAS00455,CSSC00556,STD_BB_FTTC,CSS_BB_FTTC,CSS Broadband FTTC,Broadband,Inactive,2025-02-03
SAS00456,CSSC00806,STD_BB_FTTC,CSS_BB_FTTC,CSS Broadband FTTC,Broadband,Active,2023-05-01
CSSS00457,CSSC00999,STD_PSTN_LINE,CSS_PSTN_LINE,CSS PSTN Line,Voice,Active,2025-08-07
SAS00458,CSSC00836,STD_BB_FTTC,CSS_BB_FTTC,CSS Broadband FTTC,Broadband,Active,2025-05-25
SAS00459,CSSC00762,STD_BB_FTTC,CSS_BB_FTTC,CSS Broadband FTTC,Broadband,Ceased,2025-06-21
CSSS00460,CSSC00205,STD_BB_FTTC,CSS_BB_FTTC,CSS Broadband FTTC,Broadband,Active,2025-05-31
SAS00461,CSSC00005,STD_BB_FTTC,CSS_BB_FTTC,CSS Broadband FTTC,Broadband,Active,2023-06-27
SAS00462,CSSC00320,STD_BB_FTTP,CSS_BB_FTTP,CSS Broadband FTTP,Broadband,Active,2024-08-23
SAS00463,CSSC00817,STD_PSTN_LINE,CSS_PSTN_LINE,CSS PSTN Line,Voice,Active,2024-03-12
SAS00464,CSSC00135,STD_BB_FTTC,CSS_BB_FTTC,CSS Broadband FTTC,Broadband,Active,2025-08-25
CSSS00465,CSSC00751,STD_BB_FTTP,CSS_BB_FTTP,CSS Broadband FTTP,Broadband,Active,2025-11-20
SAS00466,CSSC00208,STD_BB_FTTP,CSS_BB_FTTP,CSS Broadband FTTP,Broadband,Inactive,2023-06-19
CSSS00467,CSSC00793,STD_BB_FTTC,CSS_BB_FTTC,CSS Broadband FTTC,Broadband,Active,2023-04-03
SAS00468,CSSC00680,STD_BB_FTTP,CSS_BB_FTTP,CSS Broadband FTTP,Broadband,Active,2024-01-11
SAS00469,CSSC00219,STD_PSTN_LINE,CSS_PSTN_LINE,CSS PSTN Line,Voice,Inactive,2025-01-07
SAS00470,CSSC00903,STD_BB_FTTC,CSS_BB_FTTC,CSS Broadband FTTC,Broadband,Active,2023-11-07
SAS00471,CSSC00883,STD_BB_FTTC,CSS_BB_FTTC,CSS Broadband FTTC,Broadband,Active,2023-03-21
SAS00472,CSSC00603,STD_BB_FTTC,CSS_BB_FTTC,CSS Broadband FTTC,Broadband,Pending,2024-05-29
SAS00473,CSSC00516,STD_PSTN_LINE,CSS_PSTN_LINE,CSS PSTN Line,Voice,Active,2023-12-29
SAS00474,CSSC00944,STD_BB_FTTP,CSS_BB_FTTP,CSS Broadband FTTP,Broadband,Ceased,2024-09-02
SAS00475,CSSC00049,STD_BB_FTTP,CSS_BB_FTTP,CSS Broadband FTTP,Broadband,Active,2025-06-28
SAS00476,CSSC00403,STD_BB_FTTP,CSS_BB_FTTP,CSS Broadband FTTP,Broadband,Active,2024-12-22
SAS00477,CSSC00164,STD_BB_FTTC,CSS_BB_FTTC,CSS Broadband FTTC,Broadband,Active,2023-01-20
SAS00478,CSSC00342,STD_BB_FTTP,CSS_BB_FTTP,CSS Broadband FTTP,Broadband,Active,2023-03-29
CSSS00479,CSSC00749,STD_PSTN_LINE,CSS_PSTN_LINE,CSS PSTN Line,Voice,Pending,2023-07-28
SAS00480,CSSC00086,STD_BB_FTTP,CSS_BB_FTTP,CSS Broadband FTTP,Broadband,Active,2025-11-05
CSSS00481,CSSC00704,STD_BB_FTTC,CSS_BB_FTTC,CSS Broadband FTTC,Broadband,Active,2024-08-27
CSSS00482,CSSC00399,STD_BB_FTTC,CSS_BB_FTTC,CSS Broadband FTTC,Broadband,Active,2023-12-11
SAS00483,CSSC00636,STD_BB_FTTC,CSS_BB_FTTC,CSS Broadband FTTC,Broadband,Active,2024-07-02
SAS00484,CSSC00182,STD_BB_FTTP,CSS_BB_FTTP,CSS Broadband FTTP,Broadband,Ceased,2023-10-04
SAS00485,CSSC00804,STD_BB_FTTP,CSS_BB_FTTP,CSS Broadband FTTP,Broadband,Active,2023-05-02
SAS00486,CSSC00778,STD_BB_FTTP,CSS_BB_FTTP,CSS Broadband FTTP,Broadband,Ceased,2023-06-11
SAS00487,CSSC00884,STD_PSTN_LINE,CSS_PSTN_LINE,CSS PSTN Line,Voice,Active,2024-12-11
SAS00488,CSSC00703,STD_BB_FTTC,CSS_BB_FTTC,CSS Broadband FTTC,Broadband,Active,2024-11-26
SAS00489,CSSC00979,STD_PSTN_LINE,CSS_PSTN_LINE,CSS PSTN Line,Voice,Active,2025-06-26
SAS00490,CSSC00475,STD_PSTN_LINE,CSS_PSTN_LINE,CSS PSTN Line,Voice,Active,2024-12-25
SAS00491,CSSC00375,STD_PSTN_LINE,CSS_PSTN_LINE,CSS PSTN Line,Voice,Ceased,2023-05-15
SAS00492,CSSC00295,STD_PSTN_LINE,CSS_PSTN_LINE,CSS PSTN Line,Voice,Active,2024-09-14
SAS00493,CSSC00707,STD_PSTN_LINE,CSS_PSTN_LINE,CSS PSTN Line,Voice,Active,2024-07-22
SAS00494,CSSC00900,STD_BB_FTTP,CSS_BB_FTTP,CSS Broadband FTTP,Broadband,Active,2024-08-05
SAS00495,CSSC00642,STD_PSTN_LINE,CSS_PSTN_LINE,CSS PSTN Line,Voice,Active,2024-03-29
SAS00496,CSSC00631,STD_PSTN_LINE,CSS_PSTN_LINE,CSS PSTN Line,Voice,Active,2025-01-05
SAS00497,CSSC00932,STD_BB_FTTC,CSS_BB_FTTC,CSS Broadband FTTC,Broadband,Active,2023-10-28
CSSS00498,CSSC00035,STD_PSTN_LINE,CSS_PSTN_LINE,CSS PSTN Line,Voice,Pending,2023-01-27
SAS00499,CSSC00439,STD_BB_FTTC,CSS_BB_FTTC,CSS Broadband FTTC,Broadband,Ceased,2023-05-01
SAS00500,CSSC00450,STD_PSTN_LINE,CSS_PSTN_LINE,CSS PSTN Line,Voice,Active,2024-05-09
SAS00501,CSSC00712,STD_BB_FTTC,CSS_BB_FTTC,CSS Broadband FTTC,Broadband,Active,2024-03-22
SAS00502,CSSC00296,STD_BB_FTTP,CSS_BB_FTTP,CSS Broadband FTTP,Broadband,Active,2025-02-06
SAS00503,CSSC00403,STD_BB_FTTC,CSS_BB_FTTC,CSS Broadband FTTC,Broadband,Active,2023-11-18
SAS00504,CSSC00165,STD_PSTN_LINE,CSS_PSTN_LINE,CSS PSTN Line,Voice,Inactive,2023-05-30
SAS00505,CSSC00321,STD_PSTN_LINE,CSS_PSTN_LINE,CSS PSTN Line,Voice,Ceased,2024-01-12
SAS00506,CSSC00261,STD_BB_FTTC,CSS_BB_FTTC,CSS Broadband FTTC,Broadband,Active,2024-01-18
CSSS00507,CSSC00798,STD_BB_FTTP,CSS_BB_FTTP,CSS Broadband FTTP,Broadband,Inactive,2024-09-22
SAS00508,CSSC00016,STD_PSTN_LINE,CSS_PSTN_LINE,CSS PSTN Line,Voice,Active,2023-03-23
SAS00509,CSSC00860,STD_BB_FTTP,CSS_BB_FTTP,CSS Broadband FTTP,Broadband,Active,2023-01-12
SAS00510,CSSC00570,STD_PSTN_LINE,CSS_PSTN_LINE,CSS PSTN Line,Voice,Active,2024-05-12
CSSS00511,CSSC00120,STD_BB_FTTP,CSS_BB_FTTP,CSS Broadband FTTP,Broadband,Active,2024-03-26
SAS00512,CSSC00007,STD_BB_FTTP,CSS_BB_FTTP,CSS Broadband FTTP,Broadband,Active,2025-07-23
SAS00513,CSSC00577,STD_BB_FTTC,CSS_BB_FTTC,CSS Broadband FTTC,Broadband,Pending,2025-07-12
CSSS00514,CSSC00191,STD_BB_FTTC,CSS_BB_FTTC,CSS Broadband FTTC,Broadband,Active,2025-05-17
SAS00515,CSSC00237,STD_PSTN_LINE,CSS_PSTN_LINE,CSS PSTN Line,Voice,Active,2024-01-02
SAS00516,CSSC00145,STD_PSTN_LINE,CSS_PSTN_LINE,CSS PSTN Line,Voice,Active,2024-01-18
SAS00517,CSSC00475,STD_BB_FTTC,CSS_BB_FTTC,CSS Broadband FTTC,Broadband,Active,2023-09-16
SAS00518,CSSC00094,STD_BB_FTTC,CSS_BB_FTTC,CSS Broadband FTTC,Broadband,Inactive,2024-04-07
SAS00519,CSSC00186,STD_PSTN_LINE,CSS_PSTN_LINE,CSS PSTN Line,Voice,Active,2023-12-11
SAS00520,CSSC00743,STD_PSTN_LINE,CSS_PSTN_LINE,CSS PSTN Line,Voice,Active,2025-12-10
SAS00521,CSSC00932,STD_BB_FTTP,CSS_BB_FTTP,CSS Broadband FTTP,Broadband,Active,2025-01-19
CSSS00522,CSSC00792,STD_BB_FTTP,CSS_BB_FTTP,CSS Broadband FTTP,Broadband,Active,2026-01-01
SAS00523,CSSC00084,STD_PSTN_LINE,CSS_PSTN_LINE,CSS PSTN Line,Voice,Ceased,2025-08-07
SAS00524,CSSC00721,STD_BB_FTTP,CSS_BB_FTTP,CSS Broadband FTTP,Broadband,Active,2025-11-24
SAS00525,CSSC00792,STD_BB_FTTC,CSS_BB_FTTC,CSS Broadband FTTC,Broadband,Active,2025-12-31
SAS00526,CSSC00879,STD_BB_FTTC,CSS_BB_FTTC,CSS Broadband FTTC,Broadband,Active,2025-02-07
SAS00527,CSSC00931,STD_BB_FTTP,CSS_BB_FTTP,CSS Broadband FTTP,Broadband,Ceased,2025-11-08
SAS00528,CSSC00319,STD_BB_FTTP,CSS_BB_FTTP,CSS Broadband FTTP,Broadband,Active,2025-11-18
SAS00529,CSSC00489,STD_BB_FTTC,CSS_BB_FTTC,CSS Broadband FTTC,Broadband,Active,2024-03-13
SAS00530,CSSC00641,STD_BB_FTTP,CSS_BB_FTTP,CSS Broadband FTTP,Broadband,Pending,2023-10-05
CSSS00531,CSSC00259,STD_BB_FTTP,CSS_BB_FTTP,CSS Broadband FTTP,Broadband,Active,2024-07-24
SAS00532,CSSC00947,STD_BB_FTTP,CSS_BB_FTTP,CSS Broadband FTTP,Broadband,Active,2023-08-13
SAS00533,CSSC00980,STD_BB_FTTC,CSS_BB_FTTC,CSS Broadband FTTC,Broadband,Active,2024-02-06
SAS00534,CSSC00754,STD_PSTN_LINE,CSS_PSTN_LINE,CSS PSTN Line,Voice,Active,2023-03-15
SAS00535,CSSC00284,STD_BB_FTTP,CSS_BB_FTTP,CSS Broadband FTTP,Broadband,Active,2024-03-24
SAS00536,CSSC00450,STD_PSTN_LINE,CSS_PSTN_LINE,CSS PSTN Line,Voice,Inactive,2023-09-18
SAS00537,CSSC00382,STD_BB_FTTP,CSS_BB_FTTP,CSS Broadband FTTP,Broadband,Active,2023-09-25
CSSS00538,CSSC00908,STD_BB_FTTC,CSS_BB_FTTC,CSS Broadband FTTC,Broadband,Active,2024-02-08
SAS00539,CSSC00059,STD_BB_FTTC,CSS_BB_FTTC,CSS Broadband FTTC,Broadband,Inactive,2024-04-17
SAS00540,CSSC00471,STD_BB_FTTC,CSS_BB_FTTC,CSS Broadband FTTC,Broadband,Ceased,2023-07-16
CSSS00541,CSSC00787,STD_PSTN_LINE,CSS_PSTN_LINE,CSS PSTN Line,Voice,Active,2023-11-28
SAS00542,CSSC00700,STD_BB_FTTP,CSS_BB_FTTP,CSS Broadband FTTP,Broadband,Active,2023-06-01
CSSS00543,CSSC00623,STD_BB_FTTP,CSS_BB_FTTP,CSS Broadband FTTP,Broadband,Ceased,2025-12-23
SAS00544,CSSC00030,STD_BB_FTTC,CSS_BB_FTTC,CSS Broadband FTTC,Broadband,Inactive,2024-07-19
SAS00545,CSSC00167,STD_BB_FTTC,CSS_BB_FTTC,CSS Broadband FTTC,Broadband,Active,2024-02-20
SAS00546,CSSC00015,STD_BB_FTTP,CSS_BB_FTTP,CSS Broadband FTTP,Broadband,Active,2025-01-24
SAS00547,CSSC00993,STD_BB_FTTC,CSS_BB_FTTC,CSS Broadband FTTC,Broadband,Active,2023-03-25
SAS00548,CSSC00953,STD_PSTN_LINE,CSS_PSTN_LINE,CSS PSTN Line,Voice,Active,2025-03-17
SAS00549,CSSC00596,STD_BB_FTTC,CSS_BB_FTTC,CSS Broadband FTTC,Broadband,Active,2024-06-05
SAS00550,CSSC00989,STD_PSTN_LINE,CSS_PSTN_LINE,CSS PSTN Line,Voice,Pending,2024-09-19
SAS00551,CSSC00231,STD_PSTN_LINE,CSS_PSTN_LINE,CSS PSTN Line,Voice,Active,2024-09-11
SAS00552,CSSC00465,STD_BB_FTTP,CSS_BB_FTTP,CSS Broadband FTTP,Broadband,Inactive,2025-02-28
CSSS00553,CSSC00121,STD_BB_FTTP,CSS_BB_FTTP,CSS Broadband FTTP,Broadband,Pending,2024-06-07
SAS00554,CSSC00141,STD_PSTN_LINE,CSS_PSTN_LINE,CSS PSTN Line,Voice,Active,2024-10-18
SAS00555,CSSC00696,STD_PSTN_LINE,CSS_PSTN_LINE,CSS PSTN Line,Voice,Active,2023-03-22
SAS00556,CSSC00609,STD_BB_FTTP,CSS_BB_FTTP,CSS Broadband FTTP,Broadband,Active,2025-04-14
SAS00557,CSSC00319,STD_BB_FTTC,CSS_BB_FTTC,CSS Broadband FTTC,Broadband,Active,2025-02-17
SAS00558,CSSC00347,STD_PSTN_LINE,CSS_PSTN_LINE,CSS PSTN Line,Voice,Ceased,2024-07-30
SAS00559,CSSC00192,STD_BB_FTTC,CSS_BB_FTTC,CSS Broadband FTTC,Broadband,Active,2025-01-16
SAS00560,CSSC00267,STD_PSTN_LINE,CSS_PSTN_LINE,CSS PSTN Line,Voice,Ceased,2023-03-13
SAS00561,CSSC00081,STD_BB_FTTC,CSS_BB_FTTC,CSS Broadband FTTC,Broadband,Active,2025-12-19
SAS00562,CSSC00737,STD_BB_FTTP,CSS_BB_FTTP,CSS Broadband FTTP,Broadband,Inactive,2025-03-10
SAS00563,CSSC00276,STD_BB_FTTC,CSS_BB_FTTC,CSS Broadband FTTC,Broadband,Inactive,2025-04-02
SAS00564,CSSC00817,STD_BB_FTTC,CSS_BB_FTTC,CSS Broadband FTTC,Broadband,Active,2024-11-18
SAS00565,CSSC00246,STD_BB_FTTC,CSS_BB_FTTC,CSS Broadband FTTC,Broadband,Active,2024-07-08
SAS00566,CSSC00609,STD_BB_FTTP,CSS_BB_FTTP,CSS Broadband FTTP,Broadband,Active,2023-05-11
CSSS00567,CSSC00130,STD_BB_FTTC,CSS_BB_FTTC,CSS Broadband FTTC,Broadband,Active,2025-01-27
SAS00568,CSSC00009,STD_BB_FTTP,CSS_BB_FTTP,CSS Broadband FTTP,Broadband,Ceased,2024-09-19
SAS00569,CSSC00190,STD_BB_FTTP,CSS_BB_FTTP,CSS Broadband FTTP,Broadband,Active,2024-10-23
SAS00570,CSSC00391,STD_BB_FTTP,CSS_BB_FTTP,CSS Broadband FTTP,Broadband,Inactive,2024-01-08
SAS00571,CSSC00014,STD_BB_FTTC,CSS_BB_FTTC,CSS Broadband FTTC,Broadband,Pending,2023-10-07
SAS00572,CSSC00603,STD_BB_FTTP,CSS_BB_FTTP,CSS Broadband FTTP,Broadband,Active,2025-02-27
SAS00573,CSSC00054,STD_BB_FTTC,CSS_BB_FTTC,CSS Broadband FTTC,Broadband,Pending,2024-02-05
SAS00574,CSSC00964,STD_BB_FTTC,CSS_BB_FTTC,CSS Broadband FTTC,Broadband,Active,2024-10-10
CSSS00575,CSSC00830,STD_BB_FTTP,CSS_BB_FTTP,CSS Broadband FTTP,Broadband,Active,2024-03-26
SAS00576,CSSC00107,STD_BB_FTTC,CSS_BB_FTTC,CSS Broadband FTTC,Broadband,Active,2023-02-07
CSSS00577,CSSC00749,STD_PSTN_LINE,CSS_PSTN_LINE,CSS PSTN Line,Voice,Ceased,2024-12-30
CSSS00578,CSSC00124,STD_BB_FTTC,CSS_BB_FTTC,CSS Broadband FTTC,Broadband,Active,2025-07-03
SAS00579,CSSC00288,STD_PSTN_LINE,CSS_PSTN_LINE,CSS PSTN Line,Voice,Active,2024-07-26
SAS00580,CSSC00911,STD_BB_FTTC,CSS_BB_FTTC,CSS Broadband FTTC,Broadband,Inactive,2024-06-15
SAS00581,CSSC00912,STD_PSTN_LINE,CSS_PSTN_LINE,CSS PSTN Line,Voice,Active,2025-10-15
SAS00582,CSSC00891,STD_PSTN_LINE,CSS_PSTN_LINE,CSS PSTN Line,Voice,Inactive,2023-02-21
SAS00583,CSSC00350,STD_PSTN_LINE,CSS_PSTN_LINE,CSS PSTN Line,Voice,Inactive,2024-03-31
SAS00584,CSSC00136,STD_PSTN_LINE,CSS_PSTN_LINE,CSS PSTN Line,Voice,Active,2024-10-25
CSSS00585,CSSC00004,STD_BB_FTTP,CSS_BB_FTTP,CSS Broadband FTTP,Broadband,Ceased,2023-04-06
SAS00586,CSSC00366,STD_BB_FTTC,CSS_BB_FTTC,CSS Broadband FTTC,Broadband,Inactive,2026-01-04
SAS00587,CSSC00377,STD_BB_FTTC,CSS_BB_FTTC,CSS Broadband FTTC,Broadband,Active,2023-04-04
SAS00588,CSSC00496,STD_PSTN_LINE,CSS_PSTN_LINE,CSS PSTN Line,Voice,Active,2023-09-20
SAS00589,CSSC00475,STD_BB_FTTP,CSS_BB_FTTP,CSS Broadband FTTP,Broadband,Ceased,2023-09-03
SAS00590,CSSC00233,STD_BB_FTTP,CSS_BB_FTTP,CSS Broadband FTTP,Broadband,Active,2023-09-10
SAS00591,CSSC00408,STD_BB_FTTC,CSS_BB_FTTC,CSS Broadband FTTC,Broadband,Active,2023-06-27
SAS00592,CSSC00036,STD_BB_FTTC,CSS_BB_FTTC,CSS Broadband FTTC,Broadband,Active,2024-12-09
SAS00593,CSSC00795,STD_BB_FTTP,CSS_BB_FTTP,CSS Broadband FTTP,Broadband,Ceased,2023-02-24
SAS00594,CSSC00744,STD_PSTN_LINE,CSS_PSTN_LINE,CSS PSTN Line,Voice,Active,2024-05-19
SAS00595,CSSC00990,STD_BB_FTTC,CSS_BB_FTTC,CSS Broadband FTTC,Broadband,Inactive,2024-03-12
SAS00596,CSSC00155,STD_BB_FTTP,CSS_BB_FTTP,CSS Broadband FTTP,Broadband,Active,2025-06-25
SAS00597,CSSC00916,STD_BB_FTTC,CSS_BB_FTTC,CSS Broadband FTTC,Broadband,Active,2023-01-03
SAS00598,CSSC00708,STD_PSTN_LINE,CSS_PSTN_LINE,CSS PSTN Line,Voice,Ceased,2024-03-30
SAS00599,CSSC00233,STD_BB_FTTC,CSS_BB_FTTC,CSS Broadband FTTC,Broadband,Active,2024-12-17
SAS00600,CSSC00094,STD_PSTN_LINE,CSS_PSTN_LINE,CSS PSTN Line,Voice,Active,2025-07-29
SAS00601,CSSC00622,STD_BB_FTTP,CSS_BB_FTTP,CSS Broadband FTTP,Broadband,Pending,2025-11-01
SAS00602,CSSC00205,STD_BB_FTTC,CSS_BB_FTTC,CSS Broadband FTTC,Broadband,Active,2025-10-03
SAS00603,CSSC00363,STD_PSTN_LINE,CSS_PSTN_LINE,CSS PSTN Line,Voice,Pending,2024-03-31
SAS00604,CSSC00574,STD_BB_FTTP,CSS_BB_FTTP,CSS Broadband FTTP,Broadband,Active,2023-07-03
SAS00605,CSSC00813,STD_PSTN_LINE,CSS_PSTN_LINE,CSS PSTN Line,Voice,Active,2024-06-20
SAS00606,CSSC00413,STD_BB_FTTP,CSS_BB_FTTP,CSS Broadband FTTP,Broadband,Active,2024-06-21
SAS00607,CSSC00994,STD_BB_FTTC,CSS_BB_FTTC,CSS Broadband FTTC,Broadband,Pending,2023-11-09
SAS00608,CSSC00730,STD_BB_FTTC,CSS_BB_FTTC,CSS Broadband FTTC,Broadband,Active,2024-08-21
SAS00609,CSSC00574,STD_PSTN_LINE,CSS_PSTN_LINE,CSS PSTN Line,Voice,Inactive,2023-11-12
SAS00610,CSSC00702,STD_BB_FTTP,CSS_BB_FTTP,CSS Broadband FTTP,Broadband,Active,2024-12-25
SAS00611,CSSC00841,STD_BB_FTTP,CSS_BB_FTTP,CSS Broadband FTTP,Broadband,Pending,2024-11-22
SAS00612,CSSC00922,STD_BB_FTTC,CSS_BB_FTTC,CSS Broadband FTTC,Broadband,Inactive,2025-09-07
SAS00613,CSSC00876,STD_PSTN_LINE,CSS_PSTN_LINE,CSS PSTN Line,Voice,Active,2024-07-10
CSSS00614,CSSC00283,STD_PSTN_LINE,CSS_PSTN_LINE,CSS PSTN Line,Voice,Active,2025-09-21
SAS00615,CSSC00573,STD_BB_FTTP,CSS_BB_FTTP,CSS Broadband FTTP,Broadband,Active,2024-10-25
SAS00616,CSSC00074,STD_BB_FTTC,CSS_BB_FTTC,CSS Broadband FTTC,Broadband,Active,2025-04-01
SAS00617,CSSC00294,STD_PSTN_LINE,CSS_PSTN_LINE,CSS PSTN Line,Voice,Active,2025-08-27
SAS00618,CSSC00322,STD_BB_FTTC,CSS_BB_FTTC,CSS Broadband FTTC,Broadband,Inactive,2023-04-03
SAS00619,CSSC00075,STD_BB_FTTC,CSS_BB_FTTC,CSS Broadband FTTC,Broadband,Ceased,2023-05-18
SAS00620,CSSC00738,STD_BB_FTTC,CSS_BB_FTTC,CSS Broadband FTTC,Broadband,Active,2024-12-01
SAS00621,CSSC00584,STD_BB_FTTC,CSS_BB_FTTC,CSS Broadband FTTC,Broadband,Active,2025-02-08
SAS00622,CSSC00329,STD_PSTN_LINE,CSS_PSTN_LINE,CSS PSTN Line,Voice,Active,2024-01-14
CSSS00623,CSSC00831,STD_PSTN_LINE,CSS_PSTN_LINE,CSS PSTN Line,Voice,Active,2025-06-09
SAS00624,CSSC00073,STD_BB_FTTP,CSS_BB_FTTP,CSS Broadband FTTP,Broadband,Active,2023-07-16
SAS00625,CSSC00154,STD_PSTN_LINE,CSS_PSTN_LINE,CSS PSTN Line,Voice,Ceased,2024-05-13
SAS00626,CSSC00970,STD_BB_FTTP,CSS_BB_FTTP,CSS Broadband FTTP,Broadband,Active,2025-07-18
SAS00627,CSSC00536,STD_PSTN_LINE,CSS_PSTN_LINE,CSS PSTN Line,Voice,Active,2025-05-23
SAS00628,CSSC00082,STD_BB_FTTC,CSS_BB_FTTC,CSS Broadband FTTC,Broadband,Pending,2024-01-15
SAS00629,CSSC00692,STD_PSTN_LINE,CSS_PSTN_LINE,CSS PSTN Line,Voice,Active,2024-11-25
SAS00630,CSSC00548,STD_PSTN_LINE,CSS_PSTN_LINE,CSS PSTN Line,Voice,Active,2025-05-10
SAS00631,CSSC00959,STD_BB_FTTC,CSS_BB_FTTC,CSS Broadband FTTC,Broadband,Active,2024-09-24
SAS00632,CSSC00646,STD_PSTN_LINE,CSS_PSTN_LINE,CSS PSTN Line,Voice,Active,2024-01-21
SAS00633,CSSC00743,STD_BB_FTTP,CSS_BB_FTTP,CSS Broadband FTTP,Broadband,Active,2024-01-08
CSSS00634,CSSC00163,STD_PSTN_LINE,CSS_PSTN_LINE,CSS PSTN Line,Voice,Active,2023-02-18
SAS00635,CSSC00388,STD_BB_FTTC,CSS_BB_FTTC,CSS Broadband FTTC,Broadband,Active,2025-07-23
SAS00636,CSSC00008,STD_BB_FTTC,CSS_BB_FTTC,CSS Broadband FTTC,Broadband,Active,2025-05-11
SAS00637,CSSC00314,STD_BB_FTTP,CSS_BB_FTTP,CSS Broadband FTTP,Broadband,Active,2025-06-10
SAS00638,CSSC00459,STD_PSTN_LINE,CSS_PSTN_LINE,CSS PSTN Line,Voice,Ceased,2023-07-02
SAS00639,CSSC00912,STD_BB_FTTC,CSS_BB_FTTC,CSS Broadband FTTC,Broadband,Active,2023-03-11
SAS00640,CSSC00024,STD_BB_FTTC,CSS_BB_FTTC,CSS Broadband FTTC,Broadband,Active,2024-03-27
SAS00641,CSSC00757,STD_PSTN_LINE,CSS_PSTN_LINE,CSS PSTN Line,Voice,Active,2025-05-23
CSSS00642,CSSC00452,STD_BB_FTTP,CSS_BB_FTTP,CSS Broadband FTTP,Broadband,Ceased,2025-01-03
SAS00643,CSSC00229,STD_BB_FTTP,CSS_BB_FTTP,CSS Broadband FTTP,Broadband,Active,2025-01-29
SAS00644,CSSC00184,STD_BB_FTTC,CSS_BB_FTTC,CSS Broadband FTTC,Broadband,Active,2025-12-19
SAS00645,CSSC00212,STD_BB_FTTP,CSS_BB_FTTP,CSS Broadband FTTP,Broadband,Active,2023-06-10
SAS00646,CSSC00939,STD_BB_FTTC,CSS_BB_FTTC,CSS Broadband FTTC,Broadband,Inactive,2024-11-17
SAS00647,CSSC00289,STD_PSTN_LINE,CSS_PSTN_LINE,CSS PSTN Line,Voice,Active,2024-09-03
SAS00648,CSSC00896,STD_BB_FTTC,CSS_BB_FTTC,CSS Broadband FTTC,Broadband,Ceased,2024-03-29
SAS00649,CSSC00075,STD_BB_FTTC,CSS_BB_FTTC,CSS Broadband FTTC,Broadband,Active,2023-09-06
SAS00650,CSSC00604,STD_PSTN_LINE,CSS_PSTN_LINE,CSS PSTN Line,Voice,Active,2024-06-13
SAS00651,CSSC00232,STD_BB_FTTC,CSS_BB_FTTC,CSS Broadband FTTC,Broadband,Active,2025-04-19
SAS00652,CSSC00693,STD_BB_FTTP,CSS_BB_FTTP,CSS Broadband FTTP,Broadband,Active,2023-12-17
SAS00653,CSSC00337,STD_BB_FTTC,CSS_BB_FTTC,CSS Broadband FTTC,Broadband,Active,2025-09-03
SAS00654,CSSC00590,STD_BB_FTTC,CSS_BB_FTTC,CSS Broadband FTTC,Broadband,Active,2025-12-05
SAS00655,CSSC00103,STD_BB_FTTP,CSS_BB_FTTP,CSS Broadband FTTP,Broadband,Active,2023-01-17
CSSS00656,CSSC00457,STD_BB_FTTP,CSS_BB_FTTP,CSS Broadband FTTP,Broadband,Active,2023-08-24
SAS00657,CSSC00491,STD_BB_FTTC,CSS_BB_FTTC,CSS Broadband FTTC,Broadband,Ceased,2025-11-28
SAS00658,CSSC00727,STD_PSTN_LINE,CSS_PSTN_LINE,CSS PSTN Line,Voice,Active,2025-08-25
CSSS00659,CSSC00797,STD_BB_FTTP,CSS_BB_FTTP,CSS Broadband FTTP,Broadband,Active,2023-03-29
SAS00660,CSSC00869,STD_BB_FTTC,CSS_BB_FTTC,CSS Broadband FTTC,Broadband,Ceased,2023-10-31
SAS00661,CSSC00056,STD_BB_FTTP,CSS_BB_FTTP,CSS Broadband FTTP,Broadband,Active,2024-12-29
SAS00662,CSSC00209,STD_BB_FTTC,CSS_BB_FTTC,CSS Broadband FTTC,Broadband,Active,2025-03-16
SAS00663,CSSC00610,STD_BB_FTTP,CSS_BB_FTTP,CSS Broadband FTTP,Broadband,Active,2024-11-21
CSSS00664,CSSC00987,STD_PSTN_LINE,CSS_PSTN_LINE,CSS PSTN Line,Voice,Ceased,2023-06-11
CSSS00665,CSSC00968,STD_BB_FTTP,CSS_BB_FTTP,CSS Broadband FTTP,Broadband,Active,2024-09-03
SAS00666,CSSC00407,STD_BB_FTTP,CSS_BB_FTTP,CSS Broadband FTTP,Broadband,Active,2024-04-01
SAS00667,CSSC00050,STD_PSTN_LINE,CSS_PSTN_LINE,CSS PSTN Line,Voice,Active,2024-01-11
SAS00668,CSSC00956,STD_PSTN_LINE,CSS_PSTN_LINE,CSS PSTN Line,Voice,Active,2024-05-24
SAS00669,CSSC00188,STD_BB_FTTP,CSS_BB_FTTP,CSS Broadband FTTP,Broadband,Active,2023-08-09
SAS00670,CSSC00462,STD_BB_FTTP,CSS_BB_FTTP,CSS Broadband FTTP,Broadband,Active,2025-03-22
CSSS00671,CSSC00029,STD_BB_FTTC,CSS_BB_FTTC,CSS Broadband FTTC,Broadband,Inactive,2024-10-04
SAS00672,CSSC00583,STD_BB_FTTP,CSS_BB_FTTP,CSS Broadband FTTP,Broadband,Active,2023-04-13
SAS00673,CSSC00092,STD_PSTN_LINE,CSS_PSTN_LINE,CSS PSTN Line,Voice,Pending,2025-06-16
SAS00674,CSSC00270,STD_BB_FTTC,CSS_BB_FTTC,CSS Broadband FTTC,Broadband,Active,2024-03-01
SAS00675,CSSC00234,STD_PSTN_LINE,CSS_PSTN_LINE,CSS PSTN Line,Voice,Inactive,2025-01-20
SAS00676,CSSC00835,STD_BB_FTTC,CSS_BB_FTTC,CSS Broadband FTTC,Broadband,Ceased,2025-05-14
SAS00677,CSSC00770,STD_BB_FTTP,CSS_BB_FTTP,CSS Broadband FTTP,Broadband,Inactive,2023-11-23
SAS00678,CSSC00157,STD_BB_FTTP,CSS_BB_FTTP,CSS Broadband FTTP,Broadband,Active,2023-10-07
SAS00679,CSSC00588,STD_BB_FTTC,CSS_BB_FTTC,CSS Broadband FTTC,Broadband,Active,2023-01-21
SAS00680,CSSC00260,STD_PSTN_LINE,CSS_PSTN_LINE,CSS PSTN Line,Voice,Active,2023-09-09
SAS00681,CSSC00468,STD_BB_FTTC,CSS_BB_FTTC,CSS Broadband FTTC,Broadband,Inactive,2025-06-15
SAS00682,CSSC00490,STD_PSTN_LINE,CSS_PSTN_LINE,CSS PSTN Line,Voice,Active,2024-10-07
SAS00683,CSSC00178,STD_BB_FTTC,CSS_BB_FTTC,CSS Broadband FTTC,Broadband,Active,2023-04-25
SAS00684,CSSC00933,STD_PSTN_LINE,CSS_PSTN_LINE,CSS PSTN Line,Voice,Active,2024-06-13
SAS00685,CSSC00030,STD_BB_FTTC,CSS_BB_FTTC,CSS Broadband FTTC,Broadband,Active,2023-09-27
CSSS00686,CSSC00470,STD_BB_FTTP,CSS_BB_FTTP,CSS Broadband FTTP,Broadband,Pending,2023-02-03
SAS00687,CSSC00981,STD_BB_FTTP,CSS_BB_FTTP,CSS Broadband FTTP,Broadband,Inactive,2024-08-22
SAS00688,CSSC00450,STD_PSTN_LINE,CSS_PSTN_LINE,CSS PSTN Line,Voice,Active,2024-06-14
SAS00689,CSSC00748,STD_PSTN_LINE,CSS_PSTN_LINE,CSS PSTN Line,Voice,Active,2025-09-02
SAS00690,CSSC00329,STD_PSTN_LINE,CSS_PSTN_LINE,CSS PSTN Line,Voice,Active,2024-01-10
SAS00691,CSSC00369,STD_PSTN_LINE,CSS_PSTN_LINE,CSS PSTN Line,Voice,Active,2025-06-21
CSSS00692,CSSC00645,STD_PSTN_LINE,CSS_PSTN_LINE,CSS PSTN Line,Voice,Active,2023-05-12
SAS00693,CSSC00042,STD_BB_FTTP,CSS_BB_FTTP,CSS Broadband FTTP,Broadband,Active,2024-12-03
SAS00694,CSSC00289,STD_PSTN_LINE,CSS_PSTN_LINE,CSS PSTN Line,Voice,Ceased,2023-10-29
SAS00695,CSSC00643,STD_BB_FTTC,CSS_BB_FTTC,CSS Broadband FTTC,Broadband,Active,2023-06-06
CSSS00696,CSSC00087,STD_BB_FTTP,CSS_BB_FTTP,CSS Broadband FTTP,Broadband,Active,2025-12-23
SAS00697,CSSC00242,STD_PSTN_LINE,CSS_PSTN_LINE,CSS PSTN Line,Voice,Pending,2025-05-01
SAS00698,CSSC00052,STD_BB_FTTP,CSS_BB_FTTP,CSS Broadband FTTP,Broadband,Ceased,2023-06-01
SAS00699,CSSC00845,STD_BB_FTTP,CSS_BB_FTTP,CSS Broadband FTTP,Broadband,Active,2024-04-06
SAS00700,CSSC00602,STD_BB_FTTC,CSS_BB_FTTC,CSS Broadband FTTC,Broadband,Active,2024-12-27
SAS00701,CSSC00908,STD_BB_FTTP,CSS_BB_FTTP,CSS Broadband FTTP,Broadband,Active,2023-07-28
SAS00702,CSSC00505,STD_PSTN_LINE,CSS_PSTN_LINE,CSS PSTN Line,Voice,Active,2024-05-26
CSSS00703,CSSC00168,STD_PSTN_LINE,CSS_PSTN_LINE,CSS PSTN Line,Voice,Inactive,2023-11-03
SAS00704,CSSC00386,STD_BB_FTTC,CSS_BB_FTTC,CSS Broadband FTTC,Broadband,Active,2024-06-17
SAS00705,CSSC00871,STD_PSTN_LINE,CSS_PSTN_LINE,CSS PSTN Line,Voice,Ceased,2023-01-04
SAS00706,CSSC00208,STD_BB_FTTC,CSS_BB_FTTC,CSS Broadband FTTC,Broadband,Active,2025-06-25
SAS00707,CSSC00313,STD_BB_FTTP,CSS_BB_FTTP,CSS Broadband FTTP,Broadband,Active,2025-11-07
SAS00708,CSSC00013,STD_BB_FTTC,CSS_BB_FTTC,CSS Broadband FTTC,Broadband,Active,2023-12-07
SAS00709,CSSC00700,STD_PSTN_LINE,CSS_PSTN_LINE,CSS PSTN Line,Voice,Active,2024-12-16
SAS00710,CSSC00321,STD_BB_FTTP,CSS_BB_FTTP,CSS Broadband FTTP,Broadband,Active,2025-10-14
SAS00711,CSSC00187,STD_BB_FTTC,CSS_BB_FTTC,CSS Broadband FTTC,Broadband,Active,2024-03-04
SAS00712,CSSC00759,STD_BB_FTTC,CSS_BB_FTTC,CSS Broadband FTTC,Broadband,Active,2024-01-14
SAS00713,CSSC00327,STD_BB_FTTC,CSS_BB_FTTC,CSS Broadband FTTC,Broadband,Active,2025-01-04
SAS00714,CSSC00083,STD_BB_FTTC,CSS_BB_FTTC,CSS Broadband FTTC,Broadband,Active,2023-06-21
SAS00715,CSSC00029,STD_BB_FTTC,CSS_BB_FTTC,CSS Broadband FTTC,Broadband,Active,2023-11-19
SAS00716,CSSC00074,STD_BB_FTTP,CSS_BB_FTTP,CSS Broadband FTTP,Broadband,Inactive,2025-04-20
SAS00717,CSSC00326,STD_BB_FTTP,CSS_BB_FTTP,CSS Broadband FTTP,Broadband,Active,2025-04-03
SAS00718,CSSC00685,STD_BB_FTTP,CSS_BB_FTTP,CSS Broadband FTTP,Broadband,Active,2025-04-16
SAS00719,CSSC00304,STD_BB_FTTC,CSS_BB_FTTC,CSS Broadband FTTC,Broadband,Pending,2023-03-29
SAS00720,CSSC00680,STD_BB_FTTP,CSS_BB_FTTP,CSS Broadband FTTP,Broadband,Active,2024-11-26
SAS00721,CSSC00110,STD_BB_FTTP,CSS_BB_FTTP,CSS Broadband FTTP,Broadband,Active,2023-03-24
SAS00722,CSSC00873,STD_PSTN_LINE,CSS_PSTN_LINE,CSS PSTN Line,Voice,Active,2023-11-18
SAS00723,CSSC00182,STD_BB_FTTP,CSS_BB_FTTP,CSS Broadband FTTP,Broadband,Active,2023-12-21
SAS00724,CSSC00304,STD_BB_FTTC,CSS_BB_FTTC,CSS Broadband FTTC,Broadband,Ceased,2023-08-19
SAS00725,CSSC00891,STD_PSTN_LINE,CSS_PSTN_LINE,CSS PSTN Line,Voice,Active,2025-10-19
CSSS00726,CSSC00009,STD_BB_FTTC,CSS_BB_FTTC,CSS Broadband FTTC,Broadband,Active,2025-12-23
SAS00727,CSSC00060,STD_PSTN_LINE,CSS_PSTN_LINE,CSS PSTN Line,Voice,Pending,2023-10-01
SAS00728,CSSC00044,STD_BB_FTTC,CSS_BB_FTTC,CSS Broadband FTTC,Broadband,Active,2025-10-26
SAS00729,CSSC00654,STD_BB_FTTC,CSS_BB_FTTC,CSS Broadband FTTC,Broadband,Active,2024-10-04
SAS00730,CSSC00983,STD_BB_FTTC,CSS_BB_FTTC,CSS Broadband FTTC,Broadband,Active,2025-03-28
SAS00731,CSSC00122,STD_BB_FTTC,CSS_BB_FTTC,CSS Broadband FTTC,Broadband,Active,2024-03-21
CSSS00732,CSSC00626,STD_BB_FTTP,CSS_BB_FTTP,CSS Broadband FTTP,Broadband,Ceased,2023-10-24
SAS00733,CSSC00018,STD_BB_FTTP,CSS_BB_FTTP,CSS Broadband FTTP,Broadband,Active,2024-08-05
SAS00734,CSSC00223,STD_BB_FTTP,CSS_BB_FTTP,CSS Broadband FTTP,Broadband,Active,2025-09-21
SAS00735,CSSC00582,STD_PSTN_LINE,CSS_PSTN_LINE,CSS PSTN Line,Voice,Active,2023-08-18
SAS00736,CSSC00458,STD_PSTN_LINE,CSS_PSTN_LINE,CSS PSTN Line,Voice,Active,2024-07-22
SAS00737,CSSC00668,STD_BB_FTTP,CSS_BB_FTTP,CSS Broadband FTTP,Broadband,Active,2023-08-16
SAS00738,CSSC00225,STD_BB_FTTP,CSS_BB_FTTP,CSS Broadband FTTP,Broadband,Active,2023-02-12
CSSS00739,CSSC00724,STD_BB_FTTC,CSS_BB_FTTC,CSS Broadband FTTC,Broadband,Active,2024-02-07
SAS00740,CSSC00199,STD_PSTN_LINE,CSS_PSTN_LINE,CSS PSTN Line,Voice,Active,2023-07-17
SAS00741,CSSC00335,STD_BB_FTTP,CSS_BB_FTTP,CSS Broadband FTTP,Broadband,Active,2025-12-20
SAS00742,CSSC00002,STD_PSTN_LINE,CSS_PSTN_LINE,CSS PSTN Line,Voice,Active,2023-11-28
SAS00743,CSSC00631,STD_BB_FTTP,CSS_BB_FTTP,CSS Broadband FTTP,Broadband,Active,2023-05-08
SAS00744,CSSC00715,STD_BB_FTTP,CSS_BB_FTTP,CSS Broadband FTTP,Broadband,Inactive,2025-06-12
SAS00745,CSSC00182,STD_PSTN_LINE,CSS_PSTN_LINE,CSS PSTN Line,Voice,Pending,2024-02-28
SAS00746,CSSC00915,STD_BB_FTTP,CSS_BB_FTTP,CSS Broadband FTTP,Broadband,Inactive,2024-02-22
SAS00747,CSSC00922,STD_PSTN_LINE,CSS_PSTN_LINE,CSS PSTN Line,Voice,Active,2023-08-22
SAS00748,CSSC00935,STD_PSTN_LINE,CSS_PSTN_LINE,CSS PSTN Line,Voice,Inactive,2025-04-04
SAS00749,CSSC00254,STD_PSTN_LINE,CSS_PSTN_LINE,CSS PSTN Line,Voice,Active,2023-08-11
SAS00750,CSSC00159,STD_PSTN_LINE,CSS_PSTN_LINE,CSS PSTN Line,Voice,Inactive,2024-02-16
CSSS00751,CSSC00157,STD_BB_FTTC,CSS_BB_FTTC,CSS Broadband FTTC,Broadband,Active,2025-11-06
SAS00752,CSSC00920,STD_BB_FTTP,CSS_BB_FTTP,CSS Broadband FTTP,Broadband,Active,2023-05-10
SAS00753,CSSC00961,STD_BB_FTTP,CSS_BB_FTTP,CSS Broadband FTTP,Broadband,Ceased,2023-02-10
SAS00754,CSSC00505,STD_PSTN_LINE,CSS_PSTN_LINE,CSS PSTN Line,Voice,Active,2025-05-15
SAS00755,CSSC00846,STD_BB_FTTP,CSS_BB_FTTP,CSS Broadband FTTP,Broadband,Active,2025-12-06
SAS00756,CSSC00273,STD_PSTN_LINE,CSS_PSTN_LINE,CSS PSTN Line,Voice,Active,2023-09-18
CSSS00757,CSSC00420,STD_PSTN_LINE,CSS_PSTN_LINE,CSS PSTN Line,Voice,Ceased,2023-08-15
SAS00758,CSSC00594,STD_PSTN_LINE,CSS_PSTN_LINE,CSS PSTN Line,Voice,Active,2024-09-04
SAS00759,CSSC00753,STD_BB_FTTC,CSS_BB_FTTC,CSS Broadband FTTC,Broadband,Pending,2023-11-05
SAS00760,CSSC00713,STD_PSTN_LINE,CSS_PSTN_LINE,CSS PSTN Line,Voice,Active,2025-02-26
SAS00761,CSSC00363,STD_BB_FTTP,CSS_BB_FTTP,CSS Broadband FTTP,Broadband,Active,2024-10-24
SAS00762,CSSC00520,STD_PSTN_LINE,CSS_PSTN_LINE,CSS PSTN Line,Voice,Ceased,2023-11-29
SAS00763,CSSC00280,STD_BB_FTTC,CSS_BB_FTTC,CSS Broadband FTTC,Broadband,Active,2023-01-19
CSSS00764,CSSC00908,STD_BB_FTTP,CSS_BB_FTTP,CSS Broadband FTTP,Broadband,Inactive,2023-02-16
SAS00765,CSSC00147,STD_BB_FTTC,CSS_BB_FTTC,CSS Broadband FTTC,Broadband,Active,2024-09-15
SAS00766,CSSC00634,STD_BB_FTTC,CSS_BB_FTTC,CSS Broadband FTTC,Broadband,Active,2023-01-08
SAS00767,CSSC00315,STD_BB_FTTC,CSS_BB_FTTC,CSS Broadband FTTC,Broadband,Active,2024-12-21
SAS00768,CSSC00292,STD_PSTN_LINE,CSS_PSTN_LINE,CSS PSTN Line,Voice,Active,2025-11-08
SAS00769,CSSC00517,STD_BB_FTTC,CSS_BB_FTTC,CSS Broadband FTTC,Broadband,Active,2025-08-04
SAS00770,CSSC00532,STD_BB_FTTP,CSS_BB_FTTP,CSS Broadband FTTP,Broadband,Active,2025-03-27
CSSS00771,CSSC00547,STD_PSTN_LINE,CSS_PSTN_LINE,CSS PSTN Line,Voice,Active,2025-12-29
SAS00772,CSSC00011,STD_BB_FTTP,CSS_BB_FTTP,CSS Broadband FTTP,Broadband,Active,2025-11-20
SAS00773,CSSC00335,STD_PSTN_LINE,CSS_PSTN_LINE,CSS PSTN Line,Voice,Active,2023-03-06
CSSS00774,CSSC00470,STD_BB_FTTP,CSS_BB_FTTP,CSS Broadband FTTP,Broadband,Active,2023-05-06
SAS00775,CSSC00278,STD_PSTN_LINE,CSS_PSTN_LINE,CSS PSTN Line,Voice,Active,2025-12-01
SAS00776,CSSC00570,STD_BB_FTTP,CSS_BB_FTTP,CSS Broadband FTTP,Broadband,Active,2024-01-25
SAS00777,CSSC00338,STD_BB_FTTP,CSS_BB_FTTP,CSS Broadband FTTP,Broadband,Active,2024-04-30
SAS00778,CSSC00269,STD_PSTN_LINE,CSS_PSTN_LINE,CSS PSTN Line,Voice,Active,2023-08-06
SAS00779,CSSC00887,STD_PSTN_LINE,CSS_PSTN_LINE,CSS PSTN Line,Voice,Active,2025-07-04
CSSS00780,CSSC00049,STD_BB_FTTC,CSS_BB_FTTC,CSS Broadband FTTC,Broadband,Active,2024-12-07
CSSS00781,CSSC00413,STD_BB_FTTC,CSS_BB_FTTC,CSS Broadband FTTC,Broadband,Ceased,2024-12-29
SAS00782,CSSC00992,STD_BB_FTTC,CSS_BB_FTTC,CSS Broadband FTTC,Broadband,Active,2023-07-18
SAS00783,CSSC00197,STD_PSTN_LINE,CSS_PSTN_LINE,CSS PSTN Line,Voice,Pending,2024-08-25
SAS00784,CSSC00515,STD_PSTN_LINE,CSS_PSTN_LINE,CSS PSTN Line,Voice,Ceased,2023-02-09
SAS00785,CSSC00166,STD_BB_FTTP,CSS_BB_FTTP,CSS Broadband FTTP,Broadband,Active,2023-03-13
SAS00786,CSSC00209,STD_BB_FTTP,CSS_BB_FTTP,CSS Broadband FTTP,Broadband,Ceased,2023-09-09
SAS00787,CSSC00303,STD_BB_FTTC,CSS_BB_FTTC,CSS Broadband FTTC,Broadband,Pending,2023-09-27
SAS00788,CSSC00403,STD_BB_FTTC,CSS_BB_FTTC,CSS Broadband FTTC,Broadband,Active,2025-05-14
SAS00789,CSSC00839,STD_BB_FTTP,CSS_BB_FTTP,CSS Broadband FTTP,Broadband,Active,2023-03-21
CSSS00790,CSSC00130,STD_PSTN_LINE,CSS_PSTN_LINE,CSS PSTN Line,Voice,Ceased,2025-06-12
SAS00791,CSSC00955,STD_PSTN_LINE,CSS_PSTN_LINE,CSS PSTN Line,Voice,Active,2024-01-06
SAS00792,CSSC00242,STD_BB_FTTC,CSS_BB_FTTC,CSS Broadband FTTC,Broadband,Active,2024-08-26
SAS00793,CSSC00511,STD_BB_FTTP,CSS_BB_FTTP,CSS Broadband FTTP,Broadband,Ceased,2024-09-13
SAS00794,CSSC00334,STD_BB_FTTC,CSS_BB_FTTC,CSS Broadband FTTC,Broadband,Active,2025-06-14
SAS00795,CSSC00844,STD_PSTN_LINE,CSS_PSTN_LINE,CSS PSTN Line,Voice,Active,2024-10-02
CSSS00796,CSSC00993,STD_PSTN_LINE,CSS_PSTN_LINE,CSS PSTN Line,Voice,Active,2024-12-13
SAS00797,CSSC00849,STD_BB_FTTP,CSS_BB_FTTP,CSS Broadband FTTP,Broadband,Active,2023-01-07
SAS00798,CSSC00675,STD_BB_FTTP,CSS_BB_FTTP,CSS Broadband FTTP,Broadband,Active,2023-05-20
SAS00799,CSSC00243,STD_PSTN_LINE,CSS_PSTN_LINE,CSS PSTN Line,Voice,Active,2025-08-06
SAS00800,CSSC00278,STD_BB_FTTP,CSS_BB_FTTP,CSS Broadband FTTP,Broadband,Active,2024-05-19
SAS00801,CSSC00730,STD_BB_FTTC,CSS_BB_FTTC,CSS Broadband FTTC,Broadband,Active,2023-12-17
SAS00802,CSSC00175,STD_BB_FTTC,CSS_BB_FTTC,CSS Broadband FTTC,Broadband,Active,2024-10-02
SAS00803,CSSC00515,STD_PSTN_LINE,CSS_PSTN_LINE,CSS PSTN Line,Voice,Active,2023-06-22
CSSS00804,CSSC00939,STD_BB_FTTC,CSS_BB_FTTC,CSS Broadband FTTC,Broadband,Inactive,2023-04-07
SAS00805,CSSC00265,STD_PSTN_LINE,CSS_PSTN_LINE,CSS PSTN Line,Voice,Active,2025-08-23
SAS00806,CSSC00220,STD_BB_FTTC,CSS_BB_FTTC,CSS Broadband FTTC,Broadband,Active,2025-06-16
SAS00807,CSSC00874,STD_BB_FTTC,CSS_BB_FTTC,CSS Broadband FTTC,Broadband,Active,2025-08-02
SAS00808,CSSC00720,STD_PSTN_LINE,CSS_PSTN_LINE,CSS PSTN Line,Voice,Active,2024-02-13
SAS00809,CSSC00618,STD_PSTN_LINE,CSS_PSTN_LINE,CSS PSTN Line,Voice,Active,2025-09-27
CSSS00810,CSSC00200,STD_BB_FTTC,CSS_BB_FTTC,CSS Broadband FTTC,Broadband,Active,2023-06-20
SAS00811,CSSC00206,STD_BB_FTTC,CSS_BB_FTTC,CSS Broadband FTTC,Broadband,Active,2024-01-09
SAS00812,CSSC00486,STD_PSTN_LINE,CSS_PSTN_LINE,CSS PSTN Line,Voice,Ceased,2023-05-20
SAS00813,CSSC00557,STD_BB_FTTP,CSS_BB_FTTP,CSS Broadband FTTP,Broadband,Active,2025-06-09
SAS00814,CSSC00321,STD_PSTN_LINE,CSS_PSTN_LINE,CSS PSTN Line,Voice,Active,2024-09-18
SAS00815,CSSC00218,STD_BB_FTTC,CSS_BB_FTTC,CSS Broadband FTTC,Broadband,Active,2025-09-15
CSSS00816,CSSC00052,STD_BB_FTTC,CSS_BB_FTTC,CSS Broadband FTTC,Broadband,Active,2023-08-08
SAS00817,CSSC00193,STD_BB_FTTP,CSS_BB_FTTP,CSS Broadband FTTP,Broadband,Inactive,2025-10-13
SAS00818,CSSC00761,STD_PSTN_LINE,CSS_PSTN_LINE,CSS PSTN Line,Voice,Active,2025-03-25
SAS00819,CSSC00318,STD_BB_FTTC,CSS_BB_FTTC,CSS Broadband FTTC,Broadband,Inactive,2023-10-07
SAS00820,CSSC00910,STD_PSTN_LINE,CSS_PSTN_LINE,CSS PSTN Line,Voice,Inactive,2024-06-20
SAS00821,CSSC00625,STD_PSTN_LINE,CSS_PSTN_LINE,CSS PSTN Line,Voice,Active,2023-03-01
SAS00822,CSSC00546,STD_BB_FTTC,CSS_BB_FTTC,CSS Broadband FTTC,Broadband,Active,2024-04-11
SAS00823,CSSC00240,STD_BB_FTTP,CSS_BB_FTTP,CSS Broadband FTTP,Broadband,Active,2024-11-28
SAS00824,CSSC00554,STD_BB_FTTC,CSS_BB_FTTC,CSS Broadband FTTC,Broadband,Active,2024-08-17
SAS00825,CSSC00302,STD_PSTN_LINE,CSS_PSTN_LINE,CSS PSTN Line,Voice,Active,2025-11-19
SAS00826,CSSC00770,STD_PSTN_LINE,CSS_PSTN_LINE,CSS PSTN Line,Voice,Inactive,2025-07-26
SAS00827,CSSC00575,STD_BB_FTTC,CSS_BB_FTTC,CSS Broadband FTTC,Broadband,Active,2025-10-01
SAS00828,CSSC00357,STD_PSTN_LINE,CSS_PSTN_LINE,CSS PSTN Line,Voice,Active,2025-11-27
SAS00829,CSSC00053,STD_BB_FTTP,CSS_BB_FTTP,CSS Broadband FTTP,Broadband,Active,2025-08-05
SAS00830,CSSC00919,STD_BB_FTTC,CSS_BB_FTTC,CSS Broadband FTTC,Broadband,Active,2023-06-01
SAS00831,CSSC00554,STD_PSTN_LINE,CSS_PSTN_LINE,CSS PSTN Line,Voice,Active,2025-07-14
SAS00832,CSSC00949,STD_BB_FTTC,CSS_BB_FTTC,CSS Broadband FTTC,Broadband,Active,2024-09-04
SAS00833,CSSC00337,STD_BB_FTTC,CSS_BB_FTTC,CSS Broadband FTTC,Broadband,Inactive,2024-02-27
SAS00834,CSSC00164,STD_BB_FTTC,CSS_BB_FTTC,CSS Broadband FTTC,Broadband,Active,2025-12-07
SAS00835,CSSC00223,STD_BB_FTTC,CSS_BB_FTTC,CSS Broadband FTTC,Broadband,Active,2025-10-26
CSSS00836,CSSC00550,STD_BB_FTTC,CSS_BB_FTTC,CSS Broadband FTTC,Broadband,Active,2024-05-18
SAS00837,CSSC00855,STD_BB_FTTP,CSS_BB_FTTP,CSS Broadband FTTP,Broadband,Active,2024-11-20
SAS00838,CSSC00024,STD_BB_FTTP,CSS_BB_FTTP,CSS Broadband FTTP,Broadband,Active,2023-12-08
CSSS00839,CSSC00591,STD_BB_FTTP,CSS_BB_FTTP,CSS Broadband FTTP,Broadband,Active,2025-05-20
SAS00840,CSSC00227,STD_BB_FTTC,CSS_BB_FTTC,CSS Broadband FTTC,Broadband,Active,2024-10-03
SAS00841,CSSC00022,STD_BB_FTTP,CSS_BB_FTTP,CSS Broadband FTTP,Broadband,Active,2023-01-25
CSSS00842,CSSC00200,STD_BB_FTTC,CSS_BB_FTTC,CSS Broadband FTTC,Broadband,Active,2023-09-06
CSSS00843,CSSC00599,STD_PSTN_LINE,CSS_PSTN_LINE,CSS PSTN Line,Voice,Active,2025-12-26
SAS00844,CSSC00486,STD_BB_FTTP,CSS_BB_FTTP,CSS Broadband FTTP,Broadband,Active,2024-10-07
CSSS00845,CSSC00437,STD_BB_FTTP,CSS_BB_FTTP,CSS Broadband FTTP,Broadband,Active,2025-12-23
SAS00846,CSSC00104,STD_BB_FTTC,CSS_BB_FTTC,CSS Broadband FTTC,Broadband,Active,2023-03-29
SAS00847,CSSC00139,STD_BB_FTTP,CSS_BB_FTTP,CSS Broadband FTTP,Broadband,Active,2024-02-28
SAS00848,CSSC00956,STD_BB_FTTP,CSS_BB_FTTP,CSS Broadband FTTP,Broadband,Inactive,2025-10-13
SAS00849,CSSC00144,STD_BB_FTTP,CSS_BB_FTTP,CSS Broadband FTTP,Broadband,Active,2024-12-15
SAS00850,CSSC00582,STD_BB_FTTP,CSS_BB_FTTP,CSS Broadband FTTP,Broadband,Active,2023-05-04
SAS00851,CSSC00558,STD_PSTN_LINE,CSS_PSTN_LINE,CSS PSTN Line,Voice,Inactive,2025-05-31
SAS00852,CSSC00299,STD_BB_FTTP,CSS_BB_FTTP,CSS Broadband FTTP,Broadband,Active,2024-11-15
SAS00853,CSSC00246,STD_BB_FTTC,CSS_BB_FTTC,CSS Broadband FTTC,Broadband,Active,2025-01-01
SAS00854,CSSC00104,STD_BB_FTTP,CSS_BB_FTTP,CSS Broadband FTTP,Broadband,Active,2023-03-29
SAS00855,CSSC00933,STD_PSTN_LINE,CSS_PSTN_LINE,CSS PSTN Line,Voice,Active,2025-07-24
SAS00856,CSSC00609,STD_BB_FTTP,CSS_BB_FTTP,CSS Broadband FTTP,Broadband,Active,2025-02-13
SAS00857,CSSC00256,STD_PSTN_LINE,CSS_PSTN_LINE,CSS PSTN Line,Voice,Active,2025-02-12
SAS00858,CSSC00837,STD_PSTN_LINE,CSS_PSTN_LINE,CSS PSTN Line,Voice,Active,2023-03-13
SAS00859,CSSC00714,STD_BB_FTTP,CSS_BB_FTTP,CSS Broadband FTTP,Broadband,Ceased,2024-02-24
SAS00860,CSSC00651,STD_PSTN_LINE,CSS_PSTN_LINE,CSS PSTN Line,Voice,Active,2024-06-27
CSSS00861,CSSC00128,STD_BB_FTTP,CSS_BB_FTTP,CSS Broadband FTTP,Broadband,Active,2023-01-03
SAS00862,CSSC00009,STD_BB_FTTC,CSS_BB_FTTC,CSS Broadband FTTC,Broadband,Active,2024-03-03
SAS00863,CSSC00522,STD_BB_FTTC,CSS_BB_FTTC,CSS Broadband FTTC,Broadband,Active,2024-06-14
SAS00864,CSSC00542,STD_BB_FTTC,CSS_BB_FTTC,CSS Broadband FTTC,Broadband,Active,2024-10-11
SAS00865,CSSC00590,STD_PSTN_LINE,CSS_PSTN_LINE,CSS PSTN Line,Voice,Inactive,2025-05-06
SAS00866,CSSC00775,STD_BB_FTTP,CSS_BB_FTTP,CSS Broadband FTTP,Broadband,Active,2023-01-08
SAS00867,CSSC00550,STD_BB_FTTC,CSS_BB_FTTC,CSS Broadband FTTC,Broadband,Active,2025-11-08
SAS00868,CSSC00328,STD_PSTN_LINE,CSS_PSTN_LINE,CSS PSTN Line,Voice,Active,2024-04-30
SAS00869,CSSC00551,STD_PSTN_LINE,CSS_PSTN_LINE,CSS PSTN Line,Voice,Active,2025-10-02
CSSS00870,CSSC00202,STD_BB_FTTP,CSS_BB_FTTP,CSS Broadband FTTP,Broadband,Pending,2023-09-03
SAS00871,CSSC00860,STD_BB_FTTP,CSS_BB_FTTP,CSS Broadband FTTP,Broadband,Active,2023-03-13
SAS00872,CSSC00605,STD_BB_FTTP,CSS_BB_FTTP,CSS Broadband FTTP,Broadband,Active,2023-05-14
SAS00873,CSSC00482,STD_BB_FTTC,CSS_BB_FTTC,CSS Broadband FTTC,Broadband,Active,2025-11-14
SAS00874,CSSC00415,STD_BB_FTTC,CSS_BB_FTTC,CSS Broadband FTTC,Broadband,Active,2023-01-29
CSSS00875,CSSC00735,STD_BB_FTTC,CSS_BB_FTTC,CSS Broadband FTTC,Broadband,Active,2023-08-19
SAS00876,CSSC00525,STD_BB_FTTP,CSS_BB_FTTP,CSS Broadband FTTP,Broadband,Inactive,2023-02-17
SAS00877,CSSC00137,STD_BB_FTTC,CSS_BB_FTTC,CSS Broadband FTTC,Broadband,Inactive,2023-03-22
SAS00878,CSSC00868,STD_BB_FTTP,CSS_BB_FTTP,CSS Broadband FTTP,Broadband,Inactive,2023-06-24
SAS00879,CSSC00365,STD_BB_FTTP,CSS_BB_FTTP,CSS Broadband FTTP,Broadband,Active,2024-07-03
SAS00880,CSSC00058,STD_PSTN_LINE,CSS_PSTN_LINE,CSS PSTN Line,Voice,Active,2024-07-11
SAS00881,CSSC00278,STD_PSTN_LINE,CSS_PSTN_LINE,CSS PSTN Line,Voice,Inactive,2023-06-04
SAS00882,CSSC00631,STD_BB_FTTP,CSS_BB_FTTP,CSS Broadband FTTP,Broadband,Pending,2023-10-23
SAS00883,CSSC00975,STD_PSTN_LINE,CSS_PSTN_LINE,CSS PSTN Line,Voice,Active,2025-08-30
SAS00884,CSSC00262,STD_PSTN_LINE,CSS_PSTN_LINE,CSS PSTN Line,Voice,Active,2024-02-24
SAS00885,CSSC00508,STD_BB_FTTP,CSS_BB_FTTP,CSS Broadband FTTP,Broadband,Inactive,2024-01-15
SAS00886,CSSC00912,STD_BB_FTTC,CSS_BB_FTTC,CSS Broadband FTTC,Broadband,Active,2023-12-20
SAS00887,CSSC00849,STD_BB_FTTC,CSS_BB_FTTC,CSS Broadband FTTC,Broadband,Active,2024-09-17
SAS00888,CSSC00705,STD_PSTN_LINE,CSS_PSTN_LINE,CSS PSTN Line,Voice,Active,2023-01-25
SAS00889,CSSC00712,STD_BB_FTTC,CSS_BB_FTTC,CSS Broadband FTTC,Broadband,Active,2023-11-07
SAS00890,CSSC00344,STD_PSTN_LINE,CSS_PSTN_LINE,CSS PSTN Line,Voice,Active,2025-04-28
SAS00891,CSSC00370,STD_PSTN_LINE,CSS_PSTN_LINE,CSS PSTN Line,Voice,Pending,2023-03-05
SAS00892,CSSC00620,STD_BB_FTTC,CSS_BB_FTTC,CSS Broadband FTTC,Broadband,Active,2025-10-10
SAS00893,CSSC00818,STD_BB_FTTP,CSS_BB_FTTP,CSS Broadband FTTP,Broadband,Active,2025-08-02
SAS00894,CSSC00195,STD_BB_FTTP,CSS_BB_FTTP,CSS Broadband FTTP,Broadband,Active,2025-07-13
SAS00895,CSSC00210,STD_PSTN_LINE,CSS_PSTN_LINE,CSS PSTN Line,Voice,Active,2023-03-26
SAS00896,CSSC00078,STD_BB_FTTC,CSS_BB_FTTC,CSS Broadband FTTC,Broadband,Active,2024-01-16
SAS00897,CSSC00260,STD_PSTN_LINE,CSS_PSTN_LINE,CSS PSTN Line,Voice,Ceased,2024-07-26
CSSS00898,CSSC00508,STD_PSTN_LINE,CSS_PSTN_LINE,CSS PSTN Line,Voice,Active,2023-05-21
SAS00899,CSSC00263,STD_BB_FTTC,CSS_BB_FTTC,CSS Broadband FTTC,Broadband,Active,2023-10-24
SAS00900,CSSC00301,STD_BB_FTTP,CSS_BB_FTTP,CSS Broadband FTTP,Broadband,Ceased,2023-09-27
SAS00901,CSSC00664,STD_PSTN_LINE,CSS_PSTN_LINE,CSS PSTN Line,Voice,Active,2024-01-06
CSSS00902,CSSC00774,STD_BB_FTTP,CSS_BB_FTTP,CSS Broadband FTTP,Broadband,Pending,2023-02-04
SAS00903,CSSC00844,STD_BB_FTTP,CSS_BB_FTTP,CSS Broadband FTTP,Broadband,Inactive,2024-01-05
SAS00904,CSSC00691,STD_PSTN_LINE,CSS_PSTN_LINE,CSS PSTN Line,Voice,Active,2024-12-24
SAS00905,CSSC00134,STD_PSTN_LINE,CSS_PSTN_LINE,CSS PSTN Line,Voice,Active,2025-08-11
CSSS00906,CSSC00571,STD_BB_FTTP,CSS_BB_FTTP,CSS Broadband FTTP,Broadband,Pending,2023-10-02
SAS00907,CSSC00709,STD_PSTN_LINE,CSS_PSTN_LINE,CSS PSTN Line,Voice,Active,2023-08-18
SAS00908,CSSC00109,STD_BB_FTTP,CSS_BB_FTTP,CSS Broadband FTTP,Broadband,Active,2026-01-04
SAS00909,CSSC00175,STD_BB_FTTC,CSS_BB_FTTC,CSS Broadband FTTC,Broadband,Active,2025-04-08
SAS00910,CSSC00751,STD_BB_FTTC,CSS_BB_FTTC,CSS Broadband FTTC,Broadband,Active,2025-04-27
SAS00911,CSSC00811,STD_BB_FTTC,CSS_BB_FTTC,CSS Broadband FTTC,Broadband,Pending,2025-05-12
SAS00912,CSSC00061,STD_BB_FTTC,CSS_BB_FTTC,CSS Broadband FTTC,Broadband,Active,2024-07-05
SAS00913,CSSC00524,STD_BB_FTTP,CSS_BB_FTTP,CSS Broadband FTTP,Broadband,Active,2023-07-01
SAS00914,CSSC00034,STD_BB_FTTP,CSS_BB_FTTP,CSS Broadband FTTP,Broadband,Active,2023-09-25
SAS00915,CSSC00052,STD_PSTN_LINE,CSS_PSTN_LINE,CSS PSTN Line,Voice,Active,2025-12-19
SAS00916,CSSC00966,STD_BB_FTTC,CSS_BB_FTTC,CSS Broadband FTTC,Broadband,Active,2023-09-19
SAS00917,CSSC00236,STD_BB_FTTP,CSS_BB_FTTP,CSS Broadband FTTP,Broadband,Active,2025-06-14
SAS00918,CSSC00041,STD_PSTN_LINE,CSS_PSTN_LINE,CSS PSTN Line,Voice,Active,2025-12-16
CSSS00919,CSSC00192,STD_BB_FTTP,CSS_BB_FTTP,CSS Broadband FTTP,Broadband,Inactive,2023-12-11
SAS00920,CSSC00762,STD_BB_FTTC,CSS_BB_FTTC,CSS Broadband FTTC,Broadband,Active,2023-10-31
CSSS00921,CSSC00337,STD_PSTN_LINE,CSS_PSTN_LINE,CSS PSTN Line,Voice,Active,2024-03-22
SAS00922,CSSC00562,STD_PSTN_LINE,CSS_PSTN_LINE,CSS PSTN Line,Voice,Active,2024-08-20
SAS00923,CSSC00465,STD_PSTN_LINE,CSS_PSTN_LINE,CSS PSTN Line,Voice,Active,2023-01-10
SAS00924,CSSC00787,STD_BB_FTTC,CSS_BB_FTTC,CSS Broadband FTTC,Broadband,Pending,2023-09-06
CSSS00925,CSSC00003,STD_PSTN_LINE,CSS_PSTN_LINE,CSS PSTN Line,Voice,Pending,2023-07-09
SAS00926,CSSC00643,STD_PSTN_LINE,CSS_PSTN_LINE,CSS PSTN Line,Voice,Active,2025-10-09
SAS00927,CSSC00852,STD_BB_FTTP,CSS_BB_FTTP,CSS Broadband FTTP,Broadband,Active,2025-07-30
CSSS00928,CSSC00398,STD_BB_FTTP,CSS_BB_FTTP,CSS Broadband FTTP,Broadband,Inactive,2024-11-20
CSSS00929,CSSC00974,STD_PSTN_LINE,CSS_PSTN_LINE,CSS PSTN Line,Voice,Inactive,2025-05-20
CSSS00930,CSSC00251,STD_BB_FTTC,CSS_BB_FTTC,CSS Broadband FTTC,Broadband,Active,2025-11-20
CSSS00931,CSSC00445,STD_BB_FTTP,CSS_BB_FTTP,CSS Broadband FTTP,Broadband,Active,2024-05-15
SAS00932,CSSC00099,STD_BB_FTTP,CSS_BB_FTTP,CSS Broadband FTTP,Broadband,Active,2023-07-09
SAS00933,CSSC00379,STD_BB_FTTP,CSS_BB_FTTP,CSS Broadband FTTP,Broadband,Active,2023-10-17
SAS00934,CSSC00317,STD_BB_FTTP,CSS_BB_FTTP,CSS Broadband FTTP,Broadband,Active,2024-06-16
SAS00935,CSSC00071,STD_PSTN_LINE,CSS_PSTN_LINE,CSS PSTN Line,Voice,Active,2024-05-04
SAS00936,CSSC00458,STD_PSTN_LINE,CSS_PSTN_LINE,CSS PSTN Line,Voice,Ceased,2024-05-27
SAS00937,CSSC00280,STD_BB_FTTC,CSS_BB_FTTC,CSS Broadband FTTC,Broadband,Active,2023-10-31
CSSS00938,CSSC00564,STD_BB_FTTP,CSS_BB_FTTP,CSS Broadband FTTP,Broadband,Ceased,2023-02-02
SAS00939,CSSC00553,STD_PSTN_LINE,CSS_PSTN_LINE,CSS PSTN Line,Voice,Active,2023-11-08
SAS00940,CSSC00526,STD_PSTN_LINE,CSS_PSTN_LINE,CSS PSTN Line,Voice,Ceased,2024-08-14
SAS00941,CSSC00913,STD_BB_FTTP,CSS_BB_FTTP,CSS Broadband FTTP,Broadband,Active,2024-12-10
SAS00942,CSSC00269,STD_BB_FTTC,CSS_BB_FTTC,CSS Broadband FTTC,Broadband,Ceased,2025-08-15
SAS00943,CSSC00653,STD_PSTN_LINE,CSS_PSTN_LINE,CSS PSTN Line,Voice,Active,2023-11-24
CSSS00944,CSSC00466,STD_BB_FTTC,CSS_BB_FTTC,CSS Broadband FTTC,Broadband,Active,2023-11-23
SAS00945,CSSC00574,STD_BB_FTTP,CSS_BB_FTTP,CSS Broadband FTTP,Broadband,Active,2024-11-10
SAS00946,CSSC00429,STD_BB_FTTP,CSS_BB_FTTP,CSS Broadband FTTP,Broadband,Active,2024-11-01
SAS00947,CSSC00682,STD_BB_FTTC,CSS_BB_FTTC,CSS Broadband FTTC,Broadband,Active,2023-03-06
CSSS00948,CSSC00225,STD_BB_FTTC,CSS_BB_FTTC,CSS Broadband FTTC,Broadband,Active,2023-02-18
SAS00949,CSSC00249,STD_BB_FTTC,CSS_BB_FTTC,CSS Broadband FTTC,Broadband,Active,2023-03-02
SAS00950,CSSC00930,STD_PSTN_LINE,CSS_PSTN_LINE,CSS PSTN Line,Voice,Pending,2023-09-18
SAS00951,CSSC00643,STD_BB_FTTC,CSS_BB_FTTC,CSS Broadband FTTC,Broadband,Active,2023-09-14
SAS00952,CSSC00970,STD_BB_FTTP,CSS_BB_FTTP,CSS Broadband FTTP,Broadband,Active,2025-10-16
SAS00953,CSSC00333,STD_BB_FTTC,CSS_BB_FTTC,CSS Broadband FTTC,Broadband,Inactive,2024-06-13
SAS00954,CSSC00994,STD_PSTN_LINE,CSS_PSTN_LINE,CSS PSTN Line,Voice,Active,2023-10-23
SAS00955,CSSC00225,STD_BB_FTTP,CSS_BB_FTTP,CSS Broadband FTTP,Broadband,Active,2023-02-21
CSSS00956,CSSC00243,STD_BB_FTTC,CSS_BB_FTTC,CSS Broadband FTTC,Broadband,Active,2024-02-24
CSSS00957,CSSC00866,STD_PSTN_LINE,CSS_PSTN_LINE,CSS PSTN Line,Voice,Active,2025-05-13
SAS00958,CSSC00548,STD_BB_FTTC,CSS_BB_FTTC,CSS Broadband FTTC,Broadband,Ceased,2023-07-27
SAS00959,CSSC00470,STD_PSTN_LINE,CSS_PSTN_LINE,CSS PSTN Line,Voice,Active,2025-07-16
SAS00960,CSSC00868,STD_BB_FTTC,CSS_BB_FTTC,CSS Broadband FTTC,Broadband,Inactive,2024-12-20
SAS00961,CSSC00976,STD_PSTN_LINE,CSS_PSTN_LINE,CSS PSTN Line,Voice,Active,2023-06-06
SAS00962,CSSC00453,STD_BB_FTTP,CSS_BB_FTTP,CSS Broadband FTTP,Broadband,Active,2025-06-24
SAS00963,CSSC00810,STD_BB_FTTP,CSS_BB_FTTP,CSS Broadband FTTP,Broadband,Active,2023-06-14
SAS00964,CSSC00655,STD_BB_FTTP,CSS_BB_FTTP,CSS Broadband FTTP,Broadband,Active,2025-04-25
SAS00965,CSSC00523,STD_PSTN_LINE,CSS_PSTN_LINE,CSS PSTN Line,Voice,Active,2024-09-09
SAS00966,CSSC00321,STD_PSTN_LINE,CSS_PSTN_LINE,CSS PSTN Line,Voice,Inactive,2024-09-21
SAS00967,CSSC00900,STD_BB_FTTP,CSS_BB_FTTP,CSS Broadband FTTP,Broadband,Active,2023-11-09
SAS00968,CSSC00345,STD_BB_FTTC,CSS_BB_FTTC,CSS Broadband FTTC,Broadband,Active,2024-06-01
SAS00969,CSSC00168,STD_PSTN_LINE,CSS_PSTN_LINE,CSS PSTN Line,Voice,Active,2023-12-19
SAS00970,CSSC00708,STD_BB_FTTC,CSS_BB_FTTC,CSS Broadband FTTC,Broadband,Active,2023-06-30
SAS00971,CSSC00728,STD_PSTN_LINE,CSS_PSTN_LINE,CSS PSTN Line,Voice,Active,2023-06-14
SAS00972,CSSC00003,STD_BB_FTTC,CSS_BB_FTTC,CSS Broadband FTTC,Broadband,Active,2024-09-20
SAS00973,CSSC00808,STD_PSTN_LINE,CSS_PSTN_LINE,CSS PSTN Line,Voice,Inactive,2025-10-26
SAS00974,CSSC00541,STD_BB_FTTC,CSS_BB_FTTC,CSS Broadband FTTC,Broadband,Active,2025-05-09
SAS00975,CSSC00415,STD_BB_FTTC,CSS_BB_FTTC,CSS Broadband FTTC,Broadband,Active,2024-12-12
SAS00976,CSSC00045,STD_BB_FTTC,CSS_BB_FTTC,CSS Broadband FTTC,Broadband,Active,2025-01-29
CSSS00977,CSSC00286,STD_PSTN_LINE,CSS_PSTN_LINE,CSS PSTN Line,Voice,Active,2024-05-21
CSSS00978,CSSC00412,STD_BB_FTTP,CSS_BB_FTTP,CSS Broadband FTTP,Broadband,Active,2025-12-17
SAS00979,CSSC00246,STD_PSTN_LINE,CSS_PSTN_LINE,CSS PSTN Line,Voice,Active,2025-10-31
SAS00980,CSSC00208,STD_BB_FTTC,CSS_BB_FTTC,CSS Broadband FTTC,Broadband,Pending,2024-02-17
SAS00981,CSSC00848,STD_BB_FTTP,CSS_BB_FTTP,CSS Broadband FTTP,Broadband,Active,2023-04-12
SAS00982,CSSC00034,STD_BB_FTTC,CSS_BB_FTTC,CSS Broadband FTTC,Broadband,Active,2025-08-30
SAS00983,CSSC00769,STD_PSTN_LINE,CSS_PSTN_LINE,CSS PSTN Line,Voice,Active,2025-08-13
SAS00984,CSSC00047,STD_BB_FTTC,CSS_BB_FTTC,CSS Broadband FTTC,Broadband,Active,2025-03-05
SAS00985,CSSC00963,STD_PSTN_LINE,CSS_PSTN_LINE,CSS PSTN Line,Voice,Active,2023-04-15
SAS00986,CSSC00596,STD_BB_FTTC,CSS_BB_FTTC,CSS Broadband FTTC,Broadband,Inactive,2025-08-13
SAS00987,CSSC00374,STD_PSTN_LINE,CSS_PSTN_LINE,CSS PSTN Line,Voice,Active,2023-06-07
SAS00988,CSSC00229,STD_PSTN_LINE,CSS_PSTN_LINE,CSS PSTN Line,Voice,Active,2023-09-02
SAS00989,CSSC00572,STD_BB_FTTP,CSS_BB_FTTP,CSS Broadband FTTP,Broadband,Inactive,2025-06-27
SAS00990,CSSC00141,STD_PSTN_LINE,CSS_PSTN_LINE,CSS PSTN Line,Voice,Active,2023-04-26
SAS00991,CSSC00969,STD_BB_FTTP,CSS_BB_FTTP,CSS Broadband FTTP,Broadband,Active,2025-11-14
SAS00992,CSSC01000,STD_BB_FTTC,CSS_BB_FTTC,CSS Broadband FTTC,Broadband,Active,2024-02-20
SAS00993,CSSC00603,STD_BB_FTTP,CSS_BB_FTTP,CSS Broadband FTTP,Broadband,Active,2025-09-12
SAS00994,CSSC00203,STD_BB_FTTC,CSS_BB_FTTC,CSS Broadband FTTC,Broadband,Inactive,2023-03-24
CSSS00995,CSSC00885,STD_BB_FTTC,CSS_BB_FTTC,CSS Broadband FTTC,Broadband,Ceased,2024-01-08
SAS00996,CSSC00690,STD_BB_FTTP,CSS_BB_FTTP,CSS Broadband FTTP,Broadband,Active,2024-12-21
CSSS00997,CSSC00033,STD_BB_FTTC,CSS_BB_FTTC,CSS Broadband FTTC,Broadband,Active,2024-08-23
SAS00998,CSSC00219,STD_BB_FTTC,CSS_BB_FTTC,CSS Broadband FTTC,Broadband,Pending,2023-11-29
CSSS00999,CSSC00600,STD_BB_FTTP,CSS_BB_FTTP,CSS Broadband FTTP,Broadband,Pending,2025-02-22
SAS01000,CSSC00266,STD_BB_FTTC,CSS_BB_FTTC,CSS Broadband FTTC,Broadband,Active,2025-03-07
