css_customer_id,customer_name,customer_status,segment
CSSC00001,Customer 00001,Active,Enterprise
CSSC00002,Customer 00002,Active,Enterprise
CSSC00003,Customer 00003,Active,SME
CSSC00004,Customer 00004,Active,SME
CSSC00005,Customer 00005,Active,Consumer
CSSC00006,Customer 00006,Active,SME
CSSC00007,Customer 00007,Active,SME
CSSC00008,Customer 00008,Active,Enterprise
CSSC00009,Customer 00009,Active,SME
CSSC00010,Customer 00010,Active,SME
CSSC00011,Customer 00011,Active,SME
CSSC00012,Customer 00012,Active,Enterprise
CSSC00013,Customer 00013,Active,SME
CSSC00014,Customer 00014,Active,SME
CSSC00015,Customer 00015,Inactive,Consumer
CSSC00016,Customer 00016,Active,SME
CSSC00017,Customer 00017,Active,Consumer
CSSC00018,Customer 00018,Active,Consumer
CSSC00019,Customer 00019,Active,Consumer
CSSC00020,Customer 00020,Active,Consumer
CSSC00021,Customer 00021,Active,Consumer
CSSC00022,Customer 00022,Active,Consumer
CSSC00023,Customer 00023,Active,Consumer
CSSC00024,Customer 00024,Active,Consumer
CSSC00025,Customer 00025,Active,SME
CSSC00026,Customer 00026,Active,Enterprise
CSSC00027,Customer 00027,Active,Enterprise
CSSC00028,Customer 00028,Active,SME
CSSC00029,Customer 00029,Active,SME
CSSC00030,Customer 00030,Active,Consumer
CSSC00031,Customer 00031,Active,Consumer
CSSC00032,Customer 00032,Active,Consumer
CSSC00033,Customer 00033,Inactive,Consumer
CSSC00034,Customer 00034,Active,Enterprise
CSSC00035,Customer 00035,Inactive,Consumer
CSSC00036,Customer 00036,Active,Enterprise
CSSC00037,Customer 00037,Active,Consumer
CSSC00038,Customer 00038,Active,SME
CSSC00039,Customer 00039,Active,Enterprise
CSSC00040,Customer 00040,Active,Consumer
CSSC00041,Customer 00041,Active,SME
CSSC00042,Customer 00042,Active,Consumer
CSSC00043,Customer 00043,Active,Enterprise
CSSC00044,Customer 00044,Active,Consumer
CSSC00045,Customer 00045,Active,Enterprise
CSSC00046,Customer 00046,Active,Consumer
CSSC00047,Customer 00047,Inactive,SME
CSSC00048,Customer 00048,Active,Enterprise
CSSC00049,Customer 00049,Active,Consumer
CSSC00050,Customer 00050,Active,Enterprise
CSSC00051,Customer 00051,Active,Consumer
CSSC00052,Customer 00052,Active,SME
CSSC00053,Customer 00053,Active,Consumer
CSSC00054,Customer 00054,Active,Enterprise
CSSC00055,Customer 00055,Active,SME
CSSC00056,Customer 00056,Active,Enterprise
CSSC00057,Customer 00057,Active,Consumer
CSSC00058,Customer 00058,Active,SME
CSSC00059,Customer 00059,Active,Enterprise
CSSC00060,Customer 00060,Active,Enterprise
CSSC00061,Customer 00061,Active,Consumer
CSSC00062,Customer 00062,Active,Consumer
CSSC00063,Customer 00063,Active,Enterprise
CSSC00064,Customer 00064,Active,SME
CSSC00065,Customer 00065,Active,Enterprise
CSSC00066,Customer 00066,Active,Enterprise
CSSC00067,Customer 00067,Active,SME
CSSC00068,Customer 00068,Active,SME
CSSC00069,Customer 00069,Active,Enterprise
CSSC00070,Customer 00070,Active,Consumer
CSSC00071,Customer 00071,Active,Enterprise
CSSC00072,Customer 00072,Active,SME
CSSC00073,Customer 00073,Active,SME
CSSC00074,Customer 00074,Active,SME
CSSC00075,Customer 00075,Active,SME
CSSC00076,Customer 00076,Active,Enterprise
CSSC00077,Customer 00077,Active,Enterprise
CSSC00078,Customer 00078,Active,Enterprise
CSSC00079,Customer 00079,Active,SME
CSSC00080,Customer 00080,Active,SME
CSSC00081,Customer 00081,Inactive,SME
CSSC00082,Customer 00082,Active,SME
CSSC00083,Customer 00083,Active,Consumer
CSSC00084,Customer 00084,Active,SME
CSSC00085,Customer 00085,Active,Consumer
CSSC00086,Customer 00086,Active,SME
CSSC00087,Customer 00087,Active,Enterprise
CSSC00088,Customer 00088,Active,SME
CSSC00089,Customer 00089,Active,Enterprise
CSSC00090,Customer 00090,Inactive,Consumer
CSSC00091,Customer 00091,Active,Consumer
CSSC00092,Customer 00092,Active,Consumer
CSSC00093,Customer 00093,Active,Consumer
CSSC00094,Customer 00094,Active,Consumer
CSSC00095,Customer 00095,Active,SME
CSSC00096,Customer 00096,Active,Enterprise
CSSC00097,Customer 00097,Active,Consumer
CSSC00098,Customer 00098,Active,Enterprise
CSSC00099,Customer 00099,Active,SME
CSSC00100,Customer 00100,Inactive,Consumer
CSSC00101,Customer 00101,Active,Enterprise
CSSC00102,Customer 00102,Active,Consumer
CSSC00103,Customer 00103,Active,SME
CSSC00104,Customer 00104,Active,Enterprise
CSSC00105,Customer 00105,Active,Consumer
CSSC00106,Customer 00106,Active,SME
CSSC00107,Customer 00107,Active,SME
CSSC00108,Customer 00108,Active,SME
CSSC00109,Customer 00109,Active,SME
CSSC00110,Customer 00110,Active,Enterprise
CSSC00111,Customer 00111,Active,Enterprise
CSSC00112,Customer 00112,Active,Consumer
CSSC00113,Customer 00113,Active,SME
CSSC00114,Customer 00114,Active,Enterprise
CSSC00115,Customer 00115,Active,SME
CSSC00116,Customer 00116,Active,SME
CSSC00117,Customer 00117,Active,SME
CSSC00118,Customer 00118,Active,Consumer
CSSC00119,Customer 00119,Active,SME
CSSC00120,Customer 00120,Active,SME
CSSC00121,Customer 00121,Active,SME
CSSC00122,Customer 00122,Active,Enterprise
CSSC00123,Customer 00123,Active,SME
CSSC00124,Customer 00124,Active,Consumer
CSSC00125,Customer 00125,Inactive,Enterprise
CSSC00126,Customer 00126,Active,Consumer
CSSC00127,Customer 00127,Active,Enterprise
CSSC00128,Customer 00128,Active,Consumer
CSSC00129,Customer 00129,Active,SME
CSSC00130,Customer 00130,Active,SME
CSSC00131,Customer 00131,Active,Consumer
CSSC00132,Customer 00132,Active,Consumer
CSSC00133,Customer 00133,Active,Consumer
CSSC00134,Customer 00134,Active,SME
CSSC00135,Customer 00135,Active,Enterprise
CSSC00136,Customer 00136,Active,SME
CSSC00137,Customer 00137,Active,Consumer
CSSC00138,Customer 00138,Active,SME
CSSC00139,Customer 00139,Active,SME
CSSC00140,Customer 00140,Active,Consumer
CSSC00141,Customer 00141,Active,Consumer
CSSC00142,Customer 00142,Active,SME
CSSC00143,Customer 00143,Active,Enterprise
CSSC00144,Customer 00144,Active,Consumer
CSSC00145,Customer 00145,Active,SME
CSSC00146,Customer 00146,Active,SME
CSSC00147,Customer 00147,Active,Enterprise
CSSC00148,Customer 00148,Active,Enterprise
CSSC00149,Customer 00149,Active,Enterprise
CSSC00150,Customer 00150,Active,SME
CSSC00151,Customer 00151,Active,Enterprise
CSSC00152,Customer 00152,Active,Enterprise
CSSC00153,Customer 00153,Active,SME
CSSC00154,Customer 00154,Active,SME
CSSC00155,Customer 00155,Active,Consumer
CSSC00156,Customer 00156,Active,Consumer
CSSC00157,Customer 00157,Active,Consumer
CSSC00158,Customer 00158,Active,Enterprise
CSSC00159,Customer 00159,Active,Consumer
CSSC00160,Customer 00160,Active,Consumer
CSSC00161,Customer 00161,Active,SME
CSSC00162,Customer 00162,Active,Enterprise
CSSC00163,Customer 00163,Active,SME
CSSC00164,Customer 00164,Active,SME
CSSC00165,Customer 00165,Active,Consumer
CSSC00166,Customer 00166,Active,SME
CSSC00167,Customer 00167,Active,Enterprise
CSSC00168,Customer 00168,Active,Consumer
CSSC00169,Customer 00169,Active,SME
CSSC00170,Customer 00170,Active,SME
CSSC00171,Customer 00171,Active,Enterprise
CSSC00172,Customer 00172,Active,Consumer
CSSC00173,Customer 00173,Active,Enterprise
CSSC00174,Customer 00174,Active,Consumer
CSSC00175,Customer 00175,Active,Consumer
CSSC00176,Customer 00176,Active,SME
CSSC00177,Customer 00177,Active,Enterprise
CSSC00178,Customer 00178,Active,Enterprise
CSSC00179,Customer 00179,Active,Enterprise
CSSC00180,Customer 00180,Active,SME
CSSC00181,Customer 00181,Active,Consumer
CSSC00182,Customer 00182,Active,Consumer
CSSC00183,Customer 00183,Active,Enterprise
CSSC00184,Customer 00184,Active,SME
CSSC00185,Customer 00185,Inactive,SME
CSSC00186,Customer 00186,Active,SME
CSSC00187,Customer 00187,Active,SME
CSSC00188,Customer 00188,Active,Consumer
CSSC00189,Customer 00189,Active,Enterprise
CSSC00190,Customer 00190,Active,Enterprise
CSSC00191,Customer 00191,Active,Consumer
CSSC00192,Customer 00192,Active,SME
CSSC00193,Customer 00193,Active,SME
CSSC00194,Customer 00194,Active,Consumer
CSSC00195,Customer 00195,Active,Enterprise
CSSC00196,Customer 00196,Active,Enterprise
CSSC00197,Customer 00197,Active,Consumer
CSSC00198,Customer 00198,Active,Consumer
CSSC00199,Customer 00199,Active,Consumer
CSSC00200,Customer 00200,Inactive,Consumer
CSSC00201,Customer 00201,Active,SME
CSSC00202,Customer 00202,Active,Enterprise
CSSC00203,Customer 00203,Active,Consumer
CSSC00204,Customer 00204,Active,SME
CSSC00205,Customer 00205,Active,Enterprise
CSSC00206,Customer 00206,Active,SME
CSSC00207,Customer 00207,Active,Consumer
CSSC00208,Customer 00208,Active,Consumer
CSSC00209,Customer 00209,Active,Enterprise
CSSC00210,Customer 00210,Active,SME
CSSC00211,Customer 00211,Active,Enterprise
CSSC00212,Customer 00212,Active,Enterprise
CSSC00213,Customer 00213,Active,Consumer
CSSC00214,Customer 00214,Active,Consumer
CSSC00215,Customer 00215,Active,Enterprise
CSSC00216,Customer 00216,Active,SME
CSSC00217,Customer 00217,Active,SME
CSSC00218,Customer 00218,Active,Consumer
CSSC00219,Customer 00219,Active,Enterprise
CSSC00220,Customer 00220,Active,Consumer
CSSC00221,Customer 00221,Active,SME
CSSC00222,Customer 00222,Active,Enterprise
CSSC00223,Customer 00223,Active,Consumer
CSSC00224,Customer 00224,Active,Enterprise
CSSC00225,Customer 00225,Active,SME
CSSC00226,Customer 00226,Active,Consumer
CSSC00227,Customer 00227,Active,Consumer
CSSC00228,Customer 00228,Active,Consumer
CSSC00229,Customer 00229,Active,Enterprise
CSSC00230,Customer 00230,Active,SME
CSSC00231,Customer 00231,Active,Enterprise
CSSC00232,Customer 00232,Active,Enterprise
CSSC00233,Customer 00233,Active,SME
CSSC00234,Customer 00234,Active,Enterprise
CSSC00235,Customer 00235,Active,Enterprise
CSSC00236,Customer 00236,Active,SME
CSSC00237,Customer 00237,Active,Consumer
CSSC00238,Customer 00238,Active,Consumer
CSSC00239,Customer 00239,Active,SME
CSSC00240,Customer 00240,Active,Enterprise
CSSC00241,Customer 00241,Active,SME
CSSC00242,Customer 00242,Active,SME
CSSC00243,Customer 00243,Active,Consumer
CSSC00244,Customer 00244,Inactive,SME
CSSC00245,Customer 00245,Active,SME
CSSC00246,Customer 00246,Active,Enterprise
CSSC00247,Customer 00247,Active,Consumer
CSSC00248,Customer 00248,Active,Consumer
CSSC00249,Customer 00249,Active,Consumer
CSSC00250,Customer 00250,Active,Consumer
CSSC00251,Customer 00251,Inactive,Consumer
CSSC00252,Customer 00252,Active,SME
CSSC00253,Customer 00253,Active,Consumer
CSSC00254,Customer 00254,Active,SME
CSSC00255,Customer 00255,Active,Consumer
CSSC00256,Customer 00256,Inactive,Enterprise
CSSC00257,Customer 00257,Active,Consumer
CSSC00258,Customer 00258,Active,Enterprise
CSSC00259,Customer 00259,Active,Consumer
CSSC00260,Customer 00260,Active,SME
CSSC00261,Customer 00261,Active,SME
CSSC00262,Customer 00262,Inactive,Consumer
CSSC00263,Customer 00263,Active,Enterprise
CSSC00264,Customer 00264,Active,Enterprise
CSSC00265,Customer 00265,Active,SME
CSSC00266,Customer 00266,Active,Consumer
CSSC00267,Customer 00267,Active,Consumer
CSSC00268,Customer 00268,Active,Enterprise
CSSC00269,Customer 00269,Active,SME
CSSC00270,Customer 00270,Active,Enterprise
CSSC00271,Customer 00271,Active,Consumer
CSSC00272,Customer 00272,Active,Consumer
CSSC00273,Customer 00273,Active,SME
CSSC00274,Customer 00274,Active,Consumer
CSSC00275,Customer 00275,Active,SME
CSSC00276,Customer 00276,Active,SME
CSSC00277,Customer 00277,Active,Consumer
CSSC00278,Customer 00278,Active,Consumer
CSSC00279,Customer 00279,Active,SME
CSSC00280,Customer 00280,Active,Enterprise
CSSC00281,Customer 00281,Active,SME
CSSC00282,Customer 00282,Active,SME
CSSC00283,Customer 00283,Inactive,Consumer
CSSC00284,Customer 00284,Active,SME
CSSC00285,Customer 00285,Active,Enterprise
CSSC00286,Customer 00286,Active,Enterprise
CSSC00287,Customer 00287,Active,SME
CSSC00288,Customer 00288,Active,Enterprise
CSSC00289,Customer 00289,Active,Consumer
CSSC00290,Customer 00290,Active,Enterprise
CSSC00291,Customer 00291,Active,SME
CSSC00292,Customer 00292,Active,SME
CSSC00293,Customer 00293,Active,SME
CSSC00294,Customer 00294,Active,SME
CSSC00295,Customer 00295,Active,SME
CSSC00296,Customer 00296,Active,Enterprise
CSSC00297,Customer 00297,Active,Enterprise
CSSC00298,Customer 00298,Active,SME
CSSC00299,Customer 00299,Active,SME
CSSC00300,Customer 00300,Active,SME
CSSC00301,Customer 00301,Active,Consumer
CSSC00302,Customer 00302,Active,SME
CSSC00303,Customer 00303,Active,SME
CSSC00304,Customer 00304,Active,SME
CSSC00305,Customer 00305,Active,SME
CSSC00306,Customer 00306,Active,SME
CSSC00307,Customer 00307,Inactive,Enterprise
CSSC00308,Customer 00308,Active,Enterprise
CSSC00309,Customer 00309,Active,Consumer
CSSC00310,Customer 00310,Active,SME
CSSC00311,Customer 00311,Active,Enterprise
CSSC00312,Customer 00312,Active,SME
CSSC00313,Customer 00313,Active,Enterprise
CSSC00314,Customer 00314,Active,Enterprise
CSSC00315,Customer 00315,Active,Consumer
CSSC00316,Customer 00316,Active,SME
CSSC00317,Customer 00317,Active,SME
CSSC00318,Customer 00318,Active,Enterprise
CSSC00319,Customer 00319,Active,Enterprise
CSSC00320,Customer 00320,Active,Consumer
CSSC00321,Customer 00321,Active,Enterprise
CSSC00322,Customer 00322,Active,Consumer
CSSC00323,Customer 00323,Active,Enterprise
CSSC00324,Customer 00324,Active,SME
CSSC00325,Customer 00325,Active,SME
CSSC00326,Customer 00326,Active,SME
CSSC00327,Customer 00327,Active,SME
CSSC00328,Customer 00328,Active,SME
CSSC00329,Customer 00329,Active,SME
CSSC00330,Customer 00330,Active,Enterprise
CSSC00331,Customer 00331,Active,Consumer
CSSC00332,Customer 00332,Active,Enterprise
CSSC00333,Customer 00333,Active,Enterprise
CSSC00334,Customer 00334,Active,Consumer
CSSC00335,Customer 00335,Active,Enterprise
CSSC00336,Customer 00336,Active,SME
CSSC00337,Customer 00337,Active,Consumer
CSSC00338,Customer 00338,Active,SME
CSSC00339,Customer 00339,Active,SME
CSSC00340,Customer 00340,Active,Consumer
CSSC00341,Customer 00341,Active,Consumer
CSSC00342,Customer 00342,Inactive,Consumer
CSSC00343,Customer 00343,Active,Consumer
CSSC00344,Customer 00344,Active,Consumer
CSSC00345,Customer 00345,Active,Enterprise
CSSC00346,Customer 00346,Active,SME
CSSC00347,Customer 00347,Active,Consumer
CSSC00348,Customer 00348,Active,SME
CSSC00349,Customer 00349,Active,Consumer
CSSC00350,Customer 00350,Active,SME
CSSC00351,Customer 00351,Active,SME
CSSC00352,Customer 00352,Active,SME
CSSC00353,Customer 00353,Active,SME
CSSC00354,Customer 00354,Active,Enterprise
CSSC00355,Customer 00355,Active,SME
CSSC00356,Customer 00356,Inactive,SME
CSSC00357,Customer 00357,Active,Consumer
CSSC00358,Customer 00358,Active,SME
CSSC00359,Customer 00359,Active,SME
CSSC00360,Customer 00360,Active,Consumer
CSSC00361,Customer 00361,Active,Enterprise
CSSC00362,Customer 00362,Active,SME
CSSC00363,Customer 00363,Inactive,Enterprise
CSSC00364,Customer 00364,Active,Consumer
CSSC00365,Customer 00365,Active,SME
CSSC00366,Customer 00366,Active,Consumer
CSSC00367,Customer 00367,Active,Enterprise
CSSC00368,Customer 00368,Active,Consumer
CSSC00369,Customer 00369,Active,Enterprise
CSSC00370,Customer 00370,Active,Consumer
CSSC00371,Customer 00371,Active,Enterprise
CSSC00372,Customer 00372,Active,Enterprise
CSSC00373,Customer 00373,Inactive,Consumer
CSSC00374,Customer 00374,Active,Enterprise
CSSC00375,Customer 00375,Active,SME
CSSC00376,Customer 00376,Active,SME
CSSC00377,Customer 00377,Active,Enterprise
CSSC00378,Customer 00378,Active,Enterprise
CSSC00379,Customer 00379,Active,Enterprise
CSSC00380,Customer 00380,Active,Enterprise
CSSC00381,Customer 00381,Active,SME
CSSC00382,Customer 00382,Active,SME
CSSC00383,Customer 00383,Active,Enterprise
CSSC00384,Customer 00384,Active,Consumer
CSSC00385,Customer 00385,Active,Consumer
CSSC00386,Customer 00386,Active,SME
CSSC00387,Customer 00387,Active,SME
CSSC00388,Customer 00388,Active,Consumer
CSSC00389,Customer 00389,Active,Enterprise
CSSC00390,Customer 00390,Active,Consumer
CSSC00391,Customer 00391,Active,Consumer
CSSC00392,Customer 00392,Active,SME
CSSC00393,Customer 00393,Active,SME
CSSC00394,Customer 00394,Active,Enterprise
CSSC00395,Customer 00395,Inactive,SME
CSSC00396,Customer 00396,Active,Consumer
CSSC00397,Customer 00397,Active,Enterprise
CSSC00398,Customer 00398,Active,SME
CSSC00399,Customer 00399,Active,SME
CSSC00400,Customer 00400,Active,Consumer
CSSC00401,Customer 00401,Active,Consumer
CSSC00402,Customer 00402,Active,Enterprise
CSSC00403,Customer 00403,Active,SME
CSSC00404,Customer 00404,Active,Enterprise
CSSC00405,Customer 00405,Active,Enterprise
CSSC00406,Customer 00406,Active,Enterprise
CSSC00407,Customer 00407,Active,Enterprise
CSSC00408,Customer 00408,Active,SME
CSSC00409,Customer 00409,Active,SME
CSSC00410,Customer 00410,Active,SME
CSSC00411,Customer 00411,Active,Consumer
CSSC00412,Customer 00412,Active,Enterprise
CSSC00413,Customer 00413,Active,SME
CSSC00414,Customer 00414,Active,Consumer
CSSC00415,Customer 00415,Inactive,Consumer
CSSC00416,Customer 00416,Active,Consumer
CSSC00417,Customer 00417,Active,Consumer
CSSC00418,Customer 00418,Active,SME
CSSC00419,Customer 00419,Active,Enterprise
CSSC00420,Customer 00420,Active,SME
CSSC00421,Customer 00421,Active,Enterprise
CSSC00422,Customer 00422,Active,SME
CSSC00423,Customer 00423,Active,Consumer
CSSC00424,Customer 00424,Active,Consumer
CSSC00425,Customer 00425,Active,Enterprise
CSSC00426,Customer 00426,Active,Consumer
CSSC00427,Customer 00427,Active,Enterprise
CSSC00428,Customer 00428,Active,Consumer
CSSC00429,Customer 00429,Active,SME
CSSC00430,Customer 00430,Active,Consumer
CSSC00431,Customer 00431,Active,Consumer
CSSC00432,Customer 00432,Active,Consumer
CSSC00433,Customer 00433,Active,Consumer
CSSC00434,Customer 00434,Active,SME
CSSC00435,Customer 00435,Active,Consumer
CSSC00436,Customer 00436,Active,SME
CSSC00437,Customer 00437,Active,Enterprise
CSSC00438,Customer 00438,Active,Consumer
CSSC00439,Customer 00439,Active,Consumer
CSSC00440,Customer 00440,Active,Consumer
CSSC00441,Customer 00441,Active,Consumer
CSSC00442,Customer 00442,Active,Consumer
CSSC00443,Customer 00443,Active,Consumer
CSSC00444,Customer 00444,Active,SME
CSSC00445,Customer 00445,Active,SME
CSSC00446,Customer 00446,Inactive,SME
CSSC00447,Customer 00447,Active,SME
CSSC00448,Customer 00448,Active,SME
CSSC00449,Customer 00449,Active,Consumer
CSSC00450,Customer 00450,Active,Enterprise
CSSC00451,Customer 00451,Inactive,SME
CSSC00452,Customer 00452,Active,Consumer
CSSC00453,Customer 00453,Active,Consumer
CSSC00454,Customer 00454,Active,Enterprise
CSSC00455,Customer 00455,Active,Enterprise
CSSC00456,Customer 00456,Active,Enterprise
CSSC00457,Customer 00457,Active,Enterprise
CSSC00458,Customer 00458,Active,SME
CSSC00459,Customer 00459,Active,SME
CSSC00460,Customer 00460,Active,SME
CSSC00461,Customer 00461,Active,Consumer
CSSC00462,Customer 00462,Active,Consumer
CSSC00463,Customer 00463,Active,Consumer
CSSC00464,Customer 00464,Active,SME
CSSC00465,Customer 00465,Active,Enterprise
CSSC00466,Customer 00466,Active,SME
CSSC00467,Customer 00467,Active,Enterprise
CSSC00468,Customer 00468,Active,SME
CSSC00469,Customer 00469,Active,SME
CSSC00470,Customer 00470,Active,SME
CSSC00471,Customer 00471,Active,Enterprise
CSSC00472,Customer 00472,Active,Enterprise
CSSC00473,Customer 00473,Inactive,Enterprise
CSSC00474,Customer 00474,Active,Enterprise
CSSC00475,Customer 00475,Active,SME
CSSC00476,Customer 00476,Active,SME
CSSC00477,Customer 00477,Inactive,Enterprise
CSSC00478,Customer 00478,Active,Enterprise
CSSC00479,Customer 00479,Active,Enterprise
CSSC00480,Customer 00480,Active,SME
CSSC00481,Customer 00481,Active,Enterprise
CSSC00482,Customer 00482,Active,SME
CSSC00483,Customer 00483,Inactive,SME
CSSC00484,Customer 00484,Inactive,Enterprise
CSSC00485,Customer 00485,Active,SME
CSSC00486,Customer 00486,Active,SME
CSSC00487,Customer 00487,Active,SME
CSSC00488,Customer 00488,Active,Enterprise
CSSC00489,Customer 00489,Active,Enterprise
CSSC00490,Customer 00490,Active,Enterprise
CSSC00491,Customer 00491,Active,Consumer
CSSC00492,Customer 00492,Active,Enterprise
CSSC00493,Customer 00493,Active,Enterprise
CSSC00494,Customer 00494,Active,Enterprise
CSSC00495,Customer 00495,Active,SME
CSSC00496,Customer 00496,Active,SME
CSSC00497,Customer 00497,Active,Consumer
CSSC00498,Customer 00498,Active,Enterprise
CSSC00499,Customer 00499,Active,Enterprise
CSSC00500,Customer 00500,Active,Enterprise
CSSC00501,Customer 00501,Active,SME
CSSC00502,Customer 00502,Active,Enterprise
CSSC00503,Customer 00503,Active,SME
CSSC00504,Customer 00504,Active,SME
CSSC00505,Customer 00505,Active,Enterprise
CSSC00506,Customer 00506,Active,SME
CSSC00507,Customer 00507,Active,Enterprise
CSSC00508,Customer 00508,Active,Consumer
CSSC00509,Customer 00509,Inactive,Enterprise
CSSC00510,Customer 00510,Inactive,Consumer
CSSC00511,Customer 00511,Active,SME
CSSC00512,Customer 00512,Inactive,SME
CSSC00513,Customer 00513,Inactive,Enterprise
CSSC00514,Customer 00514,Active,SME
CSSC00515,Customer 00515,Active,SME
CSSC00516,Customer 00516,Active,Consumer
CSSC00517,Customer 00517,Inactive,Enterprise
CSSC00518,Customer 00518,Inactive,Enterprise
CSSC00519,Customer 00519,Active,SME
CSSC00520,Customer 00520,Active,Consumer
CSSC00521,Customer 00521,Active,Consumer
CSSC00522,Customer 00522,Active,Consumer
CSSC00523,Customer 00523,Active,Consumer
CSSC00524,Customer 00524,Active,Enterprise
CSSC00525,Customer 00525,Active,Consumer
CSSC00526,Customer 00526,Active,Enterprise
CSSC00527,Customer 00527,Active,Consumer
CSSC00528,Customer 00528,Active,Enterprise
CSSC00529,Customer 00529,Active,Consumer
CSSC00530,Customer 00530,Active,Enterprise
CSSC00531,Customer 00531,Active,SME
CSSC00532,Customer 00532,Active,Consumer
CSSC00533,Customer 00533,Active,Enterprise
CSSC00534,Customer 00534,Active,SME
CSSC00535,Customer 00535,Inactive,SME
CSSC00536,Customer 00536,Active,Consumer
CSSC00537,Customer 00537,Active,Enterprise
CSSC00538,Customer 00538,Active,Consumer
CSSC00539,Customer 00539,Active,SME
CSSC00540,Customer 00540,Active,Enterprise
CSSC00541,Customer 00541,Active,Consumer
CSSC00542,Customer 00542,Active,Enterprise
CSSC00543,Customer 00543,Active,SME
CSSC00544,Customer 00544,Active,Consumer
CSSC00545,Customer 00545,Active,SME
CSSC00546,Customer 00546,Active,SME
CSSC00547,Customer 00547,Active,Consumer
CSSC00548,Customer 00548,Inactive,SME
CSSC00549,Customer 00549,Active,Consumer
CSSC00550,Customer 00550,Active,SME
CSSC00551,Customer 00551,Active,Enterprise
CSSC00552,Customer 00552,Active,SME
CSSC00553,Customer 00553,Active,Consumer
CSSC00554,Customer 00554,Active,SME
CSSC00555,Customer 00555,Active,SME
CSSC00556,Customer 00556,Active,SME
CSSC00557,Customer 00557,Active,SME
CSSC00558,Customer 00558,Active,SME
CSSC00559,Customer 00559,Active,Enterprise
CSSC00560,Customer 00560,Active,Enterprise
CSSC00561,Customer 00561,Active,Consumer
CSSC00562,Customer 00562,Active,Enterprise
CSSC00563,Customer 00563,Active,SME
CSSC00564,Customer 00564,Active,SME
CSSC00565,Customer 00565,Active,Consumer
CSSC00566,Customer 00566,Active,Enterprise
CSSC00567,Customer 00567,Active,Consumer
CSSC00568,Customer 00568,Active,Consumer
CSSC00569,Customer 00569,Active,SME
CSSC00570,Customer 00570,Active,Consumer
CSSC00571,Customer 00571,Active,Consumer
CSSC00572,Customer 00572,Active,SME
CSSC00573,Customer 00573,Inactive,Enterprise
CSSC00574,Customer 00574,Inactive,Consumer
CSSC00575,Customer 00575,Active,Consumer
CSSC00576,Customer 00576,Active,Consumer
CSSC00577,Customer 00577,Active,SME
CSSC00578,Customer 00578,Active,Consumer
CSSC00579,Customer 00579,Active,Enterprise
CSSC00580,Customer 00580,Active,SME
CSSC00581,Customer 00581,Active,SME
CSSC00582,Customer 00582,Active,SME
CSSC00583,Customer 00583,Active,SME
CSSC00584,Customer 00584,Active,Consumer
CSSC00585,Customer 00585,Active,Enterprise
CSSC00586,Customer 00586,Active,Enterprise
CSSC00587,Customer 00587,Active,Consumer
CSSC00588,Customer 00588,Active,SME
CSSC00589,Customer 00589,Active,Consumer
CSSC00590,Customer 00590,Active,Consumer
CSSC00591,Customer 00591,Active,Enterprise
CSSC00592,Customer 00592,Active,SME
CSSC00593,Customer 00593,Active,SME
CSSC00594,Customer 00594,Active,SME
CSSC00595,Customer 00595,Active,SME
CSSC00596,Customer 00596,Active,Consumer
CSSC00597,Customer 00597,Active,SME
CSSC00598,Customer 00598,Active,Consumer
CSSC00599,Customer 00599,Active,Consumer
CSSC00600,Customer 00600,Active,Enterprise
CSSC00601,Customer 00601,Active,Enterprise
CSSC00602,Customer 00602,Active,Enterprise
CSSC00603,Customer 00603,Active,SME
CSSC00604,Customer 00604,Active,Consumer
CSSC00605,Customer 00605,Active,Consumer
CSSC00606,Customer 00606,Active,Consumer
CSSC00607,Customer 00607,Active,Consumer
CSSC00608,Customer 00608,Active,Consumer
CSSC00609,Customer 00609,Active,SME
CSSC00610,Customer 00610,Active,SME
CSSC00611,Customer 00611,Active,Consumer
CSSC00612,Customer 00612,Active,Consumer
CSSC00613,Customer 00613,Active,Consumer
CSSC00614,Customer 00614,Active,Consumer
CSSC00615,Customer 00615,Active,Enterprise
CSSC00616,Customer 00616,Active,Enterprise
CSSC00617,Customer 00617,Active,Consumer
CSSC00618,Customer 00618,Active,Consumer
CSSC00619,Customer 00619,Active,Consumer
CSSC00620,Customer 00620,Active,Consumer
CSSC00621,Customer 00621,Active,SME
CSSC00622,Customer 00622,Active,SME
CSSC00623,Customer 00623,Active,SME
CSSC00624,Customer 00624,Active,Consumer
CSSC00625,Customer 00625,Active,Consumer
CSSC00626,Customer 00626,Active,Consumer
CSSC00627,Customer 00627,Active,SME
CSSC00628,Customer 00628,Active,SME
CSSC00629,Customer 00629,Active,SME
CSSC00630,Customer 00630,Active,SME
CSSC00631,Customer 00631,Active,Enterprise
CSSC00632,Customer 00632,Active,Enterprise
CSSC00633,Customer 00633,Active,Enterprise
CSSC00634,Customer 00634,Inactive,SME
CSSC00635,Customer 00635,Active,Enterprise
CSSC00636,Customer 00636,Active,Enterprise
CSSC00637,Customer 00637,Active,SME
CSSC00638,Customer 00638,Active,SME
CSSC00639,Customer 00639,Active,SME
CSSC00640,Customer 00640,Active,Consumer
CSSC00641,Customer 00641,Active,Enterprise
CSSC00642,Customer 00642,Inactive,SME
CSSC00643,Customer 00643,Active,SME
CSSC00644,Customer 00644,Active,SME
CSSC00645,Customer 00645,Active,SME
CSSC00646,Customer 00646,Active,Consumer
CSSC00647,Customer 00647,Active,Enterprise
CSSC00648,Customer 00648,Active,SME
CSSC00649,Customer 00649,Active,Enterprise
CSSC00650,Customer 00650,Active,SME
CSSC00651,Customer 00651,Active,Consumer
CSSC00652,Customer 00652,Active,Consumer
CSSC00653,Customer 00653,Inactive,SME
CSSC00654,Customer 00654,Active,SME
CSSC00655,Customer 00655,Active,SME
CSSC00656,Customer 00656,Active,SME
CSSC00657,Customer 00657,Active,Consumer
CSSC00658,Customer 00658,Active,Consumer
CSSC00659,Customer 00659,Active,Consumer
CSSC00660,Customer 00660,Active,Consumer
CSSC00661,Customer 00661,Active,SME
CSSC00662,Customer 00662,Active,SME
CSSC00663,Customer 00663,Active,SME
CSSC00664,Customer 00664,Active,Enterprise
CSSC00665,Customer 00665,Active,Consumer
CSSC00666,Customer 00666,Inactive,SME
CSSC00667,Customer 00667,Active,SME
CSSC00668,Customer 00668,Active,Enterprise
CSSC00669,Customer 00669,Active,Consumer
CSSC00670,Customer 00670,Active,Enterprise
CSSC00671,Customer 00671,Active,Consumer
CSSC00672,Customer 00672,Active,Consumer
CSSC00673,Customer 00673,Active,SME
CSSC00674,Customer 00674,Active,SME
CSSC00675,Customer 00675,Active,Enterprise
CSSC00676,Customer 00676,Active,Enterprise
CSSC00677,Customer 00677,Active,SME
CSSC00678,Customer 00678,Active,Enterprise
CSSC00679,Customer 00679,Active,SME
CSSC00680,Customer 00680,Active,SME
CSSC00681,Customer 00681,Active,Consumer
CSSC00682,Customer 00682,Active,Enterprise
CSSC00683,Customer 00683,Active,Enterprise
CSSC00684,Customer 00684,Active,Consumer
CSSC00685,Customer 00685,Inactive,SME
CSSC00686,Customer 00686,Active,Enterprise
CSSC00687,Customer 00687,Active,Enterprise
CSSC00688,Customer 00688,Active,Consumer
CSSC00689,Customer 00689,Active,Consumer
CSSC00690,Customer 00690,Active,SME
CSSC00691,Customer 00691,Active,Consumer
CSSC00692,Customer 00692,Active,SME
CSSC00693,Customer 00693,Active,Consumer
CSSC00694,Customer 00694,Active,Enterprise
CSSC00695,Customer 00695,Active,Consumer
CSSC00696,Customer 00696,Active,Enterprise
CSSC00697,Customer 00697,Active,Consumer
CSSC00698,Customer 00698,Active,Consumer
CSSC00699,Customer 00699,Active,Consumer
CSSC00700,Customer 00700,Active,SME
CSSC00701,Customer 00701,Active,Consumer
CSSC00702,Customer 00702,Active,Consumer
CSSC00703,Customer 00703,Inactive,SME
CSSC00704,Customer 00704,Active,Enterprise
CSSC00705,Customer 00705,Active,SME
CSSC00706,Customer 00706,Active,SME
CSSC00707,Customer 00707,Active,SME
CSSC00708,Customer 00708,Active,Enterprise
CSSC00709,Customer 00709,Active,Enterprise
CSSC00710,Customer 00710,Active,Enterprise
CSSC00711,Customer 00711,Active,Consumer
CSSC00712,Customer 00712,Active,Enterprise
CSSC00713,Customer 00713,Active,Enterprise
CSSC00714,Customer 00714,Active,Enterprise
CSSC00715,Customer 00715,Active,Consumer
CSSC00716,Customer 00716,Active,Consumer
CSSC00717,Customer 00717,Active,SME
CSSC00718,Customer 00718,Active,Enterprise
CSSC00719,Customer 00719,Active,Enterprise
CSSC00720,Customer 00720,Inactive,Consumer
CSSC00721,Customer 00721,Inactive,SME
CSSC00722,Customer 00722,Active,SME
CSSC00723,Customer 00723,Active,Consumer
CSSC00724,Customer 00724,Active,Consumer
CSSC00725,Customer 00725,Active,Consumer
CSSC00726,Customer 00726,Active,Consumer
CSSC00727,Customer 00727,Inactive,Enterprise
CSSC00728,Customer 00728,Active,SME
CSSC00729,Customer 00729,Active,SME
CSSC00730,Customer 00730,Active,SME
CSSC00731,Customer 00731,Active,Consumer
CSSC00732,Customer 00732,Active,SME
CSSC00733,Customer 00733,Inactive,Enterprise
CSSC00734,Customer 00734,Active,SME
CSSC00735,Customer 00735,Inactive,Consumer
CSSC00736,Customer 00736,Active,SME
CSSC00737,Customer 00737,Active,SME
CSSC00738,Customer 00738,Inactive,SME
CSSC00739,Customer 00739,Inactive,Consumer
CSSC00740,Customer 00740,Active,SME
CSSC00741,Customer 00741,Active,SME
CSSC00742,Customer 00742,Inactive,SME
CSSC00743,Customer 00743,Active,SME
CSSC00744,Customer 00744,Active,Consumer
CSSC00745,Customer 00745,Active,Enterprise
CSSC00746,Customer 00746,Active,SME
CSSC00747,Customer 00747,Active,SME
CSSC00748,Customer 00748,Active,Consumer
CSSC00749,Customer 00749,Active,Consumer
CSSC00750,Customer 00750,Active,Consumer
CSSC00751,Customer 00751,Active,SME
CSSC00752,Customer 00752,Active,Consumer
CSSC00753,Customer 00753,Inactive,Enterprise
CSSC00754,Customer 00754,Active,Consumer
CSSC00755,Customer 00755,Active,Consumer
CSSC00756,Customer 00756,Active,SME
CSSC00757,Customer 00757,Inactive,SME
CSSC00758,Customer 00758,Active,Enterprise
CSSC00759,Customer 00759,Active,Enterprise
CSSC00760,Customer 00760,Active,Consumer
CSSC00761,Customer 00761,Active,SME
CSSC00762,Customer 00762,Active,Enterprise
CSSC00763,Customer 00763,Active,Consumer
CSSC00764,Customer 00764,Active,Consumer
CSSC00765,Customer 00765,Active,SME
CSSC00766,Customer 00766,Active,SME
CSSC00767,Customer 00767,Active,Enterprise
CSSC00768,Customer 00768,Active,Enterprise
CSSC00769,Customer 00769,Active,Enterprise
CSSC00770,Customer 00770,Active,Consumer
CSSC00771,Customer 00771,Active,SME
CSSC00772,Customer 00772,Active,Enterprise
CSSC00773,Customer 00773,Active,SME
CSSC00774,Customer 00774,Active,Enterprise
CSSC00775,Customer 00775,Active,SME
CSSC00776,Customer 00776,Active,Enterprise
CSSC00777,Customer 00777,Active,SME
CSSC00778,Customer 00778,Active,SME
CSSC00779,Customer 00779,Inactive,SME
CSSC00780,Customer 00780,Active,Enterprise
CSSC00781,Customer 00781,Active,SME
CSSC00782,Customer 00782,Active,Consumer
CSSC00783,Customer 00783,Active,SME
CSSC00784,Customer 00784,Active,Consumer
CSSC00785,Customer 00785,Active,Consumer
CSSC00786,Customer 00786,Active,Consumer
CSSC00787,Customer 00787,Active,Enterprise
CSSC00788,Customer 00788,Active,Consumer
CSSC00789,Customer 00789,Active,SME
CSSC00790,Customer 00790,Active,Enterprise
CSSC00791,Customer 00791,Active,SME
CSSC00792,Customer 00792,Active,Enterprise
CSSC00793,Customer 00793,Active,SME
CSSC00794,Customer 00794,Active,Consumer
CSSC00795,Customer 00795,Inactive,Enterprise
CSSC00796,Customer 00796,Inactive,Enterprise
CSSC00797,Customer 00797,Active,SME
CSSC00798,Customer 00798,Inactive,Consumer
CSSC00799,Customer 00799,Active,Enterprise
CSSC00800,Customer 00800,Active,Consumer
CSSC00801,Customer 00801,Active,SME
CSSC00802,Customer 00802,Active,Consumer
CSSC00803,Customer 00803,Active,SME
CSSC00804,Customer 00804,Active,SME
CSSC00805,Customer 00805,Active,SME
CSSC00806,Customer 00806,Active,SME
CSSC00807,Customer 00807,Active,SME
CSSC00808,Customer 00808,Active,Enterprise
CSSC00809,Customer 00809,Active,SME
CSSC00810,Customer 00810,Inactive,Enterprise
CSSC00811,Customer 00811,Active,Consumer
CSSC00812,Customer 00812,Active,Consumer
CSSC00813,Customer 00813,Inactive,SME
CSSC00814,Customer 00814,Active,SME
CSSC00815,Customer 00815,Active,Consumer
CSSC00816,Customer 00816,Active,Enterprise
CSSC00817,Customer 00817,Active,SME
CSSC00818,Customer 00818,Inactive,Enterprise
CSSC00819,Customer 00819,Active,Consumer
CSSC00820,Customer 00820,Active,Enterprise
CSSC00821,Customer 00821,Active,SME
CSSC00822,Customer 00822,Active,SME
CSSC00823,Customer 00823,Active,Consumer
CSSC00824,Customer 00824,Active,Enterprise
CSSC00825,Customer 00825,Active,Consumer
CSSC00826,Customer 00826,Active,Enterprise
CSSC00827,Customer 00827,Active,Enterprise
CSSC00828,Customer 00828,Active,Enterprise
CSSC00829,Customer 00829,Active,Enterprise
CSSC00830,Customer 00830,Inactive,Enterprise
CSSC00831,Customer 00831,Inactive,Consumer
CSSC00832,Customer 00832,Active,Enterprise
CSSC00833,Customer 00833,Active,SME
CSSC00834,Customer 00834,Inactive,Enterprise
CSSC00835,Customer 00835,Active,Enterprise
CSSC00836,Customer 00836,Inactive,SME
CSSC00837,Customer 00837,Active,SME
CSSC00838,Customer 00838,Active,Enterprise
CSSC00839,Customer 00839,Active,Consumer
CSSC00840,Customer 00840,Active,SME
CSSC00841,Customer 00841,Inactive,Enterprise
CSSC00842,Customer 00842,Active,SME
CSSC00843,Customer 00843,Active,Consumer
CSSC00844,Customer 00844,Active,SME
CSSC00845,Customer 00845,Active,Consumer
CSSC00846,Customer 00846,Active,Enterprise
CSSC00847,Customer 00847,Inactive,SME
CSSC00848,Customer 00848,Active,Consumer
CSSC00849,Customer 00849,Active,Consumer
CSSC00850,Customer 00850,Active,SME
CSSC00851,Customer 00851,Active,Consumer
CSSC00852,Customer 00852,Active,Consumer
CSSC00853,Customer 00853,Active,SME
CSSC00854,Customer 00854,Active,Enterprise
CSSC00855,Customer 00855,Inactive,Consumer
CSSC00856,Customer 00856,Active,Enterprise
CSSC00857,Customer 00857,Active,Enterprise
CSSC00858,Customer 00858,Active,Enterprise
CSSC00859,Customer 00859,Active,SME
CSSC00860,Customer 00860,Inactive,Consumer
CSSC00861,Customer 00861,Active,Enterprise
CSSC00862,Customer 00862,Active,Consumer
CSSC00863,Customer 00863,Active,SME
CSSC00864,Customer 00864,Active,SME
CSSC00865,Customer 00865,Active,Enterprise
CSSC00866,Customer 00866,Active,Enterprise
CSSC00867,Customer 00867,Active,SME
CSSC00868,Customer 00868,Active,SME
CSSC00869,Customer 00869,Active,Consumer
CSSC00870,Customer 00870,Inactive,Enterprise
CSSC00871,Customer 00871,Active,Enterprise
CSSC00872,Customer 00872,Active,SME
CSSC00873,Customer 00873,Active,SME
CSSC00874,Customer 00874,Active,Consumer
CSSC00875,Customer 00875,Active,SME
CSSC00876,Customer 00876,Active,Enterprise
CSSC00877,Customer 00877,Active,Enterprise
CSSC00878,Customer 00878,Active,Consumer
CSSC00879,Customer 00879,Active,Consumer
CSSC00880,Customer 00880,Inactive,Consumer
CSSC00881,Customer 00881,Active,SME
CSSC00882,Customer 00882,Inactive,Consumer
CSSC00883,Customer 00883,Active,SME
CSSC00884,Customer 00884,Active,Enterprise
CSSC00885,Customer 00885,Active,Consumer
CSSC00886,Customer 00886,Active,Enterprise
CSSC00887,Customer 00887,Active,Consumer
CSSC00888,Customer 00888,Active,Consumer
CSSC00889,Customer 00889,Active,SME
CSSC00890,Customer 00890,Active,Enterprise
CSSC00891,Customer 00891,Inactive,Enterprise
CSSC00892,Customer 00892,Active,Enterprise
CSSC00893,Customer 00893,Active,Consumer
CSSC00894,Customer 00894,Inactive,Consumer
CSSC00895,Customer 00895,Active,Consumer
CSSC00896,Customer 00896,Active,Enterprise
CSSC00897,Customer 00897,Active,SME
CSSC00898,Customer 00898,Inactive,Enterprise
CSSC00899,Customer 00899,Active,SME
CSSC00900,Customer 00900,Active,SME
CSSC00901,Customer 00901,Active,Enterprise
CSSC00902,Customer 00902,Active,SME
CSSC00903,Customer 00903,Active,Consumer
CSSC00904,Customer 00904,Active,SME
CSSC00905,Customer 00905,Active,Enterprise
CSSC00906,Customer 00906,Active,Enterprise
CSSC00907,Customer 00907,Active,Enterprise
CSSC00908,Customer 00908,Inactive,SME
CSSC00909,Customer 00909,Active,SME
CSSC00910,Customer 00910,Active,Enterprise
CSSC00911,Customer 00911,Active,Consumer
CSSC00912,Customer 00912,Active,Consumer
CSSC00913,Customer 00913,Active,SME
CSSC00914,Customer 00914,Active,Enterprise
CSSC00915,Customer 00915,Inactive,Enterprise
CSSC00916,Customer 00916,Active,Enterprise
CSSC00917,Customer 00917,Active,SME
CSSC00918,Customer 00918,Active,Consumer
CSSC00919,Customer 00919,Active,Consumer
CSSC00920,Customer 00920,Active,Enterprise
CSSC00921,Customer 00921,Active,Enterprise
CSSC00922,Customer 00922,Active,SME
CSSC00923,Customer 00923,Active,Enterprise
CSSC00924,Customer 00924,Active,SME
CSSC00925,Customer 00925,Active,Consumer
CSSC00926,Customer 00926,Active,Enterprise
CSSC00927,Customer 00927,Active,SME
CSSC00928,Customer 00928,Active,SME
CSSC00929,Customer 00929,Active,Consumer
CSSC00930,Customer 00930,Active,SME
CSSC00931,Customer 00931,Active,Consumer
CSSC00932,Customer 00932,Active,SME
CSSC00933,Customer 00933,Inactive,SME
CSSC00934,Customer 00934,Active,SME
CSSC00935,Customer 00935,Inactive,Enterprise
CSSC00936,Customer 00936,Active,SME
CSSC00937,Customer 00937,Active,SME
CSSC00938,Customer 00938,Active,Consumer
CSSC00939,Customer 00939,Inactive,SME
CSSC00940,Customer 00940,Active,Consumer
CSSC00941,Customer 00941,Active,Enterprise
CSSC00942,Customer 00942,Active,Consumer
CSSC00943,Customer 00943,Active,Consumer
CSSC00944,Customer 00944,Inactive,SME
CSSC00945,Customer 00945,Active,Consumer
CSSC00946,Customer 00946,Active,Consumer
CSSC00947,Customer 00947,Active,Consumer
CSSC00948,Customer 00948,Active,SME
CSSC00949,Customer 00949,Active,Enterprise
CSSC00950,Customer 00950,Active,Consumer
CSSC00951,Customer 00951,Active,Enterprise
CSSC00952,Customer 00952,Inactive,Enterprise
CSSC00953,Customer 00953,Active,Enterprise
CSSC00954,Customer 00954,Active,Consumer
CSSC00955,Customer 00955,Active,Consumer
CSSC00956,Customer 00956,Active,SME
CSSC00957,Customer 00957,Active,SME
CSSC00958,Customer 00958,Active,Consumer
CSSC00959,Customer 00959,Active,Consumer
CSSC00960,Customer 00960,Inactive,Enterprise
CSSC00961,Customer 00961,Active,SME
CSSC00962,Customer 00962,Active,SME
CSSC00963,Customer 00963,Active,Consumer
CSSC00964,Customer 00964,Active,Enterprise
CSSC00965,Customer 00965,Inactive,Consumer
CSSC00966,Customer 00966,Active,Consumer
CSSC00967,Customer 00967,Active,Enterprise
CSSC00968,Customer 00968,Active,Consumer
CSSC00969,Customer 00969,Active,Consumer
CSSC00970,Customer 00970,Active,Enterprise
CSSC00971,Customer 00971,Active,Consumer
CSSC00972,Customer 00972,Active,Enterprise
CSSC00973,Customer 00973,Active,SME
CSSC00974,Customer 00974,Active,Enterprise
CSSC00975,Customer 00975,Active,Enterprise
CSSC00976,Customer 00976,Active,Consumer
CSSC00977,Customer 00977,Active,Consumer
CSSC00978,Customer 00978,Active,Consumer
CSSC00979,Customer 00979,Active,SME
CSSC00980,Customer 00980,Active,Enterprise
CSSC00981,Customer 00981,Active,Consumer
CSSC00982,Customer 00982,Active,Enterprise
CSSC00983,Customer 00983,Active,Enterprise
CSSC00984,Customer 00984,Active,Consumer
CSSC00985,Customer 00985,Active,Consumer
CSSC00986,Customer 00986,Active,SME
CSSC00987,Customer 00987,Active,SME
CSSC00988,Customer 00988,Active,Consumer
CSSC00989,Customer 00989,Active,Consumer
CSSC00990,Customer 00990,Active,Enterprise
CSSC00991,Customer 00991,Active,Consumer
CSSC00992,Customer 00992,Active,Enterprise
CSSC00993,Customer 00993,Active,Enterprise
CSSC00994,Customer 00994,Active,Enterprise
CSSC00995,Customer 00995,Active,Consumer
CSSC00996,Customer 00996,Active,Enterprise
CSSC00997,Customer 00997,Active,SME
CSSC00998,Customer 00998,Active,Consumer
CSSC00999,Customer 00999,Active,Consumer
CSSC01000,Customer 01000,Active,Enterprise
