account_id,customer_name,account_status,segment
SA00001,Customer 00001,Active,Consumer
SA00002,Customer 00002,Active,Consumer
SA00003,Customer 00003,Active,Enterprise
SA00004,Customer 00004,Active,Enterprise
SA00005,Customer 00005,Active,Consumer
SA00006,Customer 00006,Active,Consumer
SA00007,Customer 00007,Active,Consumer
SA00008,Customer 00008,Active,Enterprise
SA00009,Customer 00009,Active,Consumer
SA00010,Customer 00010,Active,Enterprise
SA00011,Customer 00011,Active,Consumer
SA00012,Customer 00012,Active,SME
SA00013,Customer 00013,Active,Consumer
SA00014,Customer 00014,Active,Consumer
SA00015,Customer 00015,Active,SME
SA00016,Customer 00016,Active,Consumer
SA00017,Customer 00017,Inactive,SME
SA00018,Customer 00018,Active,SME
SA00019,Customer 00019,Active,SME
SA00020,Customer 00020,Active,Consumer
SA00021,Customer 00021,Active,Enterprise
SA00022,Customer 00022,Active,SME
SA00023,Customer 00023,Active,SME
SA00024,Customer 00024,Active,Enterprise
SA00025,Customer 00025,Active,SME
SA00026,Customer 00026,Active,Enterprise
SA00027,Customer 00027,Active,Enterprise
SA00028,Customer 00028,Active,SME
SA00029,Customer 00029,Inactive,Consumer
SA00030,Customer 00030,Active,SME
SA00031,Customer 00031,Active,Enterprise
SA00032,Customer 00032,Active,Consumer
SA00033,Customer 00033,Active,Consumer
SA00034,Customer 00034,Active,Enterprise
SA00035,Customer 00035,Inactive,Enterprise
SA00036,Customer 00036,Active,Enterprise
SA00037,Customer 00037,Active,Enterprise
SA00038,Customer 00038,Active,SME
SA00039,Customer 00039,Active,Enterprise
SA00040,Customer 00040,Active,Consumer
SA00041,Customer 00041,Active,Consumer
SA00042,Customer 00042,Active,Consumer
SA00043,Customer 00043,Active,SME
SA00044,Customer 00044,Active,Consumer
SA00045,Customer 00045,Inactive,Enterprise
SA00046,Customer 00046,Active,SME
SA00047,Customer 00047,Active,SME
SA00048,Customer 00048,Active,Enterprise
SA00049,Customer 00049,Active,SME
SA00050,Customer 00050,Active,Enterprise
SA00051,Customer 00051,Active,SME
SA00052,Customer 00052,Active,SME
SA00053,Customer 00053,Active,SME
SA00054,Customer 00054,Active,Consumer
SA00055,Customer 00055,Active,Consumer
SA00056,Customer 00056,Active,Consumer
SA00057,Customer 00057,Active,Consumer
SA00058,Customer 00058,Active,SME
SA00059,Customer 00059,Active,SME
SA00060,Customer 00060,Active,SME
SA00061,Customer 00061,Active,Enterprise
SA00062,Customer 00062,Active,Consumer
SA00063,Customer 00063,Active,Consumer
SA00064,Customer 00064,Active,Enterprise
SA00065,Customer 00065,Active,Enterprise
SA00066,Customer 00066,Active,SME
SA00067,Customer 00067,Active,SME
SA00068,Customer 00068,Active,Enterprise
SA00069,Customer 00069,Active,SME
SA00070,Customer 00070,Inactive,Consumer
SA00071,Customer 00071,Active,Consumer
SA00072,Customer 00072,Active,SME
SA00073,Customer 00073,Active,Enterprise
SA00074,Customer 00074,Active,Consumer
SA00075,Customer 00075,Active,Consumer
SA00076,Customer 00076,Active,Enterprise
SA00077,Customer 00077,Inactive,Enterprise
SA00078,Customer 00078,Active,Consumer
SA00079,Customer 00079,Active,SME
SA00080,Customer 00080,Active,SME
SA00081,Customer 00081,Active,Consumer
SA00082,Customer 00082,Active,Consumer
SA00083,Customer 00083,Active,SME
SA00084,Customer 00084,Active,Enterprise
SA00085,Customer 00085,Active,Consumer
SA00086,Customer 00086,Active,Enterprise
SA00087,Customer 00087,Active,Enterprise
SA00088,Customer 00088,Active,SME
SA00089,Customer 00089,Inactive,Enterprise
SA00090,Customer 00090,Active,Enterprise
SA00091,Customer 00091,Active,SME
SA00092,Customer 00092,Active,Enterprise
SA00093,Customer 00093,Active,SME
SA00094,Customer 00094,Active,SME
SA00095,Customer 00095,Active,Consumer
SA00096,Customer 00096,Active,Consumer
SA00097,Customer 00097,Active,Consumer
SA00098,Customer 00098,Active,Consumer
SA00099,Customer 00099,Active,Enterprise
SA00100,Customer 00100,Active,Consumer
SA00101,Customer 00101,Inactive,SME
SA00102,Customer 00102,Active,Consumer
SA00103,Customer 00103,Active,SME
SA00104,Customer 00104,Active,Consumer
SA00105,Customer 00105,Active,Enterprise
SA00106,Customer 00106,Active,Consumer
SA00107,Customer 00107,Active,SME
SA00108,Customer 00108,Active,Consumer
SA00109,Customer 00109,Active,SME
SA00110,Customer 00110,Active,SME
SA00111,Customer 00111,Active,Consumer
SA00112,Customer 00112,Active,Enterprise
SA00113,Customer 00113,Active,SME
SA00114,Customer 00114,Active,Consumer
SA00115,Customer 00115,Active,Consumer
SA00116,Customer 00116,Active,Consumer
SA00117,Customer 00117,Active,SME
SA00118,Customer 00118,Active,Consumer
SA00119,Customer 00119,Active,Enterprise
SA00120,Customer 00120,Active,Enterprise
SA00121,Customer 00121,Inactive,Consumer
SA00122,Customer 00122,Inactive,Consumer
SA00123,Customer 00123,Active,SME
SA00124,Customer 00124,Active,SME
SA00125,Customer 00125,Inactive,Consumer
SA00126,Customer 00126,Active,SME
SA00127,Customer 00127,Active,SME
SA00128,Customer 00128,Active,Enterprise
SA00129,Customer 00129,Inactive,Enterprise
SA00130,Customer 00130,Active,SME
SA00131,Customer 00131,Active,SME
SA00132,Customer 00132,Active,Consumer
SA00133,Customer 00133,Active,Enterprise
SA00134,Customer 00134,Active,SME
SA00135,Customer 00135,Active,Enterprise
SA00136,Customer 00136,Active,Enterprise
SA00137,Customer 00137,Active,Enterprise
SA00138,Customer 00138,Active,Consumer
SA00139,Customer 00139,Active,Consumer
SA00140,Customer 00140,Active,Consumer
SA00141,Customer 00141,Active,Enterprise
SA00142,Customer 00142,Active,Enterprise
SA00143,Customer 00143,Active,Consumer
SA00144,Customer 00144,Active,Enterprise
SA00145,Customer 00145,Active,SME
SA00146,Customer 00146,Inactive,Consumer
SA00147,Customer 00147,Active,SME
SA00148,Customer 00148,Active,SME
SA00149,Customer 00149,Active,Enterprise
SA00150,Customer 00150,Active,SME
SA00151,Customer 00151,Inactive,Consumer
SA00152,Customer 00152,Active,Enterprise
SA00153,Customer 00153,Inactive,Consumer
SA00154,Customer 00154,Active,Consumer
SA00155,Customer 00155,Active,Consumer
SA00156,Customer 00156,Inactive,Consumer
SA00157,Customer 00157,Active,SME
SA00158,Customer 00158,Active,SME
SA00159,Customer 00159,Active,Enterprise
SA00160,Customer 00160,Active,Enterprise
SA00161,Customer 00161,Active,Enterprise
SA00162,Customer 00162,Active,SME
SA00163,Customer 00163,Inactive,Consumer
SA00164,Customer 00164,Inactive,Consumer
SA00165,Customer 00165,Active,Consumer
SA00166,Customer 00166,Active,Consumer
SA00167,Customer 00167,Active,Enterprise
SA00168,Customer 00168,Active,SME
SA00169,Customer 00169,Active,Enterprise
SA00170,Customer 00170,Active,Enterprise
SA00171,Customer 00171,Active,Consumer
SA00172,Customer 00172,Active,SME
SA00173,Customer 00173,Active,Consumer
SA00174,Customer 00174,Active,Consumer
SA00175,Customer 00175,Active,SME
SA00176,Customer 00176,Active,SME
SA00177,Customer 00177,Active,SME
SA00178,Customer 00178,Active,Consumer
SA00179,Customer 00179,Active,Enterprise
SA00180,Customer 00180,Inactive,Enterprise
SA00181,Customer 00181,Active,SME
SA00182,Customer 00182,Active,Consumer
SA00183,Customer 00183,Active,Consumer
SA00184,Customer 00184,Active,Consumer
SA00185,Customer 00185,Active,Consumer
SA00186,Customer 00186,Active,Enterprise
SA00187,Customer 00187,Active,Enterprise
SA00188,Customer 00188,Active,SME
SA00189,Customer 00189,Inactive,Enterprise
SA00190,Customer 00190,Active,Consumer
SA00191,Customer 00191,Active,Consumer
SA00192,Customer 00192,Active,Consumer
SA00193,Customer 00193,Active,SME
SA00194,Customer 00194,Active,SME
SA00195,Customer 00195,Active,Enterprise
SA00196,Customer 00196,Active,SME
SA00197,Customer 00197,Active,Enterprise
SA00198,Customer 00198,Active,Consumer
SA00199,Customer 00199,Active,Consumer
SA00200,Customer 00200,Active,SME
SA00201,Customer 00201,Active,Consumer
SA00202,Customer 00202,Active,Enterprise
SA00203,Customer 00203,Active,SME
SA00204,Customer 00204,Active,Consumer
SA00205,Customer 00205,Inactive,SME
SA00206,Customer 00206,Active,Enterprise
SA00207,Customer 00207,Active,Enterprise
SA00208,Customer 00208,Active,Consumer
SA00209,Customer 00209,Active,SME
SA00210,Customer 00210,Active,SME
SA00211,Customer 00211,Active,Enterprise
SA00212,Customer 00212,Active,Enterprise
SA00213,Customer 00213,Active,SME
SA00214,Customer 00214,Active,Enterprise
SA00215,Customer 00215,Active,Enterprise
SA00216,Customer 00216,Active,Consumer
SA00217,Customer 00217,Active,Consumer
SA00218,Customer 00218,Active,Enterprise
SA00219,Customer 00219,Active,Enterprise
SA00220,Customer 00220,Active,Consumer
SA00221,Customer 00221,Active,Consumer
SA00222,Customer 00222,Inactive,SME
SA00223,Customer 00223,Active,Enterprise
SA00224,Customer 00224,Active,Enterprise
SA00225,Customer 00225,Inactive,Enterprise
SA00226,Customer 00226,Active,SME
SA00227,Customer 00227,Active,Enterprise
SA00228,Customer 00228,Active,Consumer
SA00229,Customer 00229,Active,Enterprise
SA00230,Customer 00230,Inactive,Enterprise
SA00231,Customer 00231,Active,Consumer
SA00232,Customer 00232,Active,SME
SA00233,Customer 00233,Active,Consumer
SA00234,Customer 00234,Active,Consumer
SA00235,Customer 00235,Active,Enterprise
SA00236,Customer 00236,Active,SME
SA00237,Customer 00237,Active,SME
SA00238,Customer 00238,Active,Enterprise
SA00239,Customer 00239,Active,Enterprise
SA00240,Customer 00240,Active,Consumer
SA00241,Customer 00241,Active,Enterprise
SA00242,Customer 00242,Active,SME
SA00243,Customer 00243,Active,Consumer
SA00244,Customer 00244,Active,Consumer
SA00245,Customer 00245,Active,Consumer
SA00246,Customer 00246,Active,Consumer
SA00247,Customer 00247,Inactive,Enterprise
SA00248,Customer 00248,Active,Consumer
SA00249,Customer 00249,Active,Enterprise
SA00250,Customer 00250,Active,Enterprise
SA00251,Customer 00251,Active,SME
SA00252,Customer 00252,Active,Consumer
SA00253,Customer 00253,Active,Consumer
SA00254,Customer 00254,Active,Consumer
SA00255,Customer 00255,Active,Consumer
SA00256,Customer 00256,Active,Enterprise
SA00257,Customer 00257,Active,Consumer
SA00258,Customer 00258,Active,Consumer
SA00259,Customer 00259,Active,SME
SA00260,Customer 00260,Active,Enterprise
SA00261,Customer 00261,Active,SME
SA00262,Customer 00262,Active,Enterprise
SA00263,Customer 00263,Active,SME
SA00264,Customer 00264,Active,Enterprise
SA00265,Customer 00265,Active,Consumer
SA00266,Customer 00266,Active,SME
SA00267,Customer 00267,Active,Consumer
SA00268,Customer 00268,Active,SME
SA00269,Customer 00269,Active,Enterprise
SA00270,Customer 00270,Active,Consumer
SA00271,Customer 00271,Active,Consumer
SA00272,Customer 00272,Active,Consumer
SA00273,Customer 00273,Active,SME
SA00274,Customer 00274,Active,Consumer
SA00275,Customer 00275,Active,Consumer
SA00276,Customer 00276,Active,Consumer
SA00277,Customer 00277,Active,Consumer
SA00278,Customer 00278,Active,SME
SA00279,Customer 00279,Active,SME
SA00280,Customer 00280,Active,SME
SA00281,Customer 00281,Active,Enterprise
SA00282,Customer 00282,Inactive,Consumer
SA00283,Customer 00283,Active,Enterprise
SA00284,Customer 00284,Active,Consumer
SA00285,Customer 00285,Inactive,SME
SA00286,Customer 00286,Active,SME
SA00287,Customer 00287,Active,Enterprise
SA00288,Customer 00288,Active,Enterprise
SA00289,Customer 00289,Active,SME
SA00290,Customer 00290,Active,SME
SA00291,Customer 00291,Active,SME
SA00292,Customer 00292,Active,Enterprise
SA00293,Customer 00293,Active,Enterprise
SA00294,Customer 00294,Active,SME
SA00295,Customer 00295,Inactive,Enterprise
SA00296,Customer 00296,Active,SME
SA00297,Customer 00297,Active,Enterprise
SA00298,Customer 00298,Active,Enterprise
SA00299,Customer 00299,Active,SME
SA00300,Customer 00300,Active,SME
SA00301,Customer 00301,Active,Consumer
SA00302,Customer 00302,Active,SME
SA00303,Customer 00303,Active,SME
SA00304,Customer 00304,Active,SME
SA00305,Customer 00305,Active,Consumer
SA00306,Customer 00306,Active,Enterprise
SA00307,Customer 00307,Active,SME
SA00308,Customer 00308,Active,Consumer
SA00309,Customer 00309,Active,Enterprise
SA00310,Customer 00310,Active,Consumer
SA00311,Customer 00311,Inactive,Consumer
SA00312,Customer 00312,Active,Enterprise
SA00313,Customer 00313,Active,Consumer
SA00314,Customer 00314,Active,Consumer
SA00315,Customer 00315,Active,Consumer
SA00316,Customer 00316,Active,SME
SA00317,Customer 00317,Active,Consumer
SA00318,Customer 00318,Active,Enterprise
SA00319,Customer 00319,Active,Consumer
SA00320,Customer 00320,Inactive,Consumer
SA00321,Customer 00321,Active,SME
SA00322,Customer 00322,Active,SME
SA00323,Customer 00323,Active,Enterprise
SA00324,Customer 00324,Active,Enterprise
SA00325,Customer 00325,Active,Enterprise
SA00326,Customer 00326,Active,Enterprise
SA00327,Customer 00327,Active,Enterprise
SA00328,Customer 00328,Active,Consumer
SA00329,Customer 00329,Active,Enterprise
SA00330,Customer 00330,Active,SME
SA00331,Customer 00331,Active,Enterprise
SA00332,Customer 00332,Active,Enterprise
SA00333,Customer 00333,Active,Consumer
SA00334,Customer 00334,Active,SME
SA00335,Customer 00335,Active,SME
SA00336,Customer 00336,Active,SME
SA00337,Customer 00337,Active,SME
SA00338,Customer 00338,Active,Enterprise
SA00339,Customer 00339,Inactive,SME
SA00340,Customer 00340,Active,Enterprise
SA00341,Customer 00341,Active,SME
SA00342,Customer 00342,Active,Enterprise
SA00343,Customer 00343,Active,SME
SA00344,Customer 00344,Active,Consumer
SA00345,Customer 00345,Active,SME
SA00346,Customer 00346,Active,SME
SA00347,Customer 00347,Active,Enterprise
SA00348,Customer 00348,Active,Consumer
SA00349,Customer 00349,Active,SME
SA00350,Customer 00350,Active,Consumer
SA00351,Customer 00351,Active,SME
SA00352,Customer 00352,Active,Enterprise
SA00353,Customer 00353,Active,SME
SA00354,Customer 00354,Active,Enterprise
SA00355,Customer 00355,Inactive,Consumer
SA00356,Customer 00356,Active,SME
SA00357,Customer 00357,Active,Consumer
SA00358,Customer 00358,Active,Enterprise
SA00359,Customer 00359,Active,SME
SA00360,Customer 00360,Active,Consumer
SA00361,Customer 00361,Active,SME
SA00362,Customer 00362,Active,SME
SA00363,Customer 00363,Active,SME
SA00364,Customer 00364,Active,Enterprise
SA00365,Customer 00365,Active,Enterprise
SA00366,Customer 00366,Active,SME
SA00367,Customer 00367,Active,SME
SA00368,Customer 00368,Active,Consumer
SA00369,Customer 00369,Active,Consumer
SA00370,Customer 00370,Active,Enterprise
SA00371,Customer 00371,Active,Enterprise
SA00372,Customer 00372,Active,Consumer
SA00373,Customer 00373,Active,SME
SA00374,Customer 00374,Active,Enterprise
SA00375,Customer 00375,Active,Consumer
SA00376,Customer 00376,Active,SME
SA00377,Customer 00377,Active,Consumer
SA00378,Customer 00378,Active,Enterprise
SA00379,Customer 00379,Active,SME
SA00380,Customer 00380,Active,Consumer
SA00381,Customer 00381,Active,Enterprise
SA00382,Customer 00382,Inactive,Enterprise
SA00383,Customer 00383,Active,SME
SA00384,Customer 00384,Active,Consumer
SA00385,Customer 00385,Active,SME
SA00386,Customer 00386,Active,SME
SA00387,Customer 00387,Active,Consumer
SA00388,Customer 00388,Active,SME
SA00389,Customer 00389,Active,Consumer
SA00390,Customer 00390,Active,Consumer
SA00391,Customer 00391,Active,Enterprise
SA00392,Customer 00392,Active,Consumer
SA00393,Customer 00393,Active,SME
SA00394,Customer 00394,Active,Consumer
SA00395,Customer 00395,Active,SME
SA00396,Customer 00396,Active,Enterprise
SA00397,Customer 00397,Active,Enterprise
SA00398,Customer 00398,Active,SME
SA00399,Customer 00399,Active,Enterprise
SA00400,Customer 00400,Inactive,SME
SA00401,Customer 00401,Active,Consumer
SA00402,Customer 00402,Active,Enterprise
SA00403,Customer 00403,Active,Consumer
SA00404,Customer 00404,Active,SME
SA00405,Customer 00405,Active,Consumer
SA00406,Customer 00406,Active,Enterprise
SA00407,Customer 00407,Active,Consumer
SA00408,Customer 00408,Active,Enterprise
SA00409,Customer 00409,Active,SME
SA00410,Customer 00410,Active,SME
SA00411,Customer 00411,Active,Enterprise
SA00412,Customer 00412,Active,Consumer
SA00413,Customer 00413,Active,SME
SA00414,Customer 00414,Active,Enterprise
SA00415,Customer 00415,Active,Consumer
SA00416,Customer 00416,Active,Enterprise
SA00417,Customer 00417,Active,Consumer
SA00418,Customer 00418,Inactive,Consumer
SA00419,Customer 00419,Active,Consumer
SA00420,Customer 00420,Active,Enterprise
SA00421,Customer 00421,Active,Enterprise
SA00422,Customer 00422,Inactive,SME
SA00423,Customer 00423,Active,Enterprise
SA00424,Customer 00424,Active,SME
SA00425,Customer 00425,Inactive,Enterprise
SA00426,Customer 00426,Active,SME
SA00427,Customer 00427,Active,Consumer
SA00428,Customer 00428,Active,Enterprise
SA00429,Customer 00429,Active,SME
SA00430,Customer 00430,Active,Consumer
SA00431,Customer 00431,Inactive,Enterprise
SA00432,Customer 00432,Active,Consumer
SA00433,Customer 00433,Inactive,Enterprise
SA00434,Customer 00434,Active,Enterprise
SA00435,Customer 00435,Active,Consumer
SA00436,Customer 00436,Active,Enterprise
SA00437,Customer 00437,Active,SME
SA00438,Customer 00438,Active,Enterprise
SA00439,Customer 00439,Active,SME
SA00440,Customer 00440,Inactive,SME
SA00441,Customer 00441,Active,SME
SA00442,Customer 00442,Active,Consumer
SA00443,Customer 00443,Active,SME
SA00444,Customer 00444,Active,SME
SA00445,Customer 00445,Active,SME
SA00446,Customer 00446,Active,Enterprise
SA00447,Customer 00447,Active,Consumer
SA00448,Customer 00448,Active,SME
SA00449,Customer 00449,Active,SME
SA00450,Customer 00450,Active,Consumer
SA00451,Customer 00451,Active,Enterprise
SA00452,Customer 00452,Active,Consumer
SA00453,Customer 00453,Active,SME
SA00454,Customer 00454,Active,SME
SA00455,Customer 00455,Active,Consumer
SA00456,Customer 00456,Active,Enterprise
SA00457,Customer 00457,Active,SME
SA00458,Customer 00458,Active,Enterprise
SA00459,Customer 00459,Active,Consumer
SA00460,Customer 00460,Inactive,Enterprise
SA00461,Customer 00461,Active,Enterprise
SA00462,Customer 00462,Active,Enterprise
SA00463,Customer 00463,Active,SME
SA00464,Customer 00464,Active,Consumer
SA00465,Customer 00465,Active,Consumer
SA00466,Customer 00466,Active,Consumer
SA00467,Customer 00467,Active,Enterprise
SA00468,Customer 00468,Active,Enterprise
SA00469,Customer 00469,Active,SME
SA00470,Customer 00470,Inactive,Consumer
SA00471,Customer 00471,Active,Consumer
SA00472,Customer 00472,Active,Enterprise
SA00473,Customer 00473,Active,Consumer
SA00474,Customer 00474,Active,SME
SA00475,Customer 00475,Active,SME
SA00476,Customer 00476,Active,Enterprise
SA00477,Customer 00477,Active,Consumer
SA00478,Customer 00478,Active,SME
SA00479,Customer 00479,Active,Enterprise
SA00480,Customer 00480,Inactive,SME
SA00481,Customer 00481,Active,SME
SA00482,Customer 00482,Active,SME
SA00483,Customer 00483,Active,Enterprise
SA00484,Customer 00484,Active,SME
SA00485,Customer 00485,Active,Enterprise
SA00486,Customer 00486,Active,SME
SA00487,Customer 00487,Active,SME
SA00488,Customer 00488,Active,Enterprise
SA00489,Customer 00489,Active,SME
SA00490,Customer 00490,Active,Enterprise
SA00491,Customer 00491,Active,Enterprise
SA00492,Customer 00492,Inactive,SME
SA00493,Customer 00493,Inactive,Consumer
SA00494,Customer 00494,Active,Enterprise
SA00495,Customer 00495,Active,Consumer
SA00496,Customer 00496,Active,SME
SA00497,Customer 00497,Active,SME
SA00498,Customer 00498,Active,Consumer
SA00499,Customer 00499,Active,Enterprise
SA00500,Customer 00500,Inactive,Consumer
SA00501,Customer 00501,Active,SME
SA00502,Customer 00502,Active,Enterprise
SA00503,Customer 00503,Active,Consumer
SA00504,Customer 00504,Active,Enterprise
SA00505,Customer 00505,Active,SME
SA00506,Customer 00506,Inactive,Enterprise
SA00507,Customer 00507,Active,SME
SA00508,Customer 00508,Active,Consumer
SA00509,Customer 00509,Active,Consumer
SA00510,Customer 00510,Active,SME
SA00511,Customer 00511,Inactive,Enterprise
SA00512,Customer 00512,Active,Consumer
SA00513,Customer 00513,Active,Enterprise
SA00514,Customer 00514,Active,SME
SA00515,Customer 00515,Active,SME
SA00516,Customer 00516,Inactive,Consumer
SA00517,Customer 00517,Active,Consumer
SA00518,Customer 00518,Active,SME
SA00519,Customer 00519,Active,Consumer
SA00520,Customer 00520,Active,Enterprise
SA00521,Customer 00521,Active,Consumer
SA00522,Customer 00522,Active,Consumer
SA00523,Customer 00523,Active,SME
SA00524,Customer 00524,Active,Consumer
SA00525,Customer 00525,Active,Enterprise
SA00526,Customer 00526,Active,SME
SA00527,Customer 00527,Active,SME
SA00528,Customer 00528,Active,Consumer
SA00529,Customer 00529,Active,SME
SA00530,Customer 00530,Inactive,Enterprise
SA00531,Customer 00531,Active,Consumer
SA00532,Customer 00532,Active,SME
SA00533,Customer 00533,Inactive,SME
SA00534,Customer 00534,Active,SME
SA00535,Customer 00535,Active,SME
SA00536,Customer 00536,Active,Consumer
SA00537,Customer 00537,Inactive,SME
SA00538,Customer 00538,Active,SME
SA00539,Customer 00539,Active,Enterprise
SA00540,Customer 00540,Active,Enterprise
SA00541,Customer 00541,Active,Enterprise
SA00542,Customer 00542,Active,Consumer
SA00543,Customer 00543,Active,Enterprise
SA00544,Customer 00544,Active,Consumer
SA00545,Customer 00545,Inactive,Enterprise
SA00546,Customer 00546,Active,SME
SA00547,Customer 00547,Active,Consumer
SA00548,Customer 00548,Active,SME
SA00549,Customer 00549,Active,Consumer
SA00550,Customer 00550,Active,Enterprise
SA00551,Customer 00551,Active,Enterprise
SA00552,Customer 00552,Active,Consumer
SA00553,Customer 00553,Active,Enterprise
SA00554,Customer 00554,Active,SME
SA00555,Customer 00555,Active,Consumer
SA00556,Customer 00556,Active,Enterprise
SA00557,Customer 00557,Active,SME
SA00558,Customer 00558,Active,SME
SA00559,Customer 00559,Active,Consumer
SA00560,Customer 00560,Active,SME
SA00561,Customer 00561,Active,SME
SA00562,Customer 00562,Active,SME
SA00563,Customer 00563,Inactive,SME
SA00564,Customer 00564,Inactive,SME
SA00565,Customer 00565,Active,SME
SA00566,Customer 00566,Active,SME
SA00567,Customer 00567,Inactive,Consumer
SA00568,Customer 00568,Active,Consumer
SA00569,Customer 00569,Active,Enterprise
SA00570,Customer 00570,Active,SME
SA00571,Customer 00571,Inactive,Enterprise
SA00572,Customer 00572,Active,SME
SA00573,Customer 00573,Active,Enterprise
SA00574,Customer 00574,Active,SME
SA00575,Customer 00575,Active,Enterprise
SA00576,Customer 00576,Active,SME
SA00577,Customer 00577,Active,SME
SA00578,Customer 00578,Active,Consumer
SA00579,Customer 00579,Active,Enterprise
SA00580,Customer 00580,Active,Enterprise
SA00581,Customer 00581,Active,Enterprise
SA00582,Customer 00582,Active,Consumer
SA00583,Customer 00583,Active,SME
SA00584,Customer 00584,Inactive,SME
SA00585,Customer 00585,Active,Consumer
SA00586,Customer 00586,Active,Consumer
SA00587,Customer 00587,Active,SME
SA00588,Customer 00588,Active,Consumer
SA00589,Customer 00589,Active,Consumer
SA00590,Customer 00590,Active,SME
SA00591,Customer 00591,Active,Enterprise
SA00592,Customer 00592,Active,Enterprise
SA00593,Customer 00593,Active,Enterprise
SA00594,Customer 00594,Active,SME
SA00595,Customer 00595,Active,SME
SA00596,Customer 00596,Active,SME
SA00597,Customer 00597,Active,SME
SA00598,Customer 00598,Active,SME
SA00599,Customer 00599,Inactive,SME
SA00600,Customer 00600,Active,Enterprise
SA00601,Customer 00601,Active,Enterprise
SA00602,Customer 00602,Active,SME
SA00603,Customer 00603,Active,Consumer
SA00604,Customer 00604,Inactive,SME
SA00605,Customer 00605,Active,Consumer
SA00606,Customer 00606,Active,Enterprise
SA00607,Customer 00607,Inactive,Consumer
SA00608,Customer 00608,Active,Consumer
SA00609,Customer 00609,Inactive,Enterprise
SA00610,Customer 00610,Active,Enterprise
SA00611,Customer 00611,Active,Consumer
SA00612,Customer 00612,Active,Consumer
SA00613,Customer 00613,Active,Consumer
SA00614,Customer 00614,Active,Enterprise
SA00615,Customer 00615,Active,Consumer
SA00616,Customer 00616,Inactive,Enterprise
SA00617,Customer 00617,Active,Consumer
SA00618,Customer 00618,Active,Consumer
SA00619,Customer 00619,Active,SME
SA00620,Customer 00620,Active,Consumer
SA00621,Customer 00621,Active,Consumer
SA00622,Customer 00622,Active,Consumer
SA00623,Customer 00623,Active,SME
SA00624,Customer 00624,Active,Enterprise
SA00625,Customer 00625,Active,SME
SA00626,Customer 00626,Active,Enterprise
SA00627,Customer 00627,Active,SME
SA00628,Customer 00628,Active,Enterprise
SA00629,Customer 00629,Active,Enterprise
SA00630,Customer 00630,Active,SME
SA00631,Customer 00631,Active,Consumer
SA00632,Customer 00632,Active,SME
SA00633,Customer 00633,Active,SME
SA00634,Customer 00634,Active,SME
SA00635,Customer 00635,Active,SME
SA00636,Customer 00636,Active,Consumer
SA00637,Customer 00637,Active,Consumer
SA00638,Customer 00638,Active,SME
SA00639,Customer 00639,Active,Enterprise
SA00640,Customer 00640,Active,SME
SA00641,Customer 00641,Active,Enterprise
SA00642,Customer 00642,Active,SME
SA00643,Customer 00643,Active,SME
SA00644,Customer 00644,Active,Enterprise
SA00645,Customer 00645,Active,Enterprise
SA00646,Customer 00646,Active,Enterprise
SA00647,Customer 00647,Active,Consumer
SA00648,Customer 00648,Active,Consumer
SA00649,Customer 00649,Active,SME
SA00650,Customer 00650,Active,Enterprise
SA00651,Customer 00651,Active,SME
SA00652,Customer 00652,Active,SME
SA00653,Customer 00653,Active,Consumer
SA00654,Customer 00654,Active,SME
SA00655,Customer 00655,Active,Consumer
SA00656,Customer 00656,Active,Consumer
SA00657,Customer 00657,Active,SME
SA00658,Customer 00658,Active,Enterprise
SA00659,Customer 00659,Active,Enterprise
SA00660,Customer 00660,Active,Enterprise
SA00661,Customer 00661,Active,SME
SA00662,Customer 00662,Active,SME
SA00663,Customer 00663,Active,Enterprise
SA00664,Customer 00664,Active,SME
SA00665,Customer 00665,Active,SME
SA00666,Customer 00666,Active,Enterprise
SA00667,Customer 00667,Active,Enterprise
SA00668,Customer 00668,Active,Consumer
SA00669,Customer 00669,Active,Enterprise
SA00670,Customer 00670,Active,SME
SA00671,Customer 00671,Active,SME
SA00672,Customer 00672,Active,Enterprise
SA00673,Customer 00673,Active,Enterprise
SA00674,Customer 00674,Active,Enterprise
SA00675,Customer 00675,Inactive,Enterprise
SA00676,Customer 00676,Active,Consumer
SA00677,Customer 00677,Active,SME
SA00678,Customer 00678,Inactive,SME
SA00679,Customer 00679,Active,Consumer
SA00680,Customer 00680,Active,SME
SA00681,Customer 00681,Active,Enterprise
SA00682,Customer 00682,Active,Consumer
SA00683,Customer 00683,Active,Enterprise
SA00684,Customer 00684,Active,SME
SA00685,Customer 00685,Active,Consumer
SA00686,Customer 00686,Active,Enterprise
SA00687,Customer 00687,Active,Enterprise
SA00688,Customer 00688,Active,Consumer
SA00689,Customer 00689,Active,Enterprise
SA00690,Customer 00690,Active,Consumer
SA00691,Customer 00691,Active,Enterprise
SA00692,Customer 00692,Active,Enterprise
SA00693,Customer 00693,Active,SME
SA00694,Customer 00694,Active,Enterprise
SA00695,Customer 00695,Active,SME
SA00696,Customer 00696,Active,Enterprise
SA00697,Customer 00697,Active,SME
SA00698,Customer 00698,Active,SME
SA00699,Customer 00699,Active,SME
SA00700,Customer 00700,Inactive,Consumer
SA00701,Customer 00701,Active,SME
SA00702,Customer 00702,Inactive,Consumer
SA00703,Customer 00703,Active,SME
SA00704,Customer 00704,Active,Consumer
SA00705,Customer 00705,Active,SME
SA00706,Customer 00706,Active,SME
SA00707,Customer 00707,Active,Consumer
SA00708,Customer 00708,Active,Enterprise
SA00709,Customer 00709,Active,Consumer
SA00710,Customer 00710,Active,Enterprise
SA00711,Customer 00711,Active,Consumer
SA00712,Customer 00712,Active,Consumer
SA00713,Customer 00713,Active,Enterprise
SA00714,Customer 00714,Active,SME
SA00715,Customer 00715,Active,SME
SA00716,Customer 00716,Active,SME
SA00717,Customer 00717,Active,SME
SA00718,Customer 00718,Active,Enterprise
SA00719,Customer 00719,Active,Enterprise
SA00720,Customer 00720,Inactive,Consumer
SA00721,Customer 00721,Active,Consumer
SA00722,Customer 00722,Active,Enterprise
SA00723,Customer 00723,Active,Consumer
SA00724,Customer 00724,Active,SME
SA00725,Customer 00725,Active,Consumer
SA00726,Customer 00726,Active,Consumer
SA00727,Customer 00727,Active,Enterprise
SA00728,Customer 00728,Active,Enterprise
SA00729,Customer 00729,Active,SME
SA00730,Customer 00730,Active,Enterprise
SA00731,Customer 00731,Active,Consumer
SA00732,Customer 00732,Active,SME
SA00733,Customer 00733,Active,Enterprise
SA00734,Customer 00734,Active,Enterprise
SA00735,Customer 00735,Active,Enterprise
SA00736,Customer 00736,Active,Enterprise
SA00737,Customer 00737,Active,SME
SA00738,Customer 00738,Active,Enterprise
SA00739,Customer 00739,Active,Enterprise
SA00740,Customer 00740,Active,Enterprise
SA00741,Customer 00741,Active,SME
SA00742,Customer 00742,Active,SME
SA00743,Customer 00743,Active,SME
SA00744,Customer 00744,Active,SME
SA00745,Customer 00745,Active,SME
SA00746,Customer 00746,Active,Consumer
SA00747,Customer 00747,Active,SME
SA00748,Customer 00748,Active,Consumer
SA00749,Customer 00749,Active,Enterprise
SA00750,Customer 00750,Active,Enterprise
SA00751,Customer 00751,Active,Enterprise
SA00752,Customer 00752,Active,SME
SA00753,Customer 00753,Inactive,Enterprise
SA00754,Customer 00754,Active,SME
SA00755,Customer 00755,Active,Enterprise
SA00756,Customer 00756,Active,Consumer
SA00757,Customer 00757,Active,SME
SA00758,Customer 00758,Inactive,Consumer
SA00759,Customer 00759,Active,Consumer
SA00760,Customer 00760,Active,Enterprise
SA00761,Customer 00761,Active,SME
SA00762,Customer 00762,Active,Enterprise
SA00763,Customer 00763,Active,SME
SA00764,Customer 00764,Inactive,SME
SA00765,Customer 00765,Active,SME
SA00766,Customer 00766,Active,Consumer
SA00767,Customer 00767,Active,Enterprise
SA00768,Customer 00768,Active,SME
SA00769,Customer 00769,Active,Enterprise
SA00770,Customer 00770,Active,SME
SA00771,Customer 00771,Active,Enterprise
SA00772,Customer 00772,Inactive,Enterprise
SA00773,Customer 00773,Active,SME
SA00774,Customer 00774,Active,Enterprise
SA00775,Customer 00775,Active,SME
SA00776,Customer 00776,Active,Enterprise
SA00777,Customer 00777,Active,SME
SA00778,Customer 00778,Active,Enterprise
SA00779,Customer 00779,Inactive,SME
SA00780,Customer 00780,Active,Enterprise
SA00781,Customer 00781,Active,Consumer
SA00782,Customer 00782,Active,Enterprise
SA00783,Customer 00783,Inactive,Enterprise
SA00784,Customer 00784,Active,Enterprise
SA00785,Customer 00785,Active,SME
SA00786,Customer 00786,Active,SME
SA00787,Customer 00787,Active,Consumer
SA00788,Customer 00788,Active,SME
SA00789,Customer 00789,Active,Consumer
SA00790,Customer 00790,Active,SME
SA00791,Customer 00791,Active,Consumer
SA00792,Customer 00792,Active,Enterprise
SA00793,Customer 00793,Active,Enterprise
SA00794,Customer 00794,Active,SME
SA00795,Customer 00795,Active,Enterprise
SA00796,Customer 00796,Active,SME
SA00797,Customer 00797,Active,Consumer
SA00798,Customer 00798,Active,Enterprise
SA00799,Customer 00799,Active,Consumer
SA00800,Customer 00800,Active,Consumer
SA00801,Customer 00801,Active,Enterprise
SA00802,Customer 00802,Active,SME
SA00803,Customer 00803,Active,Enterprise
SA00804,Customer 00804,Active,Consumer
SA00805,Customer 00805,Active,SME
SA00806,Customer 00806,Inactive,SME
SA00807,Customer 00807,Inactive,Consumer
SA00808,Customer 00808,Active,Enterprise
SA00809,Customer 00809,Inactive,SME
SA00810,Customer 00810,Active,SME
SA00811,Customer 00811,Active,SME
SA00812,Customer 00812,Inactive,Consumer
SA00813,Customer 00813,Active,Consumer
SA00814,Customer 00814,Active,Consumer
SA00815,Customer 00815,Active,SME
SA00816,Customer 00816,Active,Consumer
SA00817,Customer 00817,Active,Enterprise
SA00818,Customer 00818,Active,SME
SA00819,Customer 00819,Active,Consumer
SA00820,Customer 00820,Active,Enterprise
SA00821,Customer 00821,Active,SME
SA00822,Customer 00822,Active,Consumer
SA00823,Customer 00823,Active,SME
SA00824,Customer 00824,Inactive,SME
SA00825,Customer 00825,Active,Enterprise
SA00826,Customer 00826,Active,SME
SA00827,Customer 00827,Inactive,SME
SA00828,Customer 00828,Active,SME
SA00829,Customer 00829,Inactive,Enterprise
SA00830,Customer 00830,Active,Consumer
SA00831,Customer 00831,Active,SME
SA00832,Customer 00832,Inactive,SME
SA00833,Customer 00833,Active,Consumer
SA00834,Customer 00834,Active,SME
SA00835,Customer 00835,Active,Consumer
SA00836,Customer 00836,Inactive,Consumer
SA00837,Customer 00837,Active,Consumer
SA00838,Customer 00838,Active,Enterprise
SA00839,Customer 00839,Active,SME
SA00840,Customer 00840,Active,SME
SA00841,Customer 00841,Active,Consumer
SA00842,Customer 00842,Active,SME
SA00843,Customer 00843,Active,Enterprise
SA00844,Customer 00844,Active,Consumer
SA00845,Customer 00845,Active,SME
SA00846,Customer 00846,Active,Consumer
SA00847,Customer 00847,Active,Enterprise
SA00848,Customer 00848,Active,Consumer
SA00849,Customer 00849,Active,Consumer
SA00850,Customer 00850,Active,Consumer
SA00851,Customer 00851,Active,Consumer
SA00852,Customer 00852,Active,Consumer
SA00853,Customer 00853,Active,SME
SA00854,Customer 00854,Active,Enterprise
SA00855,Customer 00855,Active,Enterprise
SA00856,Customer 00856,Active,SME
SA00857,Customer 00857,Active,Consumer
SA00858,Customer 00858,Active,SME
SA00859,Customer 00859,Active,Consumer
SA00860,Customer 00860,Active,Consumer
SA00861,Customer 00861,Active,Enterprise
SA00862,Customer 00862,Active,Consumer
SA00863,Customer 00863,Active,Enterprise
SA00864,Customer 00864,Active,Consumer
SA00865,Customer 00865,Active,Enterprise
SA00866,Customer 00866,Active,Enterprise
SA00867,Customer 00867,Active,Enterprise
SA00868,Customer 00868,Active,Enterprise
SA00869,Customer 00869,Active,Consumer
SA00870,Customer 00870,Active,Consumer
SA00871,Customer 00871,Active,SME
SA00872,Customer 00872,Active,Consumer
SA00873,Customer 00873,Active,Consumer
SA00874,Customer 00874,Active,SME
SA00875,Customer 00875,Inactive,Enterprise
SA00876,Customer 00876,Active,Enterprise
SA00877,Customer 00877,Active,Consumer
SA00878,Customer 00878,Active,Consumer
SA00879,Customer 00879,Active,Consumer
SA00880,Customer 00880,Active,SME
SA00881,Customer 00881,Active,SME
SA00882,Customer 00882,Active,SME
SA00883,Customer 00883,Active,SME
SA00884,Customer 00884,Active,Consumer
SA00885,Customer 00885,Active,SME
SA00886,Customer 00886,Active,Enterprise
SA00887,Customer 00887,Active,Consumer
SA00888,Customer 00888,Active,Consumer
SA00889,Customer 00889,Active,Consumer
SA00890,Customer 00890,Active,SME
SA00891,Customer 00891,Active,SME
SA00892,Customer 00892,Active,SME
SA00893,Customer 00893,Active,Enterprise
SA00894,Customer 00894,Active,Enterprise
SA00895,Customer 00895,Active,SME
SA00896,Customer 00896,Active,SME
SA00897,Customer 00897,Active,SME
SA00898,Customer 00898,Active,Consumer
SA00899,Customer 00899,Active,Enterprise
SA00900,Customer 00900,Active,Enterprise
SA00901,Customer 00901,Active,Enterprise
SA00902,Customer 00902,Active,Consumer
SA00903,Customer 00903,Active,Enterprise
SA00904,Customer 00904,Active,SME
SA00905,Customer 00905,Active,Consumer
SA00906,Customer 00906,Active,Enterprise
SA00907,Customer 00907,Active,SME
SA00908,Customer 00908,Inactive,Consumer
SA00909,Customer 00909,Active,Enterprise
SA00910,Customer 00910,Active,SME
SA00911,Customer 00911,Active,Consumer
SA00912,Customer 00912,Active,Enterprise
SA00913,Customer 00913,Active,SME
SA00914,Customer 00914,Active,Consumer
SA00915,Customer 00915,Inactive,Consumer
SA00916,Customer 00916,Active,SME
SA00917,Customer 00917,Active,Enterprise
SA00918,Customer 00918,Active,SME
SA00919,Customer 00919,Active,Consumer
SA00920,Customer 00920,Inactive,SME
SA00921,Customer 00921,Active,SME
SA00922,Customer 00922,Active,Consumer
SA00923,Customer 00923,Active,SME
SA00924,Customer 00924,Active,Enterprise
SA00925,Customer 00925,Active,Consumer
SA00926,Customer 00926,Active,SME
SA00927,Customer 00927,Active,Enterprise
SA00928,Customer 00928,Active,Enterprise
SA00929,Customer 00929,Active,SME
SA00930,Customer 00930,Active,Enterprise
SA00931,Customer 00931,Active,Enterprise
SA00932,Customer 00932,Active,SME
SA00933,Customer 00933,Active,Consumer
SA00934,Customer 00934,Inactive,Consumer
SA00935,Customer 00935,Active,SME
SA00936,Customer 00936,Active,Enterprise
SA00937,Customer 00937,Active,SME
SA00938,Customer 00938,Active,Enterprise
SA00939,Customer 00939,Active,Consumer
SA00940,Customer 00940,Active,SME
SA00941,Customer 00941,Inactive,Enterprise
SA00942,Customer 00942,Active,SME
SA00943,Customer 00943,Active,Enterprise
SA00944,Customer 00944,Active,SME
SA00945,Customer 00945,Active,SME
SA00946,Customer 00946,Active,Enterprise
SA00947,Customer 00947,Active,Enterprise
SA00948,Customer 00948,Active,Consumer
SA00949,Customer 00949,Active,Consumer
SA00950,Customer 00950,Active,Consumer
SA00951,Customer 00951,Active,Enterprise
SA00952,Customer 00952,Active,Consumer
SA00953,Customer 00953,Active,Enterprise
SA00954,Customer 00954,Active,Enterprise
SA00955,Customer 00955,Active,Consumer
SA00956,Customer 00956,Active,Enterprise
SA00957,Customer 00957,Inactive,SME
SA00958,Customer 00958,Active,SME
SA00959,Customer 00959,Active,Consumer
SA00960,Customer 00960,Active,Consumer
SA00961,Customer 00961,Active,Enterprise
SA00962,Customer 00962,Active,Enterprise
SA00963,Customer 00963,Active,Enterprise
SA00964,Customer 00964,Active,Enterprise
SA00965,Customer 00965,Active,Consumer
SA00966,Customer 00966,Active,Enterprise
SA00967,Customer 00967,Active,SME
SA00968,Customer 00968,Active,Enterprise
SA00969,Customer 00969,Active,Enterprise
SA00970,Customer 00970,Active,Enterprise
SA00971,Customer 00971,Active,Enterprise
SA00972,Customer 00972,Inactive,SME
SA00973,Customer 00973,Active,Enterprise
SA00974,Customer 00974,Active,SME
SA00975,Customer 00975,Active,Consumer
SA00976,Customer 00976,Active,SME
SA00977,Customer 00977,Active,Consumer
SA00978,Customer 00978,Active,Consumer
SA00979,Customer 00979,Active,Enterprise
SA00980,Customer 00980,Active,SME
SA00981,Customer 00981,Inactive,Consumer
SA00982,Customer 00982,Active,Enterprise
SA00983,Customer 00983,Active,SME
SA00984,Customer 00984,Active,Consumer
SA00985,Customer 00985,Active,Consumer
SA00986,Customer 00986,Active,Consumer
SA00987,Customer 00987,Active,SME
SA00988,Customer 00988,Active,SME
SA00989,Customer 00989,Active,Consumer
SA00990,Customer 00990,Active,Enterprise
SA00991,Customer 00991,Active,Consumer
SA00992,Customer 00992,Active,SME
SA00993,Customer 00993,Inactive,SME
SA00994,Customer 00994,Active,SME
SA00995,Customer 00995,Active,Consumer
SA00996,Customer 00996,Inactive,Enterprise
SA00997,Customer 00997,Active,Consumer
SA00998,Customer 00998,Active,SME
SA00999,Customer 00999,Active,SME
SA01000,Customer 01000,Active,Enterprise
