asset_id,account_id,standard_product_code,product_code,product_name,product_family,service_status,install_date
SAS00001,SA00689,STD_BB_FTTP,SBB_FTTP,Siebel Broadband FTTP,Broadband,Active,2023-01-17
SAS00002,SA00138,STD_BB_FTTP,SBB_FTTP,Siebel Broadband FTTP,Broadband,Active,2025-04-05
SAS00003,SA00411,STD_BB_FTTC,SBB_FTTC,Siebel Broadband FTTC,Broadband,Active,2024-02-03
SAS00004,SA00296,STD_BB_FTTC,SBB_FTTC,Siebel Broadband FTTC,Broadband,Active,2025-07-11
SAS00005,SA00846,STD_PSTN_LINE,SPSTN_LINE,Siebel PSTN Line,Voice,Active,2023-09-01
SAS00006,SA00404,STD_BB_FTTP,SBB_FTTP,Siebel Broadband FTTP,Broadband,Active,2024-11-25
SAS00007,SA00774,STD_BB_FTTC,SBB_FTTC,Siebel Broadband FTTC,Broadband,Active,2025-11-08
SAS00008,SA00042,STD_BB_FTTC,SBB_FTTC,Siebel Broadband FTTC,Broadband,Active,2024-11-13
SAS00009,SA00468,STD_BB_FTTC,SBB_FTTC,Siebel Broadband FTTC,Broadband,Active,2025-11-21
SAS00010,SA00954,STD_PSTN_LINE,SPSTN_LINE,Siebel PSTN Line,Voice,Active,2025-03-15
SAS00011,SA00608,STD_BB_FTTP,SBB_FTTP,Siebel Broadband FTTP,Broadband,Active,2025-11-09
SAS00012,SA00726,STD_PSTN_LINE,SPSTN_LINE,Siebel PSTN Line,Voice,Active,2023-02-04
SAS00013,SA00690,STD_BB_FTTC,SBB_FTTC,Siebel Broadband FTTC,Broadband,Pending,2024-09-22
SAS00014,SA00272,STD_PSTN_LINE,SPSTN_LINE,Siebel PSTN Line,Voice,Active,2024-04-11
SAS00015,SA00175,STD_PSTN_LINE,SPSTN_LINE,Siebel PSTN Line,Voice,Active,2025-02-17
SAS00016,SA00033,STD_PSTN_LINE,SPSTN_LINE,Siebel PSTN Line,Voice,Ceased,2023-08-14
SAS00017,SA00452,STD_BB_FTTP,SBB_FTTP,Siebel Broadband FTTP,Broadband,Active,2025-04-25
SAS00018,SA00514,STD_PSTN_LINE,SPSTN_LINE,Siebel PSTN Line,Voice,Ceased,2023-05-08
SAS00019,SA00213,STD_PSTN_LINE,SPSTN_LINE,Siebel PSTN Line,Voice,Active,2025-09-06
SAS00020,SA00322,STD_BB_FTTC,SBB_FTTC,Siebel Broadband FTTC,Broadband,Active,2025-12-27
SAS00021,SA00363,STD_PSTN_LINE,SPSTN_LINE,Siebel PSTN Line,Voice,Active,2024-06-25
SAS00022,SA00197,STD_BB_FTTC,SBB_FTTC,Siebel Broadband FTTC,Broadband,Active,2024-09-03
SAS00023,SA00790,STD_BB_FTTP,SBB_FTTP,Siebel Broadband FTTP,Broadband,Active,2025-09-28
SAS00024,SA00358,STD_PSTN_LINE,SPSTN_LINE,Siebel PSTN Line,Voice,Ceased,2024-07-14
SAS00025,SA00588,STD_PSTN_LINE,SPSTN_LINE,Siebel PSTN Line,Voice,Active,2025-03-19
SAS00026,SA00298,STD_BB_FTTC,SBB_FTTC,Siebel Broadband FTTC,Broadband,Active,2023-06-11
SAS00027,SA00672,STD_BB_FTTP,SBB_FTTP,Siebel Broadband FTTP,Broadband,Active,2024-03-14
SAS00028,SA00278,STD_PSTN_LINE,SPSTN_LINE,Siebel PSTN Line,Voice,Active,2023-10-09
SAS00029,SA00249,STD_BB_FTTC,SBB_FTTC,Siebel Broadband FTTC,Broadband,Active,2025-12-23
SAS00030,SA00054,STD_BB_FTTC,SBB_FTTC,Siebel Broadband FTTC,Broadband,Active,2025-08-25
SAS00031,SA00006,STD_PSTN_LINE,SPSTN_LINE,Siebel PSTN Line,Voice,Pending,2023-11-20
SAS00032,SA00489,STD_PSTN_LINE,SPSTN_LINE,Siebel PSTN Line,Voice,Active,2024-08-11
SAS00033,SA00662,STD_BB_FTTC,SBB_FTTC,Siebel Broadband FTTC,Broadband,Ceased,2023-07-03
SAS00034,SA00548,STD_PSTN_LINE,SPSTN_LINE,Siebel PSTN Line,Voice,Active,2023-03-18
SAS00035,SA00904,STD_BB_FTTC,SBB_FTTC,Siebel Broadband FTTC,Broadband,Ceased,2023-03-16
SAS00036,SA00191,STD_PSTN_LINE,SPSTN_LINE,Siebel PSTN Line,Voice,Pending,2024-08-15
SAS00037,SA00306,STD_PSTN_LINE,SPSTN_LINE,Siebel PSTN Line,Voice,Active,2024-11-17
SAS00038,SA00657,STD_PSTN_LINE,SPSTN_LINE,Siebel PSTN Line,Voice,Active,2023-10-02
SAS00039,SA00280,STD_BB_FTTC,SBB_FTTC,Siebel Broadband FTTC,Broadband,Active,2024-11-08
SAS00040,SA00664,STD_BB_FTTP,SBB_FTTP,Siebel Broadband FTTP,Broadband,Active,2023-01-29
SAS00041,SA00582,STD_PSTN_LINE,SPSTN_LINE,Siebel PSTN Line,Voice,Active,2023-12-26
SAS00042,SA00847,STD_BB_FTTP,SBB_FTTP,Siebel Broadband FTTP,Broadband,Active,2023-06-27
SAS00043,SA00190,STD_BB_FTTC,SBB_FTTC,Siebel Broadband FTTC,Broadband,Active,2024-05-23
SAS00044,SA00393,STD_BB_FTTC,SBB_FTTC,Siebel Broadband FTTC,Broadband,Active,2024-06-30
SAS00045,SA00597,STD_PSTN_LINE,SPSTN_LINE,Siebel PSTN Line,Voice,Active,2024-06-19
SAS00046,SA00064,STD_PSTN_LINE,SPSTN_LINE,Siebel PSTN Line,Voice,Active,2024-09-20
SAS00047,SA00703,STD_PSTN_LINE,SPSTN_LINE,Siebel PSTN Line,Voice,Ceased,2024-09-28
SAS00048,SA00377,STD_PSTN_LINE,SPSTN_LINE,Siebel PSTN Line,Voice,Active,2023-10-01
SAS00049,SA00466,STD_PSTN_LINE,SPSTN_LINE,Siebel PSTN Line,Voice,Pending,2025-02-04
SAS00050,SA00935,STD_BB_FTTP,SBB_FTTP,Siebel Broadband FTTP,Broadband,Active,2024-03-23
SAS00051,SA00539,STD_BB_FTTP,SBB_FTTP,Siebel Broadband FTTP,Broadband,Active,2025-01-10
SAS00052,SA00064,STD_PSTN_LINE,SPSTN_LINE,Siebel PSTN Line,Voice,Ceased,2024-02-19
SAS00053,SA00154,STD_BB_FTTC,SBB_FTTC,Siebel Broadband FTTC,Broadband,Active,2025-12-01
SAS00054,SA00697,STD_BB_FTTC,SBB_FTTC,Siebel Broadband FTTC,Broadband,Active,2025-09-28
SAS00055,SA00457,STD_BB_FTTC,SBB_FTTC,Siebel Broadband FTTC,Broadband,Active,2025-11-17
SAS00056,SA00578,STD_BB_FTTC,SBB_FTTC,Siebel Broadband FTTC,Broadband,Active,2024-09-23
SAS00057,SA00261,STD_BB_FTTC,SBB_FTTC,Siebel Broadband FTTC,Broadband,Active,2023-05-30
SAS00058,SA00353,STD_PSTN_LINE,SPSTN_LINE,Siebel PSTN Line,Voice,Active,2023-05-04
SAS00059,SA00033,STD_BB_FTTP,SBB_FTTP,Siebel Broadband FTTP,Broadband,Active,2023-10-05
SAS00060,SA00913,STD_BB_FTTP,SBB_FTTP,Siebel Broadband FTTP,Broadband,Active,2025-02-12
SAS00061,SA00700,STD_PSTN_LINE,SPSTN_LINE,Siebel PSTN Line,Voice,Inactive,2023-09-30
SAS00062,SA00183,STD_PSTN_LINE,SPSTN_LINE,Siebel PSTN Line,Voice,Active,2023-09-18
SAS00063,SA00775,STD_BB_FTTC,SBB_FTTC,Siebel Broadband FTTC,Broadband,Pending,2025-08-06
SAS00064,SA00545,STD_BB_FTTP,SBB_FTTP,Siebel Broadband FTTP,Broadband,Inactive,2024-05-21
SAS00065,SA00159,STD_BB_FTTP,SBB_FTTP,Siebel Broadband FTTP,Broadband,Active,2023-08-20
SAS00066,SA00630,STD_BB_FTTC,SBB_FTTC,Siebel Broadband FTTC,Broadband,Active,2023-05-18
SAS00067,SA00458,STD_PSTN_LINE,SPSTN_LINE,Siebel PSTN Line,Voice,Active,2023-04-10
SAS00068,SA00412,STD_BB_FTTP,SBB_FTTP,Siebel Broadband FTTP,Broadband,Active,2024-03-20
SAS00069,SA00516,STD_BB_FTTP,SBB_FTTP,Siebel Broadband FTTP,Broadband,Active,2024-10-15
SAS00070,SA00243,STD_BB_FTTP,SBB_FTTP,Siebel Broadband FTTP,Broadband,Inactive,2025-12-03
SAS00071,SA00308,STD_BB_FTTP,SBB_FTTP,Siebel Broadband FTTP,Broadband,Active,2023-12-25
SAS00072,SA00508,STD_BB_FTTC,SBB_FTTC,Siebel Broadband FTTC,Broadband,Pending,2025-02-19
SAS00073,SA00714,STD_BB_FTTP,SBB_FTTP,Siebel Broadband FTTP,Broadband,Active,2024-09-06
SAS00074,SA00773,STD_PSTN_LINE,SPSTN_LINE,Siebel PSTN Line,Voice,Active,2024-04-06
SAS00075,SA00826,STD_BB_FTTP,SBB_FTTP,Siebel Broadband FTTP,Broadband,Ceased,2025-04-25
SAS00076,SA00543,STD_BB_FTTC,SBB_FTTC,Siebel Broadband FTTC,Broadband,Active,2024-06-06
SAS00077,SA00663,STD_BB_FTTC,SBB_FTTC,Siebel Broadband FTTC,Broadband,Ceased,2025-01-29
SAS00078,SA00742,STD_BB_FTTC,SBB_FTTC,Siebel Broadband FTTC,Broadband,Active,2025-02-11
SAS00079,SA00895,STD_BB_FTTC,SBB_FTTC,Siebel Broadband FTTC,Broadband,Active,2024-03-20
SAS00080,SA00891,STD_BB_FTTP,SBB_FTTP,Siebel Broadband FTTP,Broadband,Active,2023-02-01
SAS00081,SA00986,STD_PSTN_LINE,SPSTN_LINE,Siebel PSTN Line,Voice,Active,2025-09-07
SAS00082,SA00407,STD_BB_FTTC,SBB_FTTC,Siebel Broadband FTTC,Broadband,Active,2024-08-02
SAS00083,SA00547,STD_PSTN_LINE,SPSTN_LINE,Siebel PSTN Line,Voice,Active,2024-06-19
SAS00084,SA00904,STD_BB_FTTP,SBB_FTTP,Siebel Broadband FTTP,Broadband,Active,2025-08-19
SAS00085,SA00380,STD_BB_FTTP,SBB_FTTP,Siebel Broadband FTTP,Broadband,Active,2024-03-29
SAS00086,SA00268,STD_PSTN_LINE,SPSTN_LINE,Siebel PSTN Line,Voice,Ceased,2025-05-05
SAS00087,SA00201,STD_BB_FTTP,SBB_FTTP,Siebel Broadband FTTP,Broadband,Active,2024-05-18
SAS00088,SA00671,STD_PSTN_LINE,SPSTN_LINE,Siebel PSTN Line,Voice,Active,2025-09-27
SAS00089,SA00173,STD_PSTN_LINE,SPSTN_LINE,Siebel PSTN Line,Voice,Active,2023-12-13
SAS00090,SA00501,STD_BB_FTTC,SBB_FTTC,Siebel Broadband FTTC,Broadband,Ceased,2023-05-01
SAS00091,SA00860,STD_BB_FTTC,SBB_FTTC,Siebel Broadband FTTC,Broadband,Ceased,2023-04-10
SAS00092,SA00141,STD_PSTN_LINE,SPSTN_LINE,Siebel PSTN Line,Voice,Active,2023-11-06
SAS00093,SA00518,STD_BB_FTTP,SBB_FTTP,Siebel Broadband FTTP,Broadband,Active,2025-09-16
SAS00094,SA00007,STD_PSTN_LINE,SPSTN_LINE,Siebel PSTN Line,Voice,Active,2023-01-25
SAS00095,SA00740,STD_BB_FTTP,SBB_FTTP,Siebel Broadband FTTP,Broadband,Active,2024-08-10
SAS00096,SA00833,STD_PSTN_LINE,SPSTN_LINE,Siebel PSTN Line,Voice,Active,2024-01-03
SAS00097,SA00537,STD_BB_FTTC,SBB_FTTC,Siebel Broadband FTTC,Broadband,Active,2025-12-14
SAS00098,SA00274,STD_BB_FTTP,SBB_FTTP,Siebel Broadband FTTP,Broadband,Active,2025-04-11
SAS00099,SA00714,STD_BB_FTTC,SBB_FTTC,Siebel Broadband FTTC,Broadband,Active,2023-06-15
SAS00100,SA00416,STD_BB_FTTP,SBB_FTTP,Siebel Broadband FTTP,Broadband,Active,2025-09-01
SAS00101,SA00720,STD_BB_FTTC,SBB_FTTC,Siebel Broadband FTTC,Broadband,Active,2025-06-07
SAS00102,SA00917,STD_PSTN_LINE,SPSTN_LINE,Siebel PSTN Line,Voice,Ceased,2024-04-15
SAS00103,SA00278,STD_BB_FTTC,SBB_FTTC,Siebel Broadband FTTC,Broadband,Ceased,2024-07-28
SAS00104,SA00184,STD_BB_FTTP,SBB_FTTP,Siebel Broadband FTTP,Broadband,Active,2024-02-29
SAS00105,SA00771,STD_PSTN_LINE,SPSTN_LINE,Siebel PSTN Line,Voice,Inactive,2023-06-07
SAS00106,SA00578,STD_BB_FTTC,SBB_FTTC,Siebel Broadband FTTC,Broadband,Active,2025-03-07
SAS00107,SA00394,STD_PSTN_LINE,SPSTN_LINE,Siebel PSTN Line,Voice,Active,2023-06-10
SAS00108,SA00055,STD_BB_FTTC,SBB_FTTC,Siebel Broadband FTTC,Broadband,Active,2023-06-05
SAS00109,SA00993,STD_BB_FTTP,SBB_FTTP,Siebel Broadband FTTP,Broadband,Active,2024-07-13
SAS00110,SA00234,STD_BB_FTTP,SBB_FTTP,Siebel Broadband FTTP,Broadband,Active,2025-02-07
SAS00111,SA00697,STD_PSTN_LINE,SPSTN_LINE,Siebel PSTN Line,Voice,Active,2023-06-25
SAS00112,SA00818,STD_BB_FTTC,SBB_FTTC,Siebel Broadband FTTC,Broadband,Active,2023-06-18
SAS00113,SA00390,STD_PSTN_LINE,SPSTN_LINE,Siebel PSTN Line,Voice,Active,2023-11-12
SAS00114,SA00370,STD_BB_FTTC,SBB_FTTC,Siebel Broadband FTTC,Broadband,Active,2024-09-23
SAS00115,SA00780,STD_BB_FTTP,SBB_FTTP,Siebel Broadband FTTP,Broadband,Active,2023-06-28
SAS00116,SA00460,STD_PSTN_LINE,SPSTN_LINE,Siebel PSTN Line,Voice,Active,2025-04-15
SAS00117,SA00092,STD_BB_FTTP,SBB_FTTP,Siebel Broadband FTTP,Broadband,Active,2024-10-26
SAS00118,SA00299,STD_BB_FTTP,SBB_FTTP,Siebel Broadband FTTP,Broadband,Active,2023-06-23
SAS00119,SA00586,STD_PSTN_LINE,SPSTN_LINE,Siebel PSTN Line,Voice,Active,2025-02-18
SAS00120,SA00276,STD_BB_FTTP,SBB_FTTP,Siebel Broadband FTTP,Broadband,Active,2023-10-26
SAS00121,SA00446,STD_BB_FTTP,SBB_FTTP,Siebel Broadband FTTP,Broadband,Active,2025-09-18
SAS00122,SA00258,STD_BB_FTTC,SBB_FTTC,Siebel Broadband FTTC,Broadband,Active,2025-10-12
SAS00123,SA00469,STD_BB_FTTC,SBB_FTTC,Siebel Broadband FTTC,Broadband,Active,2023-01-14
SAS00124,SA00862,STD_PSTN_LINE,SPSTN_LINE,Siebel PSTN Line,Voice,Active,2024-11-05
SAS00125,SA00441,STD_PSTN_LINE,SPSTN_LINE,Siebel PSTN Line,Voice,Pending,2023-10-06
SAS00126,SA00618,STD_PSTN_LINE,SPSTN_LINE,Siebel PSTN Line,Voice,Active,2024-10-05
SAS00127,SA00992,STD_BB_FTTP,SBB_FTTP,Siebel Broadband FTTP,Broadband,Active,2025-10-02
SAS00128,SA00334,STD_BB_FTTP,SBB_FTTP,Siebel Broadband FTTP,Broadband,Active,2025-03-15
SAS00129,SA00955,STD_PSTN_LINE,SPSTN_LINE,Siebel PSTN Line,Voice,Active,2024-01-04
SAS00130,SA00976,STD_PSTN_LINE,SPSTN_LINE,Siebel PSTN Line,Voice,Active,2024-03-05
SAS00131,SA00852,STD_PSTN_LINE,SPSTN_LINE,Siebel PSTN Line,Voice,Active,2025-04-17
SAS00132,SA00649,STD_BB_FTTP,SBB_FTTP,Siebel Broadband FTTP,Broadband,Active,2023-11-12
SAS00133,SA00076,STD_BB_FTTP,SBB_FTTP,Siebel Broadband FTTP,Broadband,Pending,2025-09-08
SAS00134,SA00548,STD_PSTN_LINE,SPSTN_LINE,Siebel PSTN Line,Voice,Ceased,2025-05-06
SAS00135,SA00810,STD_BB_FTTP,SBB_FTTP,Siebel Broadband FTTP,Broadband,Active,2026-01-04
SAS00136,SA00112,STD_BB_FTTC,SBB_FTTC,Siebel Broadband FTTC,Broadband,Active,2024-12-28
SAS00137,SA00577,STD_PSTN_LINE,SPSTN_LINE,Siebel PSTN Line,Voice,Active,2025-03-29
SAS00138,SA00109,STD_BB_FTTC,SBB_FTTC,Siebel Broadband FTTC,Broadband,Active,2024-03-30
SAS00139,SA00572,STD_PSTN_LINE,SPSTN_LINE,Siebel PSTN Line,Voice,Active,2024-03-28
SAS00140,SA00401,STD_BB_FTTP,SBB_FTTP,Siebel Broadband FTTP,Broadband,Active,2025-10-21
SAS00141,SA00026,STD_BB_FTTP,SBB_FTTP,Siebel Broadband FTTP,Broadband,Active,2025-05-01
SAS00142,SA00852,STD_PSTN_LINE,SPSTN_LINE,Siebel PSTN Line,Voice,Active,2024-09-30
SAS00143,SA00804,STD_BB_FTTC,SBB_FTTC,Siebel Broadband FTTC,Broadband,Active,2024-12-14
SAS00144,SA00449,STD_PSTN_LINE,SPSTN_LINE,Siebel PSTN Line,Voice,Active,2024-10-15
SAS00145,SA00046,STD_PSTN_LINE,SPSTN_LINE,Siebel PSTN Line,Voice,Active,2024-12-03
SAS00146,SA00953,STD_PSTN_LINE,SPSTN_LINE,Siebel PSTN Line,Voice,Active,2023-12-24
SAS00147,SA00339,STD_PSTN_LINE,SPSTN_LINE,Siebel PSTN Line,Voice,Active,2025-08-04
SAS00148,SA00645,STD_BB_FTTC,SBB_FTTC,Siebel Broadband FTTC,Broadband,Active,2025-06-04
SAS00149,SA00756,STD_PSTN_LINE,SPSTN_LINE,Siebel PSTN Line,Voice,Inactive,2025-07-09
SAS00150,SA00399,STD_BB_FTTC,SBB_FTTC,Siebel Broadband FTTC,Broadband,Active,2024-02-26
SAS00151,SA00592,STD_BB_FTTC,SBB_FTTC,Siebel Broadband FTTC,Broadband,Active,2026-01-04
SAS00152,SA00334,STD_BB_FTTC,SBB_FTTC,Siebel Broadband FTTC,Broadband,Active,2024-06-21
SAS00153,SA00990,STD_PSTN_LINE,SPSTN_LINE,Siebel PSTN Line,Voice,Active,2025-03-06
SAS00154,SA00602,STD_BB_FTTC,SBB_FTTC,Siebel Broadband FTTC,Broadband,Active,2025-07-26
SAS00155,SA00834,STD_PSTN_LINE,SPSTN_LINE,Siebel PSTN Line,Voice,Active,2024-09-01
SAS00156,SA00689,STD_BB_FTTC,SBB_FTTC,Siebel Broadband FTTC,Broadband,Active,2024-05-03
SAS00157,SA00188,STD_BB_FTTP,SBB_FTTP,Siebel Broadband FTTP,Broadband,Active,2025-11-12
SAS00158,SA00611,STD_BB_FTTC,SBB_FTTC,Siebel Broadband FTTC,Broadband,Active,2025-05-16
SAS00159,SA00651,STD_PSTN_LINE,SPSTN_LINE,Siebel PSTN Line,Voice,Active,2023-12-21
SAS00160,SA00502,STD_BB_FTTP,SBB_FTTP,Siebel Broadband FTTP,Broadband,Active,2024-10-06
SAS00161,SA00887,STD_BB_FTTP,SBB_FTTP,Siebel Broadband FTTP,Broadband,Ceased,2025-09-19
SAS00162,SA00835,STD_BB_FTTP,SBB_FTTP,Siebel Broadband FTTP,Broadband,Pending,2025-11-01
SAS00163,SA00702,STD_BB_FTTP,SBB_FTTP,Siebel Broadband FTTP,Broadband,Active,2025-06-28
SAS00164,SA00085,STD_PSTN_LINE,SPSTN_LINE,Siebel PSTN Line,Voice,Active,2024-03-27
SAS00165,SA00282,STD_BB_FTTC,SBB_FTTC,Siebel Broadband FTTC,Broadband,Active,2023-12-11
SAS00166,SA00563,STD_PSTN_LINE,SPSTN_LINE,Siebel PSTN Line,Voice,Active,2023-08-22
SAS00167,SA00844,STD_BB_FTTP,SBB_FTTP,Siebel Broadband FTTP,Broadband,Active,2023-03-27
SAS00168,SA00224,STD_BB_FTTP,SBB_FTTP,Siebel Broadband FTTP,Broadband,Active,2024-05-21
SAS00169,SA00461,STD_BB_FTTP,SBB_FTTP,Siebel Broadband FTTP,Broadband,Active,2023-06-28
SAS00170,SA00795,STD_BB_FTTC,SBB_FTTC,Siebel Broadband FTTC,Broadband,Active,2024-12-19
SAS00171,SA00170,STD_PSTN_LINE,SPSTN_LINE,Siebel PSTN Line,Voice,Active,2024-02-28
SAS00172,SA00584,STD_BB_FTTP,SBB_FTTP,Siebel Broadband FTTP,Broadband,Active,2023-12-11
SAS00173,SA00297,STD_PSTN_LINE,SPSTN_LINE,Siebel PSTN Line,Voice,Active,2025-11-19
SAS00174,SA00986,STD_BB_FTTP,SBB_FTTP,Siebel Broadband FTTP,Broadband,Ceased,2024-07-21
SAS00175,SA00256,STD_BB_FTTC,SBB_FTTC,Siebel Broadband FTTC,Broadband,Active,2024-05-21
SAS00176,SA00146,STD_PSTN_LINE,SPSTN_LINE,Siebel PSTN Line,Voice,Active,2025-04-28
SAS00177,SA00078,STD_PSTN_LINE,SPSTN_LINE,Siebel PSTN Line,Voice,Active,2023-07-10
SAS00178,SA00768,STD_BB_FTTP,SBB_FTTP,Siebel Broadband FTTP,Broadband,Active,2025-01-25
SAS00179,SA00336,STD_PSTN_LINE,SPSTN_LINE,Siebel PSTN Line,Voice,Active,2023-07-10
SAS00180,SA00871,STD_BB_FTTC,SBB_FTTC,Siebel Broadband FTTC,Broadband,Active,2025-03-25
SAS00181,SA00845,STD_BB_FTTC,SBB_FTTC,Siebel Broadband FTTC,Broadband,Active,2024-10-23
SAS00182,SA00561,STD_PSTN_LINE,SPSTN_LINE,Siebel PSTN Line,Voice,Active,2025-09-20
SAS00183,SA00048,STD_BB_FTTC,SBB_FTTC,Siebel Broadband FTTC,Broadband,Active,2025-07-30
SAS00184,SA00952,STD_BB_FTTC,SBB_FTTC,Siebel Broadband FTTC,Broadband,Active,2023-01-02
SAS00185,SA00706,STD_BB_FTTC,SBB_FTTC,Siebel Broadband FTTC,Broadband,Inactive,2024-09-10
SAS00186,SA00096,STD_PSTN_LINE,SPSTN_LINE,Siebel PSTN Line,Voice,Active,2023-06-18
SAS00187,SA00054,STD_BB_FTTP,SBB_FTTP,Siebel Broadband FTTP,Broadband,Active,2024-04-24
SAS00188,SA00721,STD_BB_FTTC,SBB_FTTC,Siebel Broadband FTTC,Broadband,Active,2025-09-03
SAS00189,SA00608,STD_BB_FTTC,SBB_FTTC,Siebel Broadband FTTC,Broadband,Active,2025-06-30
SAS00190,SA00713,STD_BB_FTTP,SBB_FTTP,Siebel Broadband FTTP,Broadband,Active,2025-05-14
SAS00191,SA00073,STD_BB_FTTC,SBB_FTTC,Siebel Broadband FTTC,Broadband,Active,2023-07-29
SAS00192,SA00377,STD_BB_FTTP,SBB_FTTP,Siebel Broadband FTTP,Broadband,Active,2023-09-30
SAS00193,SA00544,STD_PSTN_LINE,SPSTN_LINE,Siebel PSTN Line,Voice,Active,2023-12-03
SAS00194,SA00740,STD_BB_FTTC,SBB_FTTC,Siebel Broadband FTTC,Broadband,Active,2023-11-07
SAS00195,SA00881,STD_BB_FTTC,SBB_FTTC,Siebel Broadband FTTC,Broadband,Active,2023-07-25
SAS00196,SA00604,STD_PSTN_LINE,SPSTN_LINE,Siebel PSTN Line,Voice,Active,2025-05-29
SAS00197,SA00254,STD_BB_FTTP,SBB_FTTP,Siebel Broadband FTTP,Broadband,Active,2024-05-23
SAS00198,SA00798,STD_PSTN_LINE,SPSTN_LINE,Siebel PSTN Line,Voice,Active,2024-09-09
SAS00199,SA00622,STD_PSTN_LINE,SPSTN_LINE,Siebel PSTN Line,Voice,Active,2025-03-13
SAS00200,SA00803,STD_BB_FTTC,SBB_FTTC,Siebel Broadband FTTC,Broadband,Active,2023-08-19
SAS00201,SA00654,STD_PSTN_LINE,SPSTN_LINE,Siebel PSTN Line,Voice,Active,2023-01-25
SAS00202,SA00136,STD_BB_FTTP,SBB_FTTP,Siebel Broadband FTTP,Broadband,Inactive,2025-05-11
SAS00203,SA00700,STD_BB_FTTC,SBB_FTTC,Siebel Broadband FTTC,Broadband,Active,2023-05-30
SAS00204,SA00015,STD_BB_FTTP,SBB_FTTP,Siebel Broadband FTTP,Broadband,Active,2023-05-04
SAS00205,SA00294,STD_PSTN_LINE,SPSTN_LINE,Siebel PSTN Line,Voice,Active,2025-04-30
SAS00206,SA00085,STD_PSTN_LINE,SPSTN_LINE,Siebel PSTN Line,Voice,Active,2023-11-09
SAS00207,SA00318,STD_BB_FTTC,SBB_FTTC,Siebel Broadband FTTC,Broadband,Active,2024-02-21
SAS00208,SA00335,STD_BB_FTTP,SBB_FTTP,Siebel Broadband FTTP,Broadband,Active,2023-05-16
SAS00209,SA00748,STD_BB_FTTC,SBB_FTTC,Siebel Broadband FTTC,Broadband,Active,2023-06-26
SAS00210,SA00465,STD_PSTN_LINE,SPSTN_LINE,Siebel PSTN Line,Voice,Active,2024-09-25
SAS00211,SA00013,STD_PSTN_LINE,SPSTN_LINE,Siebel PSTN Line,Voice,Active,2023-01-24
SAS00212,SA00976,STD_BB_FTTP,SBB_FTTP,Siebel Broadband FTTP,Broadband,Active,2024-06-14
SAS00213,SA00130,STD_PSTN_LINE,SPSTN_LINE,Siebel PSTN Line,Voice,Active,2024-07-04
SAS00214,SA00344,STD_BB_FTTP,SBB_FTTP,Siebel Broadband FTTP,Broadband,Active,2023-05-11
SAS00215,SA00509,STD_BB_FTTP,SBB_FTTP,Siebel Broadband FTTP,Broadband,Active,2023-04-24
SAS00216,SA00377,STD_BB_FTTC,SBB_FTTC,Siebel Broadband FTTC,Broadband,Active,2023-07-30
SAS00217,SA00234,STD_PSTN_LINE,SPSTN_LINE,Siebel PSTN Line,Voice,Active,2023-04-01
SAS00218,SA00048,STD_BB_FTTP,SBB_FTTP,Siebel Broadband FTTP,Broadband,Active,2023-11-04
SAS00219,SA00567,STD_PSTN_LINE,SPSTN_LINE,Siebel PSTN Line,Voice,Active,2025-05-08
SAS00220,SA00255,STD_BB_FTTP,SBB_FTTP,Siebel Broadband FTTP,Broadband,Ceased,2024-10-17
SAS00221,SA00586,STD_BB_FTTP,SBB_FTTP,Siebel Broadband FTTP,Broadband,Active,2023-04-18
SAS00222,SA00824,STD_PSTN_LINE,SPSTN_LINE,Siebel PSTN Line,Voice,Pending,2025-04-01
SAS00223,SA00887,STD_BB_FTTP,SBB_FTTP,Siebel Broadband FTTP,Broadband,Active,2024-09-28
SAS00224,SA00567,STD_BB_FTTP,SBB_FTTP,Siebel Broadband FTTP,Broadband,Active,2024-02-15
SAS00225,SA00758,STD_PSTN_LINE,SPSTN_LINE,Siebel PSTN Line,Voice,Active,2025-01-24
SAS00226,SA00792,STD_BB_FTTC,SBB_FTTC,Siebel Broadband FTTC,Broadband,Active,2024-05-17
SAS00227,SA00955,STD_BB_FTTP,SBB_FTTP,Siebel Broadband FTTP,Broadband,Active,2024-12-10
SAS00228,SA00002,STD_PSTN_LINE,SPSTN_LINE,Siebel PSTN Line,Voice,Active,2024-09-21
SAS00229,SA00543,STD_BB_FTTC,SBB_FTTC,Siebel Broadband FTTC,Broadband,Active,2023-05-03
SAS00230,SA00096,STD_BB_FTTC,SBB_FTTC,Siebel Broadband FTTC,Broadband,Ceased,2025-11-30
SAS00231,SA00470,STD_PSTN_LINE,SPSTN_LINE,Siebel PSTN Line,Voice,Active,2023-07-15
SAS00232,SA00653,STD_BB_FTTP,SBB_FTTP,Siebel Broadband FTTP,Broadband,Active,2023-05-08
SAS00233,SA00243,STD_BB_FTTP,SBB_FTTP,Siebel Broadband FTTP,Broadband,Active,2024-10-07
SAS00234,SA00326,STD_BB_FTTP,SBB_FTTP,Siebel Broadband FTTP,Broadband,Active,2023-06-02
SAS00235,SA00799,STD_PSTN_LINE,SPSTN_LINE,Siebel PSTN Line,Voice,Active,2023-08-05
SAS00236,SA00478,STD_BB_FTTP,SBB_FTTP,Siebel Broadband FTTP,Broadband,Active,2026-01-02
SAS00237,SA00463,STD_BB_FTTP,SBB_FTTP,Siebel Broadband FTTP,Broadband,Active,2023-09-03
SAS00238,SA00827,STD_PSTN_LINE,SPSTN_LINE,Siebel PSTN Line,Voice,Active,2023-03-24
SAS00239,SA00152,STD_BB_FTTC,SBB_FTTC,Siebel Broadband FTTC,Broadband,Active,2024-12-29
SAS00240,SA00051,STD_PSTN_LINE,SPSTN_LINE,Siebel PSTN Line,Voice,Active,2023-12-23
SAS00241,SA00876,STD_BB_FTTP,SBB_FTTP,Siebel Broadband FTTP,Broadband,Active,2024-05-26
SAS00242,SA00105,STD_BB_FTTC,SBB_FTTC,Siebel Broadband FTTC,Broadband,Active,2023-05-07
SAS00243,SA00203,STD_BB_FTTP,SBB_FTTP,Siebel Broadband FTTP,Broadband,Active,2023-06-22
SAS00244,SA00940,STD_BB_FTTC,SBB_FTTC,Siebel Broadband FTTC,Broadband,Active,2023-05-13
SAS00245,SA00829,STD_BB_FTTC,SBB_FTTC,Siebel Broadband FTTC,Broadband,Active,2024-11-10
SAS00246,SA00965,STD_BB_FTTP,SBB_FTTP,Siebel Broadband FTTP,Broadband,Active,2025-06-06
SAS00247,SA00031,STD_BB_FTTP,SBB_FTTP,Siebel Broadband FTTP,Broadband,Active,2023-12-20
SAS00248,SA00931,STD_BB_FTTC,SBB_FTTC,Siebel Broadband FTTC,Broadband,Active,2025-07-02
SAS00249,SA00629,STD_PSTN_LINE,SPSTN_LINE,Siebel PSTN Line,Voice,Active,2024-08-27
SAS00250,SA00904,STD_PSTN_LINE,SPSTN_LINE,Siebel PSTN Line,Voice,Active,2023-06-29
SAS00251,SA00141,STD_BB_FTTP,SBB_FTTP,Siebel Broadband FTTP,Broadband,Active,2025-12-12
SAS00252,SA00814,STD_BB_FTTC,SBB_FTTC,Siebel Broadband FTTC,Broadband,Pending,2025-01-05
SAS00253,SA00801,STD_BB_FTTP,SBB_FTTP,Siebel Broadband FTTP,Broadband,Active,2025-10-25
SAS00254,SA00277,STD_BB_FTTC,SBB_FTTC,Siebel Broadband FTTC,Broadband,Active,2024-03-24
SAS00255,SA00060,STD_BB_FTTP,SBB_FTTP,Siebel Broadband FTTP,Broadband,Active,2024-04-21
SAS00256,SA00254,STD_PSTN_LINE,SPSTN_LINE,Siebel PSTN Line,Voice,Active,2025-12-28
SAS00257,SA00590,STD_BB_FTTP,SBB_FTTP,Siebel Broadband FTTP,Broadband,Active,2023-12-22
SAS00258,SA00607,STD_BB_FTTP,SBB_FTTP,Siebel Broadband FTTP,Broadband,Active,2025-01-04
SAS00259,SA00721,STD_PSTN_LINE,SPSTN_LINE,Siebel PSTN Line,Voice,Active,2023-10-19
SAS00260,SA00857,STD_BB_FTTP,SBB_FTTP,Siebel Broadband FTTP,Broadband,Active,2023-12-26
SAS00261,SA00093,STD_BB_FTTC,SBB_FTTC,Siebel Broadband FTTC,Broadband,Active,2024-03-24
SAS00262,SA00490,STD_BB_FTTC,SBB_FTTC,Siebel Broadband FTTC,Broadband,Active,2024-02-17
SAS00263,SA00735,STD_BB_FTTC,SBB_FTTC,Siebel Broadband FTTC,Broadband,Ceased,2024-10-24
SAS00264,SA00152,STD_PSTN_LINE,SPSTN_LINE,Siebel PSTN Line,Voice,Active,2023-10-18
SAS00265,SA00882,STD_BB_FTTP,SBB_FTTP,Siebel Broadband FTTP,Broadband,Pending,2025-02-04
SAS00266,SA00345,STD_BB_FTTP,SBB_FTTP,Siebel Broadband FTTP,Broadband,Active,2023-11-19
SAS00267,SA00665,STD_BB_FTTP,SBB_FTTP,Siebel Broadband FTTP,Broadband,Active,2024-12-31
SAS00268,SA00388,STD_BB_FTTP,SBB_FTTP,Siebel Broadband FTTP,Broadband,Active,2024-08-26
SAS00269,SA00747,STD_BB_FTTC,SBB_FTTC,Siebel Broadband FTTC,Broadband,Ceased,2025-03-12
SAS00270,SA00187,STD_PSTN_LINE,SPSTN_LINE,Siebel PSTN Line,Voice,Active,2024-03-28
SAS00271,SA00960,STD_BB_FTTP,SBB_FTTP,Siebel Broadband FTTP,Broadband,Active,2023-06-09
SAS00272,SA00328,STD_BB_FTTC,SBB_FTTC,Siebel Broadband FTTC,Broadband,Active,2023-07-01
SAS00273,SA00012,STD_BB_FTTP,SBB_FTTP,Siebel Broadband FTTP,Broadband,Active,2023-05-19
SAS00274,SA00806,STD_BB_FTTC,SBB_FTTC,Siebel Broadband FTTC,Broadband,Active,2023-04-09
SAS00275,SA00751,STD_BB_FTTP,SBB_FTTP,Siebel Broadband FTTP,Broadband,Pending,2025-04-27
SAS00276,SA00360,STD_PSTN_LINE,SPSTN_LINE,Siebel PSTN Line,Voice,Active,2025-09-08
SAS00277,SA00167,STD_BB_FTTP,SBB_FTTP,Siebel Broadband FTTP,Broadband,Active,2023-03-10
SAS00278,SA00327,STD_BB_FTTP,SBB_FTTP,Siebel Broadband FTTP,Broadband,Ceased,2023-06-01
SAS00279,SA00910,STD_BB_FTTP,SBB_FTTP,Siebel Broadband FTTP,Broadband,Active,2023-06-03
SAS00280,SA00347,STD_PSTN_LINE,SPSTN_LINE,Siebel PSTN Line,Voice,Pending,2025-09-15
SAS00281,SA00966,STD_PSTN_LINE,SPSTN_LINE,Siebel PSTN Line,Voice,Active,2025-06-08
SAS00282,SA00104,STD_BB_FTTP,SBB_FTTP,Siebel Broadband FTTP,Broadband,Active,2024-01-25
SAS00283,SA00740,STD_PSTN_LINE,SPSTN_LINE,Siebel PSTN Line,Voice,Active,2024-07-30
SAS00284,SA00099,STD_BB_FTTC,SBB_FTTC,Siebel Broadband FTTC,Broadband,Active,2025-10-02
SAS00285,SA00370,STD_BB_FTTC,SBB_FTTC,Siebel Broadband FTTC,Broadband,Active,2024-08-26
SAS00286,SA00205,STD_BB_FTTC,SBB_FTTC,Siebel Broadband FTTC,Broadband,Active,2023-12-16
SAS00287,SA00485,STD_BB_FTTC,SBB_FTTC,Siebel Broadband FTTC,Broadband,Active,2025-03-25
SAS00288,SA00917,STD_PSTN_LINE,SPSTN_LINE,Siebel PSTN Line,Voice,Active,2025-03-04
SAS00289,SA00907,STD_BB_FTTP,SBB_FTTP,Siebel Broadband FTTP,Broadband,Active,2025-07-01
SAS00290,SA00451,STD_BB_FTTP,SBB_FTTP,Siebel Broadband FTTP,Broadband,Active,2024-07-04
SAS00291,SA00155,STD_PSTN_LINE,SPSTN_LINE,Siebel PSTN Line,Voice,Active,2023-06-25
SAS00292,SA00424,STD_PSTN_LINE,SPSTN_LINE,Siebel PSTN Line,Voice,Active,2023-05-05
SAS00293,SA00429,STD_PSTN_LINE,SPSTN_LINE,Siebel PSTN Line,Voice,Active,2025-08-30
SAS00294,SA00488,STD_BB_FTTP,SBB_FTTP,Siebel Broadband FTTP,Broadband,Active,2023-03-13
SAS00295,SA00820,STD_PSTN_LINE,SPSTN_LINE,Siebel PSTN Line,Voice,Active,2023-10-29
SAS00296,SA00178,STD_BB_FTTC,SBB_FTTC,Siebel Broadband FTTC,Broadband,Pending,2024-01-30
SAS00297,SA00434,STD_BB_FTTC,SBB_FTTC,Siebel Broadband FTTC,Broadband,Pending,2025-06-10
SAS00298,SA00855,STD_PSTN_LINE,SPSTN_LINE,Siebel PSTN Line,Voice,Active,2023-05-18
SAS00299,SA00570,STD_BB_FTTP,SBB_FTTP,Siebel Broadband FTTP,Broadband,Active,2024-07-19
SAS00300,SA00940,STD_BB_FTTC,SBB_FTTC,Siebel Broadband FTTC,Broadband,Active,2025-12-06
SAS00301,SA00425,STD_BB_FTTC,SBB_FTTC,Siebel Broadband FTTC,Broadband,Active,2023-07-25
SAS00302,SA00805,STD_BB_FTTP,SBB_FTTP,Siebel Broadband FTTP,Broadband,Inactive,2024-12-05
SAS00303,SA00393,STD_PSTN_LINE,SPSTN_LINE,Siebel PSTN Line,Voice,Active,2025-08-26
SAS00304,SA00283,STD_BB_FTTP,SBB_FTTP,Siebel Broadband FTTP,Broadband,Active,2025-04-02
SAS00305,SA00911,STD_BB_FTTP,SBB_FTTP,Siebel Broadband FTTP,Broadband,Active,2023-04-11
SAS00306,SA00919,STD_BB_FTTP,SBB_FTTP,Siebel Broadband FTTP,Broadband,Active,2024-09-12
SAS00307,SA00864,STD_BB_FTTP,SBB_FTTP,Siebel Broadband FTTP,Broadband,Inactive,2023-07-21
SAS00308,SA00308,STD_PSTN_LINE,SPSTN_LINE,Siebel PSTN Line,Voice,Active,2024-10-19
SAS00309,SA00620,STD_PSTN_LINE,SPSTN_LINE,Siebel PSTN Line,Voice,Active,2025-06-23
SAS00310,SA00759,STD_BB_FTTP,SBB_FTTP,Siebel Broadband FTTP,Broadband,Active,2025-02-04
SAS00311,SA00811,STD_BB_FTTC,SBB_FTTC,Siebel Broadband FTTC,Broadband,Active,2025-11-03
SAS00312,SA00800,STD_PSTN_LINE,SPSTN_LINE,Siebel PSTN Line,Voice,Inactive,2023-03-01
SAS00313,SA00897,STD_BB_FTTC,SBB_FTTC,Siebel Broadband FTTC,Broadband,Inactive,2024-05-25
SAS00314,SA00052,STD_BB_FTTP,SBB_FTTP,Siebel Broadband FTTP,Broadband,Active,2024-07-15
SAS00315,SA00518,STD_BB_FTTP,SBB_FTTP,Siebel Broadband FTTP,Broadband,Active,2023-09-11
SAS00316,SA00382,STD_BB_FTTP,SBB_FTTP,Siebel Broadband FTTP,Broadband,Active,2023-12-30
SAS00317,SA00359,STD_BB_FTTP,SBB_FTTP,Siebel Broadband FTTP,Broadband,Active,2024-06-13
SAS00318,SA00029,STD_BB_FTTP,SBB_FTTP,Siebel Broadband FTTP,Broadband,Active,2024-03-14
SAS00319,SA00694,STD_BB_FTTC,SBB_FTTC,Siebel Broadband FTTC,Broadband,Active,2025-04-18
SAS00320,SA00886,STD_PSTN_LINE,SPSTN_LINE,Siebel PSTN Line,Voice,Active,2023-09-28
SAS00321,SA00230,STD_BB_FTTP,SBB_FTTP,Siebel Broadband FTTP,Broadband,Active,2024-09-17
SAS00322,SA00917,STD_BB_FTTP,SBB_FTTP,Siebel Broadband FTTP,Broadband,Inactive,2025-07-29
SAS00323,SA00478,STD_BB_FTTP,SBB_FTTP,Siebel Broadband FTTP,Broadband,Active,2025-03-24
SAS00324,SA00008,STD_PSTN_LINE,SPSTN_LINE,Siebel PSTN Line,Voice,Pending,2025-02-05
SAS00325,SA00306,STD_PSTN_LINE,SPSTN_LINE,Siebel PSTN Line,Voice,Active,2023-05-11
SAS00326,SA00656,STD_BB_FTTP,SBB_FTTP,Siebel Broadband FTTP,Broadband,Inactive,2024-06-18
SAS00327,SA00154,STD_PSTN_LINE,SPSTN_LINE,Siebel PSTN Line,Voice,Active,2023-04-27
SAS00328,SA00677,STD_BB_FTTP,SBB_FTTP,Siebel Broadband FTTP,Broadband,Active,2023-02-22
SAS00329,SA00266,STD_BB_FTTP,SBB_FTTP,Siebel Broadband FTTP,Broadband,Active,2023-03-14
SAS00330,SA00352,STD_PSTN_LINE,SPSTN_LINE,Siebel PSTN Line,Voice,Active,2025-12-30
SAS00331,SA00520,STD_BB_FTTP,SBB_FTTP,Siebel Broadband FTTP,Broadband,Inactive,2024-01-06
SAS00332,SA00483,STD_BB_FTTC,SBB_FTTC,Siebel Broadband FTTC,Broadband,Active,2024-01-10
SAS00333,SA00228,STD_BB_FTTP,SBB_FTTP,Siebel Broadband FTTP,Broadband,Active,2024-09-20
SAS00334,SA00381,STD_BB_FTTP,SBB_FTTP,Siebel Broadband FTTP,Broadband,Active,2025-08-07
SAS00335,SA00055,STD_PSTN_LINE,SPSTN_LINE,Siebel PSTN Line,Voice,Active,2023-05-26
SAS00336,SA00513,STD_BB_FTTC,SBB_FTTC,Siebel Broadband FTTC,Broadband,Inactive,2025-02-20
SAS00337,SA00424,STD_BB_FTTC,SBB_FTTC,Siebel Broadband FTTC,Broadband,Inactive,2023-11-05
SAS00338,SA00351,STD_BB_FTTP,SBB_FTTP,Siebel Broadband FTTP,Broadband,Pending,2025-07-26
SAS00339,SA00884,STD_PSTN_LINE,SPSTN_LINE,Siebel PSTN Line,Voice,Active,2023-06-15
SAS00340,SA00647,STD_BB_FTTC,SBB_FTTC,Siebel Broadband FTTC,Broadband,Active,2023-04-29
SAS00341,SA00281,STD_BB_FTTC,SBB_FTTC,Siebel Broadband FTTC,Broadband,Active,2023-12-12
SAS00342,SA00502,STD_BB_FTTC,SBB_FTTC,Siebel Broadband FTTC,Broadband,Active,2025-06-07
SAS00343,SA00440,STD_BB_FTTP,SBB_FTTP,Siebel Broadband FTTP,Broadband,Active,2023-03-19
SAS00344,SA00749,STD_BB_FTTP,SBB_FTTP,Siebel Broadband FTTP,Broadband,Ceased,2024-10-21
SAS00345,SA00019,STD_PSTN_LINE,SPSTN_LINE,Siebel PSTN Line,Voice,Active,2024-05-24
SAS00346,SA00320,STD_BB_FTTC,SBB_FTTC,Siebel Broadband FTTC,Broadband,Active,2025-10-27
SAS00347,SA00172,STD_BB_FTTC,SBB_FTTC,Siebel Broadband FTTC,Broadband,Inactive,2024-09-02
SAS00348,SA00746,STD_PSTN_LINE,SPSTN_LINE,Siebel PSTN Line,Voice,Active,2024-11-22
SAS00349,SA00351,STD_BB_FTTP,SBB_FTTP,Siebel Broadband FTTP,Broadband,Active,2024-01-21
SAS00350,SA00020,STD_BB_FTTC,SBB_FTTC,Siebel Broadband FTTC,Broadband,Active,2023-09-26
SAS00351,SA00604,STD_PSTN_LINE,SPSTN_LINE,Siebel PSTN Line,Voice,Active,2025-01-20
SAS00352,SA00898,STD_PSTN_LINE,SPSTN_LINE,Siebel PSTN Line,Voice,Active,2025-12-31
SAS00353,SA00609,STD_BB_FTTC,SBB_FTTC,Siebel Broadband FTTC,Broadband,Active,2023-02-10
SAS00354,SA00427,STD_BB_FTTP,SBB_FTTP,Siebel Broadband FTTP,Broadband,Active,2024-06-01
SAS00355,SA00211,STD_PSTN_LINE,SPSTN_LINE,Siebel PSTN Line,Voice,Active,2023-01-20
SAS00356,SA00678,STD_BB_FTTC,SBB_FTTC,Siebel Broadband FTTC,Broadband,Active,2024-07-06
SAS00357,SA00429,STD_BB_FTTC,SBB_FTTC,Siebel Broadband FTTC,Broadband,Active,2023-08-30
SAS00358,SA00804,STD_BB_FTTC,SBB_FTTC,Siebel Broadband FTTC,Broadband,Active,2024-02-14
SAS00359,SA00997,STD_BB_FTTC,SBB_FTTC,Siebel Broadband FTTC,Broadband,Active,2025-04-19
SAS00360,SA00041,STD_PSTN_LINE,SPSTN_LINE,Siebel PSTN Line,Voice,Active,2024-03-01
SAS00361,SA00241,STD_BB_FTTC,SBB_FTTC,Siebel Broadband FTTC,Broadband,Active,2023-07-02
SAS00362,SA00153,STD_BB_FTTC,SBB_FTTC,Siebel Broadband FTTC,Broadband,Active,2023-06-03
SAS00363,SA00660,STD_BB_FTTC,SBB_FTTC,Siebel Broadband FTTC,Broadband,Active,2024-08-29
SAS00364,SA00052,STD_BB_FTTC,SBB_FTTC,Siebel Broadband FTTC,Broadband,Active,2023-03-22
SAS00365,SA00821,STD_PSTN_LINE,SPSTN_LINE,Siebel PSTN Line,Voice,Active,2023-08-26
SAS00366,SA00010,STD_BB_FTTC,SBB_FTTC,Siebel Broadband FTTC,Broadband,Active,2023-12-16
SAS00367,SA00916,STD_BB_FTTP,SBB_FTTP,Siebel Broadband FTTP,Broadband,Ceased,2024-07-03
SAS00368,SA00835,STD_BB_FTTP,SBB_FTTP,Siebel Broadband FTTP,Broadband,Active,2025-03-31
SAS00369,SA00279,STD_BB_FTTP,SBB_FTTP,Siebel Broadband FTTP,Broadband,Active,2025-09-06
SAS00370,SA00116,STD_BB_FTTC,SBB_FTTC,Siebel Broadband FTTC,Broadband,Active,2023-05-01
SAS00371,SA00427,STD_PSTN_LINE,SPSTN_LINE,Siebel PSTN Line,Voice,Active,2025-06-16
SAS00372,SA00798,STD_BB_FTTP,SBB_FTTP,Siebel Broadband FTTP,Broadband,Active,2023-09-25
SAS00373,SA00116,STD_BB_FTTP,SBB_FTTP,Siebel Broadband FTTP,Broadband,Active,2023-05-10
SAS00374,SA00013,STD_PSTN_LINE,SPSTN_LINE,Siebel PSTN Line,Voice,Inactive,2025-12-10
SAS00375,SA00979,STD_PSTN_LINE,SPSTN_LINE,Siebel PSTN Line,Voice,Inactive,2025-11-29
SAS00376,SA00444,STD_PSTN_LINE,SPSTN_LINE,Siebel PSTN Line,Voice,Active,2025-09-13
SAS00377,SA00153,STD_PSTN_LINE,SPSTN_LINE,Siebel PSTN Line,Voice,Inactive,2023-04-22
SAS00378,SA00518,STD_BB_FTTP,SBB_FTTP,Siebel Broadband FTTP,Broadband,Inactive,2023-12-05
SAS00379,SA00329,STD_BB_FTTC,SBB_FTTC,Siebel Broadband FTTC,Broadband,Active,2024-07-23
SAS00380,SA00229,STD_PSTN_LINE,SPSTN_LINE,Siebel PSTN Line,Voice,Active,2025-04-05
SAS00381,SA00471,STD_BB_FTTP,SBB_FTTP,Siebel Broadband FTTP,Broadband,Active,2025-07-06
SAS00382,SA00458,STD_BB_FTTP,SBB_FTTP,Siebel Broadband FTTP,Broadband,Active,2025-10-15
SAS00383,SA00414,STD_BB_FTTP,SBB_FTTP,Siebel Broadband FTTP,Broadband,Active,2023-01-01
SAS00384,SA00912,STD_PSTN_LINE,SPSTN_LINE,Siebel PSTN Line,Voice,Active,2025-07-23
SAS00385,SA00846,STD_BB_FTTC,SBB_FTTC,Siebel Broadband FTTC,Broadband,Active,2025-07-19
SAS00386,SA00786,STD_PSTN_LINE,SPSTN_LINE,Siebel PSTN Line,Voice,Active,2025-01-14
SAS00387,SA00100,STD_PSTN_LINE,SPSTN_LINE,Siebel PSTN Line,Voice,Active,2024-11-30
SAS00388,SA00561,STD_PSTN_LINE,SPSTN_LINE,Siebel PSTN Line,Voice,Active,2023-08-06
SAS00389,SA00505,STD_BB_FTTC,SBB_FTTC,Siebel Broadband FTTC,Broadband,Inactive,2025-04-18
SAS00390,SA00626,STD_BB_FTTC,SBB_FTTC,Siebel Broadband FTTC,Broadband,Active,2025-03-15
SAS00391,SA00845,STD_BB_FTTC,SBB_FTTC,Siebel Broadband FTTC,Broadband,Active,2023-08-09
SAS00392,SA00949,STD_PSTN_LINE,SPSTN_LINE,Siebel PSTN Line,Voice,Inactive,2023-09-10
SAS00393,SA00675,STD_PSTN_LINE,SPSTN_LINE,Siebel PSTN Line,Voice,Ceased,2023-10-03
SAS00394,SA00544,STD_PSTN_LINE,SPSTN_LINE,Siebel PSTN Line,Voice,Active,2025-06-05
SAS00395,SA00947,STD_PSTN_LINE,SPSTN_LINE,Siebel PSTN Line,Voice,Active,2023-12-29
SAS00396,SA00749,STD_BB_FTTC,SBB_FTTC,Siebel Broadband FTTC,Broadband,Active,2024-10-21
SAS00397,SA00429,STD_PSTN_LINE,SPSTN_LINE,Siebel PSTN Line,Voice,Ceased,2024-05-23
SAS00398,SA00987,STD_BB_FTTP,SBB_FTTP,Siebel Broadband FTTP,Broadband,Pending,2025-07-16
SAS00399,SA00423,STD_PSTN_LINE,SPSTN_LINE,Siebel PSTN Line,Voice,Active,2025-11-15
SAS00400,SA00882,STD_BB_FTTP,SBB_FTTP,Siebel Broadband FTTP,Broadband,Active,2024-03-21
SAS00401,SA00640,STD_PSTN_LINE,SPSTN_LINE,Siebel PSTN Line,Voice,Active,2024-12-08
SAS00402,SA00516,STD_PSTN_LINE,SPSTN_LINE,Siebel PSTN Line,Voice,Active,2024-10-22
SAS00403,SA00576,STD_BB_FTTP,SBB_FTTP,Siebel Broadband FTTP,Broadband,Active,2025-05-04
SAS00404,SA00899,STD_BB_FTTP,SBB_FTTP,Siebel Broadband FTTP,Broadband,Active,2025-12-06
SAS00405,SA00391,STD_BB_FTTC,SBB_FTTC,Siebel Broadband FTTC,Broadband,Active,2023-04-26
SAS00406,SA00769,STD_BB_FTTC,SBB_FTTC,Siebel Broadband FTTC,Broadband,Pending,2024-05-28
SAS00407,SA00708,STD_BB_FTTP,SBB_FTTP,Siebel Broadband FTTP,Broadband,Active,2023-03-08
SAS00408,SA00105,STD_PSTN_LINE,SPSTN_LINE,Siebel PSTN Line,Voice,Inactive,2024-04-04
SAS00409,SA00244,STD_PSTN_LINE,SPSTN_LINE,Siebel PSTN Line,Voice,Active,2024-08-12
SAS00410,SA00397,STD_BB_FTTP,SBB_FTTP,Siebel Broadband FTTP,Broadband,Ceased,2024-10-02
SAS00411,SA00014,STD_PSTN_LINE,SPSTN_LINE,Siebel PSTN Line,Voice,Active,2025-06-26
SAS00412,SA00774,STD_PSTN_LINE,SPSTN_LINE,Siebel PSTN Line,Voice,Active,2024-02-07
SAS00413,SA00460,STD_BB_FTTC,SBB_FTTC,Siebel Broadband FTTC,Broadband,Pending,2023-06-02
SAS00414,SA00753,STD_PSTN_LINE,SPSTN_LINE,Siebel PSTN Line,Voice,Active,2023-03-25
SAS00415,SA00570,STD_BB_FTTP,SBB_FTTP,Siebel Broadband FTTP,Broadband,Active,2024-06-06
SAS00416,SA00478,STD_PSTN_LINE,SPSTN_LINE,Siebel PSTN Line,Voice,Ceased,2023-03-23
SAS00417,SA00612,STD_BB_FTTC,SBB_FTTC,Siebel Broadband FTTC,Broadband,Active,2024-09-08
SAS00418,SA00367,STD_BB_FTTC,SBB_FTTC,Siebel Broadband FTTC,Broadband,Active,2024-10-12
SAS00419,SA00980,STD_BB_FTTC,SBB_FTTC,Siebel Broadband FTTC,Broadband,Active,2025-10-31
SAS00420,SA00557,STD_PSTN_LINE,SPSTN_LINE,Siebel PSTN Line,Voice,Active,2024-12-16
SAS00421,SA00680,STD_BB_FTTP,SBB_FTTP,Siebel Broadband FTTP,Broadband,Active,2024-08-24
SAS00422,SA00487,STD_PSTN_LINE,SPSTN_LINE,Siebel PSTN Line,Voice,Inactive,2023-01-19
SAS00423,SA00457,STD_BB_FTTC,SBB_FTTC,Siebel Broadband FTTC,Broadband,Ceased,2024-05-14
SAS00424,SA00391,STD_BB_FTTC,SBB_FTTC,Siebel Broadband FTTC,Broadband,Active,2024-08-02
SAS00425,SA00842,STD_BB_FTTP,SBB_FTTP,Siebel Broadband FTTP,Broadband,Active,2025-11-07
SAS00426,SA00045,STD_BB_FTTP,SBB_FTTP,Siebel Broadband FTTP,Broadband,Inactive,2024-01-30
SAS00427,SA00085,STD_BB_FTTC,SBB_FTTC,Siebel Broadband FTTC,Broadband,Active,2025-12-28
SAS00428,SA00216,STD_PSTN_LINE,SPSTN_LINE,Siebel PSTN Line,Voice,Active,2024-03-12
SAS00429,SA00211,STD_PSTN_LINE,SPSTN_LINE,Siebel PSTN Line,Voice,Inactive,2025-06-10
SAS00430,SA00025,STD_BB_FTTP,SBB_FTTP,Siebel Broadband FTTP,Broadband,Active,2023-03-19
SAS00431,SA00056,STD_BB_FTTC,SBB_FTTC,Siebel Broadband FTTC,Broadband,Active,2023-05-25
SAS00432,SA00933,STD_BB_FTTP,SBB_FTTP,Siebel Broadband FTTP,Broadband,Active,2025-07-12
SAS00433,SA00324,STD_BB_FTTC,SBB_FTTC,Siebel Broadband FTTC,Broadband,Active,2023-08-31
SAS00434,SA00657,STD_PSTN_LINE,SPSTN_LINE,Siebel PSTN Line,Voice,Active,2023-04-04
SAS00435,SA00951,STD_PSTN_LINE,SPSTN_LINE,Siebel PSTN Line,Voice,Active,2024-09-09
SAS00436,SA00289,STD_BB_FTTP,SBB_FTTP,Siebel Broadband FTTP,Broadband,Active,2023-03-05
SAS00437,SA00547,STD_BB_FTTC,SBB_FTTC,Siebel Broadband FTTC,Broadband,Active,2025-03-11
SAS00438,SA00984,STD_PSTN_LINE,SPSTN_LINE,Siebel PSTN Line,Voice,Active,2025-02-03
SAS00439,SA00896,STD_PSTN_LINE,SPSTN_LINE,Siebel PSTN Line,Voice,Active,2023-03-27
SAS00440,SA00551,STD_PSTN_LINE,SPSTN_LINE,Siebel PSTN Line,Voice,Ceased,2024-09-16
SAS00441,SA00217,STD_BB_FTTP,SBB_FTTP,Siebel Broadband FTTP,Broadband,Ceased,2025-11-15
SAS00442,SA00189,STD_BB_FTTC,SBB_FTTC,Siebel Broadband FTTC,Broadband,Active,2024-06-01
SAS00443,SA00186,STD_PSTN_LINE,SPSTN_LINE,Siebel PSTN Line,Voice,Active,2023-04-22
SAS00444,SA00661,STD_PSTN_LINE,SPSTN_LINE,Siebel PSTN Line,Voice,Active,2023-05-18
SAS00445,SA00203,STD_PSTN_LINE,SPSTN_LINE,Siebel PSTN Line,Voice,Active,2024-11-08
SAS00446,SA00688,STD_PSTN_LINE,SPSTN_LINE,Siebel PSTN Line,Voice,Active,2024-08-06
SAS00447,SA00922,STD_BB_FTTC,SBB_FTTC,Siebel Broadband FTTC,Broadband,Active,2025-07-11
SAS00448,SA00711,STD_PSTN_LINE,SPSTN_LINE,Siebel PSTN Line,Voice,Active,2025-01-16
SAS00449,SA00173,STD_BB_FTTC,SBB_FTTC,Siebel Broadband FTTC,Broadband,Active,2024-03-29
SAS00450,SA00861,STD_BB_FTTP,SBB_FTTP,Siebel Broadband FTTP,Broadband,Active,2024-11-10
SAS00451,SA00457,STD_BB_FTTP,SBB_FTTP,Siebel Broadband FTTP,Broadband,Active,2025-09-24
SAS00452,SA00180,STD_PSTN_LINE,SPSTN_LINE,Siebel PSTN Line,Voice,Active,2024-07-28
SAS00453,SA00202,STD_BB_FTTP,SBB_FTTP,Siebel Broadband FTTP,Broadband,Active,2023-06-06
SAS00454,SA00870,STD_PSTN_LINE,SPSTN_LINE,Siebel PSTN Line,Voice,Active,2025-04-09
SAS00455,SA00929,STD_BB_FTTC,SBB_FTTC,Siebel Broadband FTTC,Broadband,Active,2025-08-24
SAS00456,SA00402,STD_BB_FTTC,SBB_FTTC,Siebel Broadband FTTC,Broadband,Inactive,2024-08-18
SAS00457,SA00514,STD_PSTN_LINE,SPSTN_LINE,Siebel PSTN Line,Voice,Active,2025-01-15
SAS00458,SA00679,STD_BB_FTTC,SBB_FTTC,Siebel Broadband FTTC,Broadband,Inactive,2023-12-06
SAS00459,SA00457,STD_BB_FTTC,SBB_FTTC,Siebel Broadband FTTC,Broadband,Active,2023-10-27
SAS00460,SA00042,STD_BB_FTTC,SBB_FTTC,Siebel Broadband FTTC,Broadband,Active,2024-04-19
SAS00461,SA00379,STD_BB_FTTC,SBB_FTTC,Siebel Broadband FTTC,Broadband,Active,2024-02-28
SAS00462,SA00398,STD_BB_FTTP,SBB_FTTP,Siebel Broadband FTTP,Broadband,Ceased,2023-04-06
SAS00463,SA00106,STD_PSTN_LINE,SPSTN_LINE,Siebel PSTN Line,Voice,Pending,2024-07-14
SAS00464,SA00584,STD_BB_FTTC,SBB_FTTC,Siebel Broadband FTTC,Broadband,Active,2025-02-14
SAS00465,SA00530,STD_BB_FTTP,SBB_FTTP,Siebel Broadband FTTP,Broadband,Active,2024-04-01
SAS00466,SA00362,STD_BB_FTTP,SBB_FTTP,Siebel Broadband FTTP,Broadband,Active,2025-09-14
SAS00467,SA00514,STD_BB_FTTC,SBB_FTTC,Siebel Broadband FTTC,Broadband,Active,2024-04-16
SAS00468,SA00659,STD_BB_FTTP,SBB_FTTP,Siebel Broadband FTTP,Broadband,Active,2024-01-18
SAS00469,SA00617,STD_PSTN_LINE,SPSTN_LINE,Siebel PSTN Line,Voice,Active,2024-04-16
SAS00470,SA00738,STD_BB_FTTC,SBB_FTTC,Siebel Broadband FTTC,Broadband,Active,2025-09-07
SAS00471,SA00605,STD_BB_FTTC,SBB_FTTC,Siebel Broadband FTTC,Broadband,Active,2025-04-21
SAS00472,SA00045,STD_BB_FTTC,SBB_FTTC,Siebel Broadband FTTC,Broadband,Active,2023-11-26
SAS00473,SA00041,STD_PSTN_LINE,SPSTN_LINE,Siebel PSTN Line,Voice,Active,2023-12-07
SAS00474,SA00530,STD_BB_FTTP,SBB_FTTP,Siebel Broadband FTTP,Broadband,Active,2023-02-08
SAS00475,SA00222,STD_BB_FTTP,SBB_FTTP,Siebel Broadband FTTP,Broadband,Active,2025-08-23
SAS00476,SA00225,STD_BB_FTTP,SBB_FTTP,Siebel Broadband FTTP,Broadband,Active,2024-01-08
SAS00477,SA00271,STD_BB_FTTC,SBB_FTTC,Siebel Broadband FTTC,Broadband,Active,2024-12-02
SAS00478,SA00236,STD_BB_FTTP,SBB_FTTP,Siebel Broadband FTTP,Broadband,Active,2023-08-11
SAS00479,SA00536,STD_PSTN_LINE,SPSTN_LINE,Siebel PSTN Line,Voice,Active,2023-11-03
SAS00480,SA00182,STD_BB_FTTP,SBB_FTTP,Siebel Broadband FTTP,Broadband,Ceased,2023-03-21
SAS00481,SA00771,STD_BB_FTTC,SBB_FTTC,Siebel Broadband FTTC,Broadband,Active,2023-09-24
SAS00482,SA00848,STD_BB_FTTC,SBB_FTTC,Siebel Broadband FTTC,Broadband,Inactive,2025-06-02
SAS00483,SA00380,STD_BB_FTTC,SBB_FTTC,Siebel Broadband FTTC,Broadband,Active,2025-05-28
SAS00484,SA00809,STD_BB_FTTP,SBB_FTTP,Siebel Broadband FTTP,Broadband,Active,2023-07-20
SAS00485,SA00261,STD_BB_FTTP,SBB_FTTP,Siebel Broadband FTTP,Broadband,Active,2023-06-21
SAS00486,SA00419,STD_BB_FTTP,SBB_FTTP,Siebel Broadband FTTP,Broadband,Active,2023-01-15
SAS00487,SA00121,STD_PSTN_LINE,SPSTN_LINE,Siebel PSTN Line,Voice,Active,2024-02-25
SAS00488,SA00371,STD_BB_FTTC,SBB_FTTC,Siebel Broadband FTTC,Broadband,Active,2024-06-03
SAS00489,SA00434,STD_PSTN_LINE,SPSTN_LINE,Siebel PSTN Line,Voice,Active,2024-07-18
SAS00490,SA00424,STD_PSTN_LINE,SPSTN_LINE,Siebel PSTN Line,Voice,Active,2025-09-15
SAS00491,SA00573,STD_PSTN_LINE,SPSTN_LINE,Siebel PSTN Line,Voice,Active,2024-09-20
SAS00492,SA00793,STD_PSTN_LINE,SPSTN_LINE,Siebel PSTN Line,Voice,Active,2023-10-10
SAS00493,SA00458,STD_PSTN_LINE,SPSTN_LINE,Siebel PSTN Line,Voice,Ceased,2023-07-25
SAS00494,SA00411,STD_BB_FTTP,SBB_FTTP,Siebel Broadband FTTP,Broadband,Active,2023-04-17
SAS00495,SA00988,STD_PSTN_LINE,SPSTN_LINE,Siebel PSTN Line,Voice,Active,2023-07-06
SAS00496,SA00949,STD_PSTN_LINE,SPSTN_LINE,Siebel PSTN Line,Voice,Active,2023-05-12
SAS00497,SA00380,STD_BB_FTTC,SBB_FTTC,Siebel Broadband FTTC,Broadband,Active,2025-02-26
SAS00498,SA00294,STD_PSTN_LINE,SPSTN_LINE,Siebel PSTN Line,Voice,Pending,2023-04-28
SAS00499,SA00450,STD_BB_FTTC,SBB_FTTC,Siebel Broadband FTTC,Broadband,Active,2025-11-27
SAS00500,SA00035,STD_PSTN_LINE,SPSTN_LINE,Siebel PSTN Line,Voice,Active,2024-04-19
SAS00501,SA00691,STD_BB_FTTC,SBB_FTTC,Siebel Broadband FTTC,Broadband,Active,2023-01-01
SAS00502,SA00283,STD_BB_FTTP,SBB_FTTP,Siebel Broadband FTTP,Broadband,Active,2025-03-20
SAS00503,SA00531,STD_BB_FTTC,SBB_FTTC,Siebel Broadband FTTC,Broadband,Active,2023-05-21
SAS00504,SA00292,STD_PSTN_LINE,SPSTN_LINE,Siebel PSTN Line,Voice,Inactive,2024-12-13
SAS00505,SA00232,STD_PSTN_LINE,SPSTN_LINE,Siebel PSTN Line,Voice,Pending,2025-07-20
SAS00506,SA00268,STD_BB_FTTC,SBB_FTTC,Siebel Broadband FTTC,Broadband,Active,2023-08-07
SAS00507,SA00516,STD_BB_FTTP,SBB_FTTP,Siebel Broadband FTTP,Broadband,Active,2023-08-28
SAS00508,SA00898,STD_PSTN_LINE,SPSTN_LINE,Siebel PSTN Line,Voice,Active,2024-05-27
SAS00509,SA00577,STD_BB_FTTP,SBB_FTTP,Siebel Broadband FTTP,Broadband,Active,2024-11-26
SAS00510,SA00919,STD_PSTN_LINE,SPSTN_LINE,Siebel PSTN Line,Voice,Inactive,2025-09-14
SAS00511,SA00070,STD_BB_FTTP,SBB_FTTP,Siebel Broadband FTTP,Broadband,Active,2024-03-27
SAS00512,SA00423,STD_BB_FTTP,SBB_FTTP,Siebel Broadband FTTP,Broadband,Active,2023-01-20
SAS00513,SA00295,STD_BB_FTTC,SBB_FTTC,Siebel Broadband FTTC,Broadband,Active,2024-12-01
SAS00514,SA00954,STD_BB_FTTC,SBB_FTTC,Siebel Broadband FTTC,Broadband,Active,2024-12-25
SAS00515,SA00188,STD_PSTN_LINE,SPSTN_LINE,Siebel PSTN Line,Voice,Active,2024-01-25
SAS00516,SA00241,STD_PSTN_LINE,SPSTN_LINE,Siebel PSTN Line,Voice,Active,2024-06-27
SAS00517,SA00208,STD_BB_FTTC,SBB_FTTC,Siebel Broadband FTTC,Broadband,Inactive,2024-12-30
SAS00518,SA00123,STD_BB_FTTC,SBB_FTTC,Siebel Broadband FTTC,Broadband,Active,2025-10-05
SAS00519,SA00783,STD_PSTN_LINE,SPSTN_LINE,Siebel PSTN Line,Voice,Ceased,2025-09-14
SAS00520,SA00505,STD_PSTN_LINE,SPSTN_LINE,Siebel PSTN Line,Voice,Inactive,2025-10-02
SAS00521,SA00287,STD_BB_FTTP,SBB_FTTP,Siebel Broadband FTTP,Broadband,Active,2023-09-20
SAS00522,SA00819,STD_BB_FTTP,SBB_FTTP,Siebel Broadband FTTP,Broadband,Active,2023-03-08
SAS00523,SA00404,STD_PSTN_LINE,SPSTN_LINE,Siebel PSTN Line,Voice,Active,2025-07-25
SAS00524,SA00472,STD_BB_FTTP,SBB_FTTP,Siebel Broadband FTTP,Broadband,Active,2023-01-25
SAS00525,SA00595,STD_BB_FTTC,SBB_FTTC,Siebel Broadband FTTC,Broadband,Active,2024-06-15
SAS00526,SA00270,STD_BB_FTTC,SBB_FTTC,Siebel Broadband FTTC,Broadband,Active,2024-12-03
SAS00527,SA00511,STD_BB_FTTP,SBB_FTTP,Siebel Broadband FTTP,Broadband,Active,2025-02-01
SAS00528,SA00287,STD_BB_FTTP,SBB_FTTP,Siebel Broadband FTTP,Broadband,Active,2023-09-26
SAS00529,SA00834,STD_BB_FTTC,SBB_FTTC,Siebel Broadband FTTC,Broadband,Active,2024-04-27
SAS00530,SA00877,STD_BB_FTTP,SBB_FTTP,Siebel Broadband FTTP,Broadband,Active,2023-11-03
SAS00531,SA00181,STD_BB_FTTP,SBB_FTTP,Siebel Broadband FTTP,Broadband,Active,2025-11-24
SAS00532,SA00805,STD_BB_FTTP,SBB_FTTP,Siebel Broadband FTTP,Broadband,Active,2023-04-08
SAS00533,SA00708,STD_BB_FTTC,SBB_FTTC,Siebel Broadband FTTC,Broadband,Active,2024-06-04
SAS00534,SA00461,STD_PSTN_LINE,SPSTN_LINE,Siebel PSTN Line,Voice,Active,2025-01-09
SAS00535,SA00571,STD_BB_FTTP,SBB_FTTP,Siebel Broadband FTTP,Broadband,Active,2025-04-23
SAS00536,SA00889,STD_PSTN_LINE,SPSTN_LINE,Siebel PSTN Line,Voice,Pending,2024-02-12
SAS00537,SA00179,STD_BB_FTTP,SBB_FTTP,Siebel Broadband FTTP,Broadband,Active,2025-11-11
SAS00538,SA00911,STD_BB_FTTC,SBB_FTTC,Siebel Broadband FTTC,Broadband,Active,2024-08-09
SAS00539,SA00890,STD_BB_FTTC,SBB_FTTC,Siebel Broadband FTTC,Broadband,Active,2024-11-21
SAS00540,SA00870,STD_BB_FTTC,SBB_FTTC,Siebel Broadband FTTC,Broadband,Active,2024-12-04
SAS00541,SA00325,STD_PSTN_LINE,SPSTN_LINE,Siebel PSTN Line,Voice,Active,2024-07-01
SAS00542,SA00278,STD_BB_FTTP,SBB_FTTP,Siebel Broadband FTTP,Broadband,Active,2025-01-13
SAS00543,SA00989,STD_BB_FTTP,SBB_FTTP,Siebel Broadband FTTP,Broadband,Active,2024-01-12
SAS00544,SA00746,STD_BB_FTTC,SBB_FTTC,Siebel Broadband FTTC,Broadband,Active,2023-06-13
SAS00545,SA00407,STD_BB_FTTC,SBB_FTTC,Siebel Broadband FTTC,Broadband,Active,2025-08-27
SAS00546,SA00027,STD_BB_FTTP,SBB_FTTP,Siebel Broadband FTTP,Broadband,Active,2023-06-20
SAS00547,SA00633,STD_BB_FTTC,SBB_FTTC,Siebel Broadband FTTC,Broadband,Active,2025-03-09
SAS00548,SA00254,STD_PSTN_LINE,SPSTN_LINE,Siebel PSTN Line,Voice,Active,2023-09-16
SAS00549,SA00859,STD_BB_FTTC,SBB_FTTC,Siebel Broadband FTTC,Broadband,Active,2024-12-31
SAS00550,SA00479,STD_PSTN_LINE,SPSTN_LINE,Siebel PSTN Line,Voice,Ceased,2025-06-30
SAS00551,SA00182,STD_PSTN_LINE,SPSTN_LINE,Siebel PSTN Line,Voice,Active,2025-06-09
SAS00552,SA00318,STD_BB_FTTP,SBB_FTTP,Siebel Broadband FTTP,Broadband,Active,2024-04-10
SAS00553,SA00316,STD_BB_FTTP,SBB_FTTP,Siebel Broadband FTTP,Broadband,Active,2023-11-15
SAS00554,SA00001,STD_PSTN_LINE,SPSTN_LINE,Siebel PSTN Line,Voice,Active,2023-10-07
SAS00555,SA00481,STD_PSTN_LINE,SPSTN_LINE,Siebel PSTN Line,Voice,Active,2025-10-04
SAS00556,SA00010,STD_BB_FTTP,SBB_FTTP,Siebel Broadband FTTP,Broadband,Active,2024-04-18
SAS00557,SA00383,STD_BB_FTTC,SBB_FTTC,Siebel Broadband FTTC,Broadband,Active,2025-06-14
SAS00558,SA00168,STD_PSTN_LINE,SPSTN_LINE,Siebel PSTN Line,Voice,Active,2025-03-09
SAS00559,SA00270,STD_BB_FTTC,SBB_FTTC,Siebel Broadband FTTC,Broadband,Active,2024-05-05
SAS00560,SA00292,STD_PSTN_LINE,SPSTN_LINE,Siebel PSTN Line,Voice,Active,2024-07-04
SAS00561,SA00874,STD_BB_FTTC,SBB_FTTC,Siebel Broadband FTTC,Broadband,Active,2024-08-16
SAS00562,SA00633,STD_BB_FTTP,SBB_FTTP,Siebel Broadband FTTP,Broadband,Active,2025-10-04
SAS00563,SA00020,STD_BB_FTTC,SBB_FTTC,Siebel Broadband FTTC,Broadband,Active,2025-12-31
SAS00564,SA00996,STD_BB_FTTC,SBB_FTTC,Siebel Broadband FTTC,Broadband,Active,2023-09-14
SAS00565,SA00239,STD_BB_FTTC,SBB_FTTC,Siebel Broadband FTTC,Broadband,Active,2025-10-07
SAS00566,SA00431,STD_BB_FTTP,SBB_FTTP,Siebel Broadband FTTP,Broadband,Active,2025-10-17
SAS00567,SA00714,STD_BB_FTTC,SBB_FTTC,Siebel Broadband FTTC,Broadband,Active,2023-10-27
SAS00568,SA00795,STD_BB_FTTP,SBB_FTTP,Siebel Broadband FTTP,Broadband,Active,2025-08-20
SAS00569,SA00918,STD_BB_FTTP,SBB_FTTP,Siebel Broadband FTTP,Broadband,Active,2023-01-26
SAS00570,SA00395,STD_BB_FTTP,SBB_FTTP,Siebel Broadband FTTP,Broadband,Active,2023-03-10
SAS00571,SA00753,STD_BB_FTTC,SBB_FTTC,Siebel Broadband FTTC,Broadband,Active,2024-03-02
SAS00572,SA00698,STD_BB_FTTP,SBB_FTTP,Siebel Broadband FTTP,Broadband,Ceased,2023-11-21
SAS00573,SA00534,STD_BB_FTTC,SBB_FTTC,Siebel Broadband FTTC,Broadband,Active,2024-09-03
SAS00574,SA00909,STD_BB_FTTC,SBB_FTTC,Siebel Broadband FTTC,Broadband,Inactive,2024-03-22
SAS00575,SA00649,STD_BB_FTTP,SBB_FTTP,Siebel Broadband FTTP,Broadband,Active,2023-12-09
SAS00576,SA00406,STD_BB_FTTC,SBB_FTTC,Siebel Broadband FTTC,Broadband,Active,2023-03-28
SAS00577,SA00705,STD_PSTN_LINE,SPSTN_LINE,Siebel PSTN Line,Voice,Active,2023-07-03
SAS00578,SA00512,STD_BB_FTTC,SBB_FTTC,Siebel Broadband FTTC,Broadband,Active,2024-11-24
SAS00579,SA00365,STD_PSTN_LINE,SPSTN_LINE,Siebel PSTN Line,Voice,Active,2026-01-03
SAS00580,SA00500,STD_BB_FTTC,SBB_FTTC,Siebel Broadband FTTC,Broadband,Active,2024-12-12
SAS00581,SA00022,STD_PSTN_LINE,SPSTN_LINE,Siebel PSTN Line,Voice,Active,2023-10-03
SAS00582,SA00497,STD_PSTN_LINE,SPSTN_LINE,Siebel PSTN Line,Voice,Active,2024-08-26
SAS00583,SA00195,STD_PSTN_LINE,SPSTN_LINE,Siebel PSTN Line,Voice,Active,2024-12-13
SAS00584,SA00282,STD_PSTN_LINE,SPSTN_LINE,Siebel PSTN Line,Voice,Ceased,2023-11-25
SAS00585,SA00159,STD_BB_FTTP,SBB_FTTP,Siebel Broadband FTTP,Broadband,Active,2024-06-23
SAS00586,SA00465,STD_BB_FTTC,SBB_FTTC,Siebel Broadband FTTC,Broadband,Active,2025-11-02
SAS00587,SA00905,STD_BB_FTTC,SBB_FTTC,Siebel Broadband FTTC,Broadband,Active,2025-01-15
SAS00588,SA00329,STD_PSTN_LINE,SPSTN_LINE,Siebel PSTN Line,Voice,Active,2025-03-04
SAS00589,SA00700,STD_BB_FTTP,SBB_FTTP,Siebel Broadband FTTP,Broadband,Active,2023-11-12
SAS00590,SA00331,STD_BB_FTTP,SBB_FTTP,Siebel Broadband FTTP,Broadband,Active,2023-08-15
SAS00591,SA00675,STD_BB_FTTC,SBB_FTTC,Siebel Broadband FTTC,Broadband,Active,2023-09-23
SAS00592,SA00207,STD_BB_FTTC,SBB_FTTC,Siebel Broadband FTTC,Broadband,Active,2023-07-22
SAS00593,SA00674,STD_BB_FTTP,SBB_FTTP,Siebel Broadband FTTP,Broadband,Active,2024-06-08
SAS00594,SA00227,STD_PSTN_LINE,SPSTN_LINE,Siebel PSTN Line,Voice,Active,2023-01-27
SAS00595,SA00951,STD_BB_FTTC,SBB_FTTC,Siebel Broadband FTTC,Broadband,Active,2023-05-05
SAS00596,SA00762,STD_BB_FTTP,SBB_FTTP,Siebel Broadband FTTP,Broadband,Inactive,2023-04-30
SAS00597,SA00542,STD_BB_FTTC,SBB_FTTC,Siebel Broadband FTTC,Broadband,Active,2024-09-14
SAS00598,SA00984,STD_PSTN_LINE,SPSTN_LINE,Siebel PSTN Line,Voice,Active,2024-04-18
SAS00599,SA00195,STD_BB_FTTC,SBB_FTTC,Siebel Broadband FTTC,Broadband,Active,2024-05-24
SAS00600,SA00572,STD_PSTN_LINE,SPSTN_LINE,Siebel PSTN Line,Voice,Active,2023-08-05
SAS00601,SA00691,STD_BB_FTTP,SBB_FTTP,Siebel Broadband FTTP,Broadband,Active,2025-05-24
SAS00602,SA00812,STD_BB_FTTC,SBB_FTTC,Siebel Broadband FTTC,Broadband,Active,2025-10-30
SAS00603,SA00547,STD_PSTN_LINE,SPSTN_LINE,Siebel PSTN Line,Voice,Active,2024-12-22
SAS00604,SA00333,STD_BB_FTTP,SBB_FTTP,Siebel Broadband FTTP,Broadband,Active,2025-05-31
SAS00605,SA00577,STD_PSTN_LINE,SPSTN_LINE,Siebel PSTN Line,Voice,Active,2024-06-04
SAS00606,SA00459,STD_BB_FTTP,SBB_FTTP,Siebel Broadband FTTP,Broadband,Active,2023-03-12
SAS00607,SA00531,STD_BB_FTTC,SBB_FTTC,Siebel Broadband FTTC,Broadband,Pending,2024-09-10
SAS00608,SA00228,STD_BB_FTTC,SBB_FTTC,Siebel Broadband FTTC,Broadband,Inactive,2023-02-14
SAS00609,SA00524,STD_PSTN_LINE,SPSTN_LINE,Siebel PSTN Line,Voice,Active,2023-11-13
SAS00610,SA00472,STD_BB_FTTP,SBB_FTTP,Siebel Broadband FTTP,Broadband,Active,2024-06-26
SAS00611,SA00239,STD_BB_FTTP,SBB_FTTP,Siebel Broadband FTTP,Broadband,Active,2023-07-08
SAS00612,SA00583,STD_BB_FTTC,SBB_FTTC,Siebel Broadband FTTC,Broadband,Active,2024-10-26
SAS00613,SA00500,STD_PSTN_LINE,SPSTN_LINE,Siebel PSTN Line,Voice,Active,2023-07-15
SAS00614,SA00039,STD_PSTN_LINE,SPSTN_LINE,Siebel PSTN Line,Voice,Active,2025-02-20
SAS00615,SA00944,STD_BB_FTTP,SBB_FTTP,Siebel Broadband FTTP,Broadband,Active,2025-06-08
SAS00616,SA00891,STD_BB_FTTC,SBB_FTTC,Siebel Broadband FTTC,Broadband,Active,2023-01-24
SAS00617,SA00313,STD_PSTN_LINE,SPSTN_LINE,Siebel PSTN Line,Voice,Active,2023-11-03
SAS00618,SA00715,STD_BB_FTTC,SBB_FTTC,Siebel Broadband FTTC,Broadband,Active,2025-03-15
SAS00619,SA00093,STD_BB_FTTC,SBB_FTTC,Siebel Broadband FTTC,Broadband,Active,2025-03-18
SAS00620,SA00345,STD_BB_FTTC,SBB_FTTC,Siebel Broadband FTTC,Broadband,Active,2023-04-11
SAS00621,SA00269,STD_BB_FTTC,SBB_FTTC,Siebel Broadband FTTC,Broadband,Active,2025-06-08
SAS00622,SA00493,STD_PSTN_LINE,SPSTN_LINE,Siebel PSTN Line,Voice,Active,2025-03-20
SAS00623,SA00575,STD_PSTN_LINE,SPSTN_LINE,Siebel PSTN Line,Voice,Pending,2025-12-09
SAS00624,SA00074,STD_BB_FTTP,SBB_FTTP,Siebel Broadband FTTP,Broadband,Active,2024-10-24
SAS00625,SA00116,STD_PSTN_LINE,SPSTN_LINE,Siebel PSTN Line,Voice,Active,2025-01-18
SAS00626,SA00329,STD_BB_FTTP,SBB_FTTP,Siebel Broadband FTTP,Broadband,Active,2023-02-19
SAS00627,SA00359,STD_PSTN_LINE,SPSTN_LINE,Siebel PSTN Line,Voice,Inactive,2025-06-24
SAS00628,SA00452,STD_BB_FTTC,SBB_FTTC,Siebel Broadband FTTC,Broadband,Ceased,2024-04-23
SAS00629,SA00160,STD_PSTN_LINE,SPSTN_LINE,Siebel PSTN Line,Voice,Inactive,2023-08-19
SAS00630,SA00972,STD_PSTN_LINE,SPSTN_LINE,Siebel PSTN Line,Voice,Ceased,2024-08-12
SAS00631,SA00711,STD_BB_FTTC,SBB_FTTC,Siebel Broadband FTTC,Broadband,Active,2025-08-22
SAS00632,SA00215,STD_PSTN_LINE,SPSTN_LINE,Siebel PSTN Line,Voice,Active,2024-02-22
SAS00633,SA00769,STD_BB_FTTP,SBB_FTTP,Siebel Broadband FTTP,Broadband,Active,2023-10-17
SAS00634,SA00597,STD_PSTN_LINE,SPSTN_LINE,Siebel PSTN Line,Voice,Active,2024-06-07
SAS00635,SA00291,STD_BB_FTTC,SBB_FTTC,Siebel Broadband FTTC,Broadband,Active,2024-07-09
SAS00636,SA00671,STD_BB_FTTC,SBB_FTTC,Siebel Broadband FTTC,Broadband,Active,2024-07-09
SAS00637,SA00020,STD_BB_FTTP,SBB_FTTP,Siebel Broadband FTTP,Broadband,Inactive,2025-03-02
SAS00638,SA00521,STD_PSTN_LINE,SPSTN_LINE,Siebel PSTN Line,Voice,Active,2024-10-08
SAS00639,SA00091,STD_BB_FTTC,SBB_FTTC,Siebel Broadband FTTC,Broadband,Active,2025-07-26
SAS00640,SA00041,STD_BB_FTTC,SBB_FTTC,Siebel Broadband FTTC,Broadband,Ceased,2024-09-16
SAS00641,SA00403,STD_PSTN_LINE,SPSTN_LINE,Siebel PSTN Line,Voice,Active,2024-12-11
SAS00642,SA00641,STD_BB_FTTP,SBB_FTTP,Siebel Broadband FTTP,Broadband,Active,2025-10-23
SAS00643,SA00641,STD_BB_FTTP,SBB_FTTP,Siebel Broadband FTTP,Broadband,Inactive,2023-03-02
SAS00644,SA00231,STD_BB_FTTC,SBB_FTTC,Siebel Broadband FTTC,Broadband,Active,2025-03-15
SAS00645,SA00748,STD_BB_FTTP,SBB_FTTP,Siebel Broadband FTTP,Broadband,Active,2024-04-10
SAS00646,SA00587,STD_BB_FTTC,SBB_FTTC,Siebel Broadband FTTC,Broadband,Active,2024-10-01
SAS00647,SA00460,STD_PSTN_LINE,SPSTN_LINE,Siebel PSTN Line,Voice,Active,2023-10-11
SAS00648,SA00701,STD_BB_FTTC,SBB_FTTC,Siebel Broadband FTTC,Broadband,Inactive,2024-09-24
SAS00649,SA00441,STD_BB_FTTC,SBB_FTTC,Siebel Broadband FTTC,Broadband,Active,2023-11-20
SAS00650,SA00571,STD_PSTN_LINE,SPSTN_LINE,Siebel PSTN Line,Voice,Ceased,2023-08-31
SAS00651,SA00860,STD_BB_FTTC,SBB_FTTC,Siebel Broadband FTTC,Broadband,Active,2024-10-14
SAS00652,SA00311,STD_BB_FTTP,SBB_FTTP,Siebel Broadband FTTP,Broadband,Active,2024-07-14
SAS00653,SA00110,STD_BB_FTTC,SBB_FTTC,Siebel Broadband FTTC,Broadband,Active,2024-06-30
SAS00654,SA00611,STD_BB_FTTC,SBB_FTTC,Siebel Broadband FTTC,Broadband,Active,2023-02-23
SAS00655,SA00705,STD_BB_FTTP,SBB_FTTP,Siebel Broadband FTTP,Broadband,Active,2025-08-18
SAS00656,SA00873,STD_BB_FTTP,SBB_FTTP,Siebel Broadband FTTP,Broadband,Active,2023-10-09
SAS00657,SA00232,STD_BB_FTTC,SBB_FTTC,Siebel Broadband FTTC,Broadband,Active,2023-01-31
SAS00658,SA00228,STD_PSTN_LINE,SPSTN_LINE,Siebel PSTN Line,Voice,Active,2024-02-20
SAS00659,SA00182,STD_BB_FTTP,SBB_FTTP,Siebel Broadband FTTP,Broadband,Inactive,2025-09-30
SAS00660,SA00909,STD_BB_FTTC,SBB_FTTC,Siebel Broadband FTTC,Broadband,Active,2023-03-27
SAS00661,SA00738,STD_BB_FTTP,SBB_FTTP,Siebel Broadband FTTP,Broadband,Active,2026-01-03
SAS00662,SA00534,STD_BB_FTTC,SBB_FTTC,Siebel Broadband FTTC,Broadband,Active,2023-03-28
SAS00663,SA00551,STD_BB_FTTP,SBB_FTTP,Siebel Broadband FTTP,Broadband,Pending,2023-03-22
SAS00664,SA00529,STD_PSTN_LINE,SPSTN_LINE,Siebel PSTN Line,Voice,Pending,2024-01-24
SAS00665,SA00408,STD_BB_FTTP,SBB_FTTP,Siebel Broadband FTTP,Broadband,Active,2024-08-08
SAS00666,SA00433,STD_BB_FTTP,SBB_FTTP,Siebel Broadband FTTP,Broadband,Active,2023-04-22
SAS00667,SA00475,STD_PSTN_LINE,SPSTN_LINE,Siebel PSTN Line,Voice,Active,2025-10-22
SAS00668,SA00798,STD_PSTN_LINE,SPSTN_LINE,Siebel PSTN Line,Voice,Ceased,2023-10-05
SAS00669,SA00332,STD_BB_FTTP,SBB_FTTP,Siebel Broadband FTTP,Broadband,Active,2025-07-18
SAS00670,SA00904,STD_BB_FTTP,SBB_FTTP,Siebel Broadband FTTP,Broadband,Active,2024-10-25
SAS00671,SA00094,STD_BB_FTTC,SBB_FTTC,Siebel Broadband FTTC,Broadband,Active,2025-01-13
SAS00672,SA00725,STD_BB_FTTP,SBB_FTTP,Siebel Broadband FTTP,Broadband,Active,2025-11-13
SAS00673,SA00388,STD_PSTN_LINE,SPSTN_LINE,Siebel PSTN Line,Voice,Active,2023-12-16
SAS00674,SA00167,STD_BB_FTTC,SBB_FTTC,Siebel Broadband FTTC,Broadband,Active,2023-04-16
SAS00675,SA00317,STD_PSTN_LINE,SPSTN_LINE,Siebel PSTN Line,Voice,Active,2025-07-02
SAS00676,SA00121,STD_BB_FTTC,SBB_FTTC,Siebel Broadband FTTC,Broadband,Pending,2023-01-08
SAS00677,SA00013,STD_BB_FTTP,SBB_FTTP,Siebel Broadband FTTP,Broadband,Active,2025-10-18
SAS00678,SA00623,STD_BB_FTTP,SBB_FTTP,Siebel Broadband FTTP,Broadband,Active,2025-09-01
SAS00679,SA00453,STD_BB_FTTC,SBB_FTTC,Siebel Broadband FTTC,Broadband,Active,2023-01-14
SAS00680,SA00285,STD_PSTN_LINE,SPSTN_LINE,Siebel PSTN Line,Voice,Active,2024-03-01
SAS00681,SA00152,STD_BB_FTTC,SBB_FTTC,Siebel Broadband FTTC,Broadband,Active,2023-03-17
SAS00682,SA00684,STD_PSTN_LINE,SPSTN_LINE,Siebel PSTN Line,Voice,Inactive,2024-09-03
SAS00683,SA00051,STD_BB_FTTC,SBB_FTTC,Siebel Broadband FTTC,Broadband,Active,2024-01-01
SAS00684,SA00626,STD_PSTN_LINE,SPSTN_LINE,Siebel PSTN Line,Voice,Active,2023-12-30
SAS00685,SA00954,STD_BB_FTTC,SBB_FTTC,Siebel Broadband FTTC,Broadband,Active,2024-09-04
SAS00686,SA00920,STD_BB_FTTP,SBB_FTTP,Siebel Broadband FTTP,Broadband,Inactive,2025-05-25
SAS00687,SA00300,STD_BB_FTTP,SBB_FTTP,Siebel Broadband FTTP,Broadband,Active,2024-07-16
SAS00688,SA00424,STD_PSTN_LINE,SPSTN_LINE,Siebel PSTN Line,Voice,Active,2024-03-04
SAS00689,SA00112,STD_PSTN_LINE,SPSTN_LINE,Siebel PSTN Line,Voice,Active,2025-12-19
SAS00690,SA00742,STD_PSTN_LINE,SPSTN_LINE,Siebel PSTN Line,Voice,Active,2024-08-11
SAS00691,SA00266,STD_PSTN_LINE,SPSTN_LINE,Siebel PSTN Line,Voice,Active,2024-12-25
SAS00692,SA00533,STD_PSTN_LINE,SPSTN_LINE,Siebel PSTN Line,Voice,Active,2025-10-05
SAS00693,SA00726,STD_BB_FTTP,SBB_FTTP,Siebel Broadband FTTP,Broadband,Pending,2023-01-04
SAS00694,SA00477,STD_PSTN_LINE,SPSTN_LINE,Siebel PSTN Line,Voice,Active,2024-02-29
SAS00695,SA00424,STD_BB_FTTC,SBB_FTTC,Siebel Broadband FTTC,Broadband,Active,2024-03-10
SAS00696,SA00707,STD_BB_FTTP,SBB_FTTP,Siebel Broadband FTTP,Broadband,Active,2023-05-19
SAS00697,SA00519,STD_PSTN_LINE,SPSTN_LINE,Siebel PSTN Line,Voice,Active,2023-01-13
SAS00698,SA00350,STD_BB_FTTP,SBB_FTTP,Siebel Broadband FTTP,Broadband,Active,2023-03-01
SAS00699,SA00339,STD_BB_FTTP,SBB_FTTP,Siebel Broadband FTTP,Broadband,Ceased,2025-09-08
SAS00700,SA00662,STD_BB_FTTC,SBB_FTTC,Siebel Broadband FTTC,Broadband,Active,2025-08-01
SAS00701,SA00474,STD_BB_FTTP,SBB_FTTP,Siebel Broadband FTTP,Broadband,Ceased,2023-04-25
SAS00702,SA00579,STD_PSTN_LINE,SPSTN_LINE,Siebel PSTN Line,Voice,Active,2026-01-02
SAS00703,SA00592,STD_PSTN_LINE,SPSTN_LINE,Siebel PSTN Line,Voice,Active,2024-12-25
SAS00704,SA00288,STD_BB_FTTC,SBB_FTTC,Siebel Broadband FTTC,Broadband,Active,2025-02-07
SAS00705,SA00585,STD_PSTN_LINE,SPSTN_LINE,Siebel PSTN Line,Voice,Active,2023-08-28
SAS00706,SA00727,STD_BB_FTTC,SBB_FTTC,Siebel Broadband FTTC,Broadband,Active,2023-06-27
SAS00707,SA00381,STD_BB_FTTP,SBB_FTTP,Siebel Broadband FTTP,Broadband,Inactive,2024-09-11
SAS00708,SA00310,STD_BB_FTTC,SBB_FTTC,Siebel Broadband FTTC,Broadband,Active,2023-03-18
SAS00709,SA00455,STD_PSTN_LINE,SPSTN_LINE,Siebel PSTN Line,Voice,Active,2025-09-15
SAS00710,SA00195,STD_BB_FTTP,SBB_FTTP,Siebel Broadband FTTP,Broadband,Ceased,2025-12-08
SAS00711,SA00147,STD_BB_FTTC,SBB_FTTC,Siebel Broadband FTTC,Broadband,Inactive,2025-11-23
SAS00712,SA00742,STD_BB_FTTC,SBB_FTTC,Siebel Broadband FTTC,Broadband,Active,2025-12-05
SAS00713,SA00319,STD_BB_FTTC,SBB_FTTC,Siebel Broadband FTTC,Broadband,Active,2023-06-28
SAS00714,SA00911,STD_BB_FTTC,SBB_FTTC,Siebel Broadband FTTC,Broadband,Active,2024-10-01
SAS00715,SA00655,STD_BB_FTTC,SBB_FTTC,Siebel Broadband FTTC,Broadband,Active,2024-01-30
SAS00716,SA00546,STD_BB_FTTP,SBB_FTTP,Siebel Broadband FTTP,Broadband,Active,2023-08-29
SAS00717,SA00162,STD_BB_FTTP,SBB_FTTP,Siebel Broadband FTTP,Broadband,Active,2025-11-18
SAS00718,SA00556,STD_BB_FTTP,SBB_FTTP,Siebel Broadband FTTP,Broadband,Active,2024-07-09
SAS00719,SA00588,STD_BB_FTTC,SBB_FTTC,Siebel Broadband FTTC,Broadband,Active,2024-09-29
SAS00720,SA00554,STD_BB_FTTP,SBB_FTTP,Siebel Broadband FTTP,Broadband,Active,2023-03-01
SAS00721,SA00109,STD_BB_FTTP,SBB_FTTP,Siebel Broadband FTTP,Broadband,Active,2025-05-23
SAS00722,SA00722,STD_PSTN_LINE,SPSTN_LINE,Siebel PSTN Line,Voice,Inactive,2025-07-02
SAS00723,SA00320,STD_BB_FTTP,SBB_FTTP,Siebel Broadband FTTP,Broadband,Active,2025-12-28
SAS00724,SA00582,STD_BB_FTTC,SBB_FTTC,Siebel Broadband FTTC,Broadband,Active,2025-08-17
SAS00725,SA00318,STD_PSTN_LINE,SPSTN_LINE,Siebel PSTN Line,Voice,Active,2025-08-11
SAS00726,SA00971,STD_BB_FTTC,SBB_FTTC,Siebel Broadband FTTC,Broadband,Active,2024-06-12
SAS00727,SA00188,STD_PSTN_LINE,SPSTN_LINE,Siebel PSTN Line,Voice,Ceased,2024-11-07
SAS00728,SA00500,STD_BB_FTTC,SBB_FTTC,Siebel Broadband FTTC,Broadband,Active,2023-08-20
SAS00729,SA00473,STD_BB_FTTC,SBB_FTTC,Siebel Broadband FTTC,Broadband,Active,2024-12-14
SAS00730,SA00521,STD_BB_FTTC,SBB_FTTC,Siebel Broadband FTTC,Broadband,Active,2023-08-08
SAS00731,SA00666,STD_BB_FTTC,SBB_FTTC,Siebel Broadband FTTC,Broadband,Active,2025-12-27
SAS00732,SA00605,STD_BB_FTTP,SBB_FTTP,Siebel Broadband FTTP,Broadband,Active,2024-05-14
SAS00733,SA00998,STD_BB_FTTP,SBB_FTTP,Siebel Broadband FTTP,Broadband,Active,2024-11-28
SAS00734,SA00804,STD_BB_FTTP,SBB_FTTP,Siebel Broadband FTTP,Broadband,Active,2024-12-01
SAS00735,SA00178,STD_PSTN_LINE,SPSTN_LINE,Siebel PSTN Line,Voice,Active,2025-09-23
SAS00736,SA00334,STD_PSTN_LINE,SPSTN_LINE,Siebel PSTN Line,Voice,Active,2025-06-30
SAS00737,SA00979,STD_BB_FTTP,SBB_FTTP,Siebel Broadband FTTP,Broadband,Active,2023-08-11
SAS00738,SA00336,STD_BB_FTTP,SBB_FTTP,Siebel Broadband FTTP,Broadband,Active,2023-05-06
SAS00739,SA00837,STD_BB_FTTC,SBB_FTTC,Siebel Broadband FTTC,Broadband,Inactive,2023-01-01
SAS00740,SA00464,STD_PSTN_LINE,SPSTN_LINE,Siebel PSTN Line,Voice,Active,2025-07-04
SAS00741,SA00698,STD_BB_FTTP,SBB_FTTP,Siebel Broadband FTTP,Broadband,Active,2024-09-15
SAS00742,SA00092,STD_PSTN_LINE,SPSTN_LINE,Siebel PSTN Line,Voice,Active,2025-11-11
SAS00743,SA00873,STD_BB_FTTP,SBB_FTTP,Siebel Broadband FTTP,Broadband,Active,2023-04-19
SAS00744,SA00841,STD_BB_FTTP,SBB_FTTP,Siebel Broadband FTTP,Broadband,Active,2024-07-31
SAS00745,SA00443,STD_PSTN_LINE,SPSTN_LINE,Siebel PSTN Line,Voice,Active,2024-10-13
SAS00746,SA00391,STD_BB_FTTP,SBB_FTTP,Siebel Broadband FTTP,Broadband,Active,2023-12-22
SAS00747,SA00193,STD_PSTN_LINE,SPSTN_LINE,Siebel PSTN Line,Voice,Active,2025-01-07
SAS00748,SA00296,STD_PSTN_LINE,SPSTN_LINE,Siebel PSTN Line,Voice,Active,2023-01-24
SAS00749,SA00148,STD_PSTN_LINE,SPSTN_LINE,Siebel PSTN Line,Voice,Inactive,2025-06-13
SAS00750,SA00141,STD_PSTN_LINE,SPSTN_LINE,Siebel PSTN Line,Voice,Active,2025-07-22
SAS00751,SA00639,STD_BB_FTTC,SBB_FTTC,Siebel Broadband FTTC,Broadband,Active,2025-05-18
SAS00752,SA00394,STD_BB_FTTP,SBB_FTTP,Siebel Broadband FTTP,Broadband,Active,2025-05-19
SAS00753,SA00592,STD_BB_FTTP,SBB_FTTP,Siebel Broadband FTTP,Broadband,Inactive,2024-04-29
SAS00754,SA00421,STD_PSTN_LINE,SPSTN_LINE,Siebel PSTN Line,Voice,Active,2023-03-10
SAS00755,SA00722,STD_BB_FTTP,SBB_FTTP,Siebel Broadband FTTP,Broadband,Active,2025-09-13
SAS00756,SA00748,STD_PSTN_LINE,SPSTN_LINE,Siebel PSTN Line,Voice,Active,2024-07-26
SAS00757,SA00081,STD_PSTN_LINE,SPSTN_LINE,Siebel PSTN Line,Voice,Inactive,2023-07-01
SAS00758,SA00646,STD_PSTN_LINE,SPSTN_LINE,Siebel PSTN Line,Voice,Active,2023-06-09
SAS00759,SA00628,STD_BB_FTTC,SBB_FTTC,Siebel Broadband FTTC,Broadband,Ceased,2025-12-31
SAS00760,SA00465,STD_PSTN_LINE,SPSTN_LINE,Siebel PSTN Line,Voice,Ceased,2024-11-09
SAS00761,SA00984,STD_BB_FTTP,SBB_FTTP,Siebel Broadband FTTP,Broadband,Active,2023-03-14
SAS00762,SA00745,STD_PSTN_LINE,SPSTN_LINE,Siebel PSTN Line,Voice,Active,2025-08-27
SAS00763,SA00587,STD_BB_FTTC,SBB_FTTC,Siebel Broadband FTTC,Broadband,Active,2024-08-20
SAS00764,SA00294,STD_BB_FTTP,SBB_FTTP,Siebel Broadband FTTP,Broadband,Active,2025-11-01
SAS00765,SA00259,STD_BB_FTTC,SBB_FTTC,Siebel Broadband FTTC,Broadband,Active,2024-07-17
SAS00766,SA00760,STD_BB_FTTC,SBB_FTTC,Siebel Broadband FTTC,Broadband,Active,2023-11-06
SAS00767,SA00828,STD_BB_FTTC,SBB_FTTC,Siebel Broadband FTTC,Broadband,Active,2024-04-28
SAS00768,SA00819,STD_PSTN_LINE,SPSTN_LINE,Siebel PSTN Line,Voice,Inactive,2024-12-03
SAS00769,SA00610,STD_BB_FTTC,SBB_FTTC,Siebel Broadband FTTC,Broadband,Inactive,2025-04-25
SAS00770,SA00677,STD_BB_FTTP,SBB_FTTP,Siebel Broadband FTTP,Broadband,Active,2023-12-09
SAS00771,SA00056,STD_PSTN_LINE,SPSTN_LINE,Siebel PSTN Line,Voice,Active,2023-08-26
SAS00772,SA00476,STD_BB_FTTP,SBB_FTTP,Siebel Broadband FTTP,Broadband,Active,2025-09-02
SAS00773,SA00389,STD_PSTN_LINE,SPSTN_LINE,Siebel PSTN Line,Voice,Active,2025-08-29
SAS00774,SA00544,STD_BB_FTTP,SBB_FTTP,Siebel Broadband FTTP,Broadband,Active,2025-07-08
SAS00775,SA00985,STD_PSTN_LINE,SPSTN_LINE,Siebel PSTN Line,Voice,Active,2023-03-26
SAS00776,SA00653,STD_BB_FTTP,SBB_FTTP,Siebel Broadband FTTP,Broadband,Ceased,2025-06-03
SAS00777,SA00344,STD_BB_FTTP,SBB_FTTP,Siebel Broadband FTTP,Broadband,Active,2023-07-21
SAS00778,SA00473,STD_PSTN_LINE,SPSTN_LINE,Siebel PSTN Line,Voice,Active,2024-02-04
SAS00779,SA00694,STD_PSTN_LINE,SPSTN_LINE,Siebel PSTN Line,Voice,Pending,2024-10-03
SAS00780,SA00689,STD_BB_FTTC,SBB_FTTC,Siebel Broadband FTTC,Broadband,Inactive,2023-01-25
SAS00781,SA00538,STD_BB_FTTC,SBB_FTTC,Siebel Broadband FTTC,Broadband,Active,2024-12-20
SAS00782,SA00258,STD_BB_FTTC,SBB_FTTC,Siebel Broadband FTTC,Broadband,Active,2023-07-08
SAS00783,SA00974,STD_PSTN_LINE,SPSTN_LINE,Siebel PSTN Line,Voice,Active,2023-09-03
SAS00784,SA00385,STD_PSTN_LINE,SPSTN_LINE,Siebel PSTN Line,Voice,Active,2024-01-14
SAS00785,SA00260,STD_BB_FTTP,SBB_FTTP,Siebel Broadband FTTP,Broadband,Active,2023-06-05
SAS00786,SA00788,STD_BB_FTTP,SBB_FTTP,Siebel Broadband FTTP,Broadband,Active,2024-10-24
SAS00787,SA00800,STD_BB_FTTC,SBB_FTTC,Siebel Broadband FTTC,Broadband,Active,2023-05-08
SAS00788,SA00341,STD_BB_FTTC,SBB_FTTC,Siebel Broadband FTTC,Broadband,Active,2024-06-26
SAS00789,SA00072,STD_BB_FTTP,SBB_FTTP,Siebel Broadband FTTP,Broadband,Pending,2024-02-15
SAS00790,SA00183,STD_PSTN_LINE,SPSTN_LINE,Siebel PSTN Line,Voice,Active,2023-10-22
SAS00791,SA00224,STD_PSTN_LINE,SPSTN_LINE,Siebel PSTN Line,Voice,Active,2025-06-23
SAS00792,SA00036,STD_BB_FTTC,SBB_FTTC,Siebel Broadband FTTC,Broadband,Active,2024-05-28
SAS00793,SA00919,STD_BB_FTTP,SBB_FTTP,Siebel Broadband FTTP,Broadband,Active,2023-01-02
SAS00794,SA00273,STD_BB_FTTC,SBB_FTTC,Siebel Broadband FTTC,Broadband,Active,2025-03-12
SAS00795,SA00528,STD_PSTN_LINE,SPSTN_LINE,Siebel PSTN Line,Voice,Ceased,2025-10-01
SAS00796,SA00414,STD_PSTN_LINE,SPSTN_LINE,Siebel PSTN Line,Voice,Active,2023-05-24
SAS00797,SA00004,STD_BB_FTTP,SBB_FTTP,Siebel Broadband FTTP,Broadband,Ceased,2025-09-14
SAS00798,SA00958,STD_BB_FTTP,SBB_FTTP,Siebel Broadband FTTP,Broadband,Active,2024-09-12
SAS00799,SA00648,STD_PSTN_LINE,SPSTN_LINE,Siebel PSTN Line,Voice,Active,2025-12-30
SAS00800,SA00862,STD_BB_FTTP,SBB_FTTP,Siebel Broadband FTTP,Broadband,Active,2024-08-16
SAS00801,SA00568,STD_BB_FTTC,SBB_FTTC,Siebel Broadband FTTC,Broadband,Pending,2024-01-27
SAS00802,SA00918,STD_BB_FTTC,SBB_FTTC,Siebel Broadband FTTC,Broadband,Active,2025-01-05
SAS00803,SA00907,STD_PSTN_LINE,SPSTN_LINE,Siebel PSTN Line,Voice,Active,2024-01-24
SAS00804,SA00198,STD_BB_FTTC,SBB_FTTC,Siebel Broadband FTTC,Broadband,Active,2024-05-03
SAS00805,SA00065,STD_PSTN_LINE,SPSTN_LINE,Siebel PSTN Line,Voice,Active,2025-10-20
SAS00806,SA00990,STD_BB_FTTC,SBB_FTTC,Siebel Broadband FTTC,Broadband,Active,2023-04-25
SAS00807,SA00416,STD_BB_FTTC,SBB_FTTC,Siebel Broadband FTTC,Broadband,Active,2025-12-07
SAS00808,SA00153,STD_PSTN_LINE,SPSTN_LINE,Siebel PSTN Line,Voice,Active,2023-05-28
SAS00809,SA00501,STD_PSTN_LINE,SPSTN_LINE,Siebel PSTN Line,Voice,Active,2023-04-04
SAS00810,SA00015,STD_BB_FTTC,SBB_FTTC,Siebel Broadband FTTC,Broadband,Active,2024-09-21
SAS00811,SA00626,STD_BB_FTTC,SBB_FTTC,Siebel Broadband FTTC,Broadband,Inactive,2023-05-11
SAS00812,SA00510,STD_PSTN_LINE,SPSTN_LINE,Siebel PSTN Line,Voice,Active,2024-03-27
SAS00813,SA00437,STD_BB_FTTP,SBB_FTTP,Siebel Broadband FTTP,Broadband,Active,2025-04-03
SAS00814,SA01000,STD_PSTN_LINE,SPSTN_LINE,Siebel PSTN Line,Voice,Active,2023-10-09
SAS00815,SA00783,STD_BB_FTTC,SBB_FTTC,Siebel Broadband FTTC,Broadband,Active,2024-11-18
SAS00816,SA00281,STD_BB_FTTC,SBB_FTTC,Siebel Broadband FTTC,Broadband,Active,2023-12-11
SAS00817,SA00169,STD_BB_FTTP,SBB_FTTP,Siebel Broadband FTTP,Broadband,Active,2023-03-25
SAS00818,SA00811,STD_PSTN_LINE,SPSTN_LINE,Siebel PSTN Line,Voice,Active,2023-11-20
SAS00819,SA00083,STD_BB_FTTC,SBB_FTTC,Siebel Broadband FTTC,Broadband,Active,2023-07-02
SAS00820,SA00427,STD_PSTN_LINE,SPSTN_LINE,Siebel PSTN Line,Voice,Active,2025-09-01
SAS00821,SA00147,STD_PSTN_LINE,SPSTN_LINE,Siebel PSTN Line,Voice,Active,2025-07-11
SAS00822,SA00961,STD_BB_FTTC,SBB_FTTC,Siebel Broadband FTTC,Broadband,Active,2023-03-19
SAS00823,SA00735,STD_BB_FTTP,SBB_FTTP,Siebel Broadband FTTP,Broadband,Active,2023-06-30
SAS00824,SA00429,STD_BB_FTTC,SBB_FTTC,Siebel Broadband FTTC,Broadband,Active,2024-01-29
SAS00825,SA00098,STD_PSTN_LINE,SPSTN_LINE,Siebel PSTN Line,Voice,Active,2025-11-05
SAS00826,SA00789,STD_PSTN_LINE,SPSTN_LINE,Siebel PSTN Line,Voice,Active,2024-07-20
SAS00827,SA00116,STD_BB_FTTC,SBB_FTTC,Siebel Broadband FTTC,Broadband,Active,2025-08-29
SAS00828,SA00164,STD_PSTN_LINE,SPSTN_LINE,Siebel PSTN Line,Voice,Ceased,2023-04-21
SAS00829,SA00215,STD_BB_FTTP,SBB_FTTP,Siebel Broadband FTTP,Broadband,Active,2025-07-17
SAS00830,SA00759,STD_BB_FTTC,SBB_FTTC,Siebel Broadband FTTC,Broadband,Ceased,2023-12-27
SAS00831,SA00497,STD_PSTN_LINE,SPSTN_LINE,Siebel PSTN Line,Voice,Active,2024-04-26
SAS00832,SA00430,STD_BB_FTTC,SBB_FTTC,Siebel Broadband FTTC,Broadband,Active,2024-10-29
SAS00833,SA00334,STD_BB_FTTC,SBB_FTTC,Siebel Broadband FTTC,Broadband,Active,2025-04-24
SAS00834,SA00913,STD_BB_FTTC,SBB_FTTC,Siebel Broadband FTTC,Broadband,Active,2025-09-19
SAS00835,SA00149,STD_BB_FTTC,SBB_FTTC,Siebel Broadband FTTC,Broadband,Ceased,2025-07-20
SAS00836,SA00383,STD_BB_FTTC,SBB_FTTC,Siebel Broadband FTTC,Broadband,Active,2024-02-02
SAS00837,SA00208,STD_BB_FTTP,SBB_FTTP,Siebel Broadband FTTP,Broadband,Active,2023-05-03
SAS00838,SA00114,STD_BB_FTTP,SBB_FTTP,Siebel Broadband FTTP,Broadband,Active,2023-12-17
SAS00839,SA00908,STD_BB_FTTP,SBB_FTTP,Siebel Broadband FTTP,Broadband,Active,2023-12-15
SAS00840,SA00876,STD_BB_FTTC,SBB_FTTC,Siebel Broadband FTTC,Broadband,Active,2025-12-04
SAS00841,SA00606,STD_BB_FTTP,SBB_FTTP,Siebel Broadband FTTP,Broadband,Inactive,2024-07-25
SAS00842,SA00754,STD_BB_FTTC,SBB_FTTC,Siebel Broadband FTTC,Broadband,Active,2025-06-08
SAS00843,SA00914,STD_PSTN_LINE,SPSTN_LINE,Siebel PSTN Line,Voice,Ceased,2023-01-11
SAS00844,SA00042,STD_BB_FTTP,SBB_FTTP,Siebel Broadband FTTP,Broadband,Active,2025-10-29
SAS00845,SA00544,STD_BB_FTTP,SBB_FTTP,Siebel Broadband FTTP,Broadband,Active,2023-07-20
SAS00846,SA00247,STD_BB_FTTC,SBB_FTTC,Siebel Broadband FTTC,Broadband,Active,2023-01-26
SAS00847,SA00136,STD_BB_FTTP,SBB_FTTP,Siebel Broadband FTTP,Broadband,Active,2023-07-05
SAS00848,SA00686,STD_BB_FTTP,SBB_FTTP,Siebel Broadband FTTP,Broadband,Active,2025-07-29
SAS00849,SA01000,STD_BB_FTTP,SBB_FTTP,Siebel Broadband FTTP,Broadband,Active,2023-10-11
SAS00850,SA00809,STD_BB_FTTP,SBB_FTTP,Siebel Broadband FTTP,Broadband,Active,2023-01-03
SAS00851,SA00915,STD_PSTN_LINE,SPSTN_LINE,Siebel PSTN Line,Voice,Active,2023-03-08
SAS00852,SA00771,STD_BB_FTTP,SBB_FTTP,Siebel Broadband FTTP,Broadband,Active,2024-02-29
SAS00853,SA00754,STD_BB_FTTC,SBB_FTTC,Siebel Broadband FTTC,Broadband,Active,2025-01-15
SAS00854,SA00393,STD_BB_FTTP,SBB_FTTP,Siebel Broadband FTTP,Broadband,Active,2023-03-25
SAS00855,SA00180,STD_PSTN_LINE,SPSTN_LINE,Siebel PSTN Line,Voice,Active,2023-05-18
SAS00856,SA00142,STD_BB_FTTP,SBB_FTTP,Siebel Broadband FTTP,Broadband,Active,2023-08-21
SAS00857,SA00772,STD_PSTN_LINE,SPSTN_LINE,Siebel PSTN Line,Voice,Active,2024-10-18
SAS00858,SA00516,STD_PSTN_LINE,SPSTN_LINE,Siebel PSTN Line,Voice,Active,2023-04-22
SAS00859,SA00354,STD_BB_FTTP,SBB_FTTP,Siebel Broadband FTTP,Broadband,Active,2025-12-14
SAS00860,SA00727,STD_PSTN_LINE,SPSTN_LINE,Siebel PSTN Line,Voice,Active,2025-12-27
SAS00861,SA00636,STD_BB_FTTP,SBB_FTTP,Siebel Broadband FTTP,Broadband,Active,2023-05-15
SAS00862,SA00090,STD_BB_FTTC,SBB_FTTC,Siebel Broadband FTTC,Broadband,Active,2024-01-02
SAS00863,SA00112,STD_BB_FTTC,SBB_FTTC,Siebel Broadband FTTC,Broadband,Active,2023-10-31
SAS00864,SA00896,STD_BB_FTTC,SBB_FTTC,Siebel Broadband FTTC,Broadband,Active,2023-02-16
SAS00865,SA00993,STD_PSTN_LINE,SPSTN_LINE,Siebel PSTN Line,Voice,Active,2023-09-28
SAS00866,SA00431,STD_BB_FTTP,SBB_FTTP,Siebel Broadband FTTP,Broadband,Active,2023-02-13
SAS00867,SA00065,STD_BB_FTTC,SBB_FTTC,Siebel Broadband FTTC,Broadband,Inactive,2024-04-20
SAS00868,SA00422,STD_PSTN_LINE,SPSTN_LINE,Siebel PSTN Line,Voice,Active,2024-10-30
SAS00869,SA00863,STD_PSTN_LINE,SPSTN_LINE,Siebel PSTN Line,Voice,Active,2024-09-14
SAS00870,SA00920,STD_BB_FTTP,SBB_FTTP,Siebel Broadband FTTP,Broadband,Active,2024-06-16
SAS00871,SA00381,STD_BB_FTTP,SBB_FTTP,Siebel Broadband FTTP,Broadband,Active,2023-04-07
SAS00872,SA00292,STD_BB_FTTP,SBB_FTTP,Siebel Broadband FTTP,Broadband,Ceased,2023-11-26
SAS00873,SA00187,STD_BB_FTTC,SBB_FTTC,Siebel Broadband FTTC,Broadband,Inactive,2023-11-11
SAS00874,SA00120,STD_BB_FTTC,SBB_FTTC,Siebel Broadband FTTC,Broadband,Pending,2023-09-17
SAS00875,SA00379,STD_BB_FTTC,SBB_FTTC,Siebel Broadband FTTC,Broadband,Active,2023-03-13
SAS00876,SA00152,STD_BB_FTTP,SBB_FTTP,Siebel Broadband FTTP,Broadband,Active,2023-11-29
SAS00877,SA00125,STD_BB_FTTC,SBB_FTTC,Siebel Broadband FTTC,Broadband,Active,2025-10-19
SAS00878,SA00951,STD_BB_FTTP,SBB_FTTP,Siebel Broadband FTTP,Broadband,Active,2025-11-05
SAS00879,SA00486,STD_BB_FTTP,SBB_FTTP,Siebel Broadband FTTP,Broadband,Pending,2023-10-29
SAS00880,SA00347,STD_PSTN_LINE,SPSTN_LINE,Siebel PSTN Line,Voice,Active,2025-09-07
SAS00881,SA00695,STD_PSTN_LINE,SPSTN_LINE,Siebel PSTN Line,Voice,Active,2023-02-20
SAS00882,SA00457,STD_BB_FTTP,SBB_FTTP,Siebel Broadband FTTP,Broadband,Active,2023-04-23
SAS00883,SA00598,STD_PSTN_LINE,SPSTN_LINE,Siebel PSTN Line,Voice,Active,2024-07-23
SAS00884,SA00086,STD_PSTN_LINE,SPSTN_LINE,Siebel PSTN Line,Voice,Inactive,2023-06-28
SAS00885,SA00200,STD_BB_FTTP,SBB_FTTP,Siebel Broadband FTTP,Broadband,Active,2025-11-13
SAS00886,SA00408,STD_BB_FTTC,SBB_FTTC,Siebel Broadband FTTC,Broadband,Active,2025-05-25
SAS00887,SA00382,STD_BB_FTTC,SBB_FTTC,Siebel Broadband FTTC,Broadband,Active,2024-12-20
SAS00888,SA00896,STD_PSTN_LINE,SPSTN_LINE,Siebel PSTN Line,Voice,Active,2025-06-28
SAS00889,SA00296,STD_BB_FTTC,SBB_FTTC,Siebel Broadband FTTC,Broadband,Active,2025-05-18
SAS00890,SA00856,STD_PSTN_LINE,SPSTN_LINE,Siebel PSTN Line,Voice,Active,2023-10-22
SAS00891,SA00487,STD_PSTN_LINE,SPSTN_LINE,Siebel PSTN Line,Voice,Pending,2023-05-16
SAS00892,SA00091,STD_BB_FTTC,SBB_FTTC,Siebel Broadband FTTC,Broadband,Active,2024-07-13
SAS00893,SA00570,STD_BB_FTTP,SBB_FTTP,Siebel Broadband FTTP,Broadband,Active,2023-10-08
SAS00894,SA00853,STD_BB_FTTP,SBB_FTTP,Siebel Broadband FTTP,Broadband,Active,2025-10-01
SAS00895,SA00855,STD_PSTN_LINE,SPSTN_LINE,Siebel PSTN Line,Voice,Active,2025-08-07
SAS00896,SA00811,STD_BB_FTTC,SBB_FTTC,Siebel Broadband FTTC,Broadband,Active,2024-09-06
SAS00897,SA00670,STD_PSTN_LINE,SPSTN_LINE,Siebel PSTN Line,Voice,Inactive,2025-05-04
SAS00898,SA00929,STD_PSTN_LINE,SPSTN_LINE,Siebel PSTN Line,Voice,Active,2023-02-28
SAS00899,SA00505,STD_BB_FTTC,SBB_FTTC,Siebel Broadband FTTC,Broadband,Active,2025-01-10
SAS00900,SA00580,STD_BB_FTTP,SBB_FTTP,Siebel Broadband FTTP,Broadband,Inactive,2025-09-01
SAS00901,SA00525,STD_PSTN_LINE,SPSTN_LINE,Siebel PSTN Line,Voice,Active,2024-06-15
SAS00902,SA00150,STD_BB_FTTP,SBB_FTTP,Siebel Broadband FTTP,Broadband,Active,2023-10-05
SAS00903,SA00055,STD_BB_FTTP,SBB_FTTP,Siebel Broadband FTTP,Broadband,Active,2024-12-30
SAS00904,SA00299,STD_PSTN_LINE,SPSTN_LINE,Siebel PSTN Line,Voice,Active,2023-06-07
SAS00905,SA00785,STD_PSTN_LINE,SPSTN_LINE,Siebel PSTN Line,Voice,Active,2023-07-13
SAS00906,SA00557,STD_BB_FTTP,SBB_FTTP,Siebel Broadband FTTP,Broadband,Inactive,2024-09-08
SAS00907,SA00099,STD_PSTN_LINE,SPSTN_LINE,Siebel PSTN Line,Voice,Active,2023-10-22
SAS00908,SA00531,STD_BB_FTTP,SBB_FTTP,Siebel Broadband FTTP,Broadband,Active,2025-09-20
SAS00909,SA00944,STD_BB_FTTC,SBB_FTTC,Siebel Broadband FTTC,Broadband,Active,2023-11-13
SAS00910,SA00852,STD_BB_FTTC,SBB_FTTC,Siebel Broadband FTTC,Broadband,Active,2025-12-12
SAS00911,SA00720,STD_BB_FTTC,SBB_FTTC,Siebel Broadband FTTC,Broadband,Active,2023-06-06
SAS00912,SA00946,STD_BB_FTTC,SBB_FTTC,Siebel Broadband FTTC,Broadband,Active,2024-09-30
SAS00913,SA00837,STD_BB_FTTP,SBB_FTTP,Siebel Broadband FTTP,Broadband,Inactive,2025-12-07
SAS00914,SA00727,STD_BB_FTTP,SBB_FTTP,Siebel Broadband FTTP,Broadband,Active,2023-08-31
SAS00915,SA00878,STD_PSTN_LINE,SPSTN_LINE,Siebel PSTN Line,Voice,Active,2024-04-09
SAS00916,SA00215,STD_BB_FTTC,SBB_FTTC,Siebel Broadband FTTC,Broadband,Pending,2025-05-20
SAS00917,SA00020,STD_BB_FTTP,SBB_FTTP,Siebel Broadband FTTP,Broadband,Active,2023-03-29
SAS00918,SA00034,STD_PSTN_LINE,SPSTN_LINE,Siebel PSTN Line,Voice,Active,2023-05-02
SAS00919,SA00931,STD_BB_FTTP,SBB_FTTP,Siebel Broadband FTTP,Broadband,Active,2024-09-09
SAS00920,SA00802,STD_BB_FTTC,SBB_FTTC,Siebel Broadband FTTC,Broadband,Ceased,2024-02-25
SAS00921,SA00190,STD_PSTN_LINE,SPSTN_LINE,Siebel PSTN Line,Voice,Active,2023-07-05
SAS00922,SA00972,STD_PSTN_LINE,SPSTN_LINE,Siebel PSTN Line,Voice,Active,2023-11-25
SAS00923,SA00518,STD_PSTN_LINE,SPSTN_LINE,Siebel PSTN Line,Voice,Active,2023-01-29
SAS00924,SA00733,STD_BB_FTTC,SBB_FTTC,Siebel Broadband FTTC,Broadband,Pending,2023-12-18
SAS00925,SA00997,STD_PSTN_LINE,SPSTN_LINE,Siebel PSTN Line,Voice,Active,2024-03-14
SAS00926,SA00376,STD_PSTN_LINE,SPSTN_LINE,Siebel PSTN Line,Voice,Active,2025-06-19
SAS00927,SA00855,STD_BB_FTTP,SBB_FTTP,Siebel Broadband FTTP,Broadband,Pending,2025-05-18
SAS00928,SA00234,STD_BB_FTTP,SBB_FTTP,Siebel Broadband FTTP,Broadband,Active,2024-10-05
SAS00929,SA00113,STD_PSTN_LINE,SPSTN_LINE,Siebel PSTN Line,Voice,Active,2025-01-09
SAS00930,SA00740,STD_BB_FTTC,SBB_FTTC,Siebel Broadband FTTC,Broadband,Active,2025-10-08
SAS00931,SA00291,STD_BB_FTTP,SBB_FTTP,Siebel Broadband FTTP,Broadband,Active,2024-09-30
SAS00932,SA00568,STD_BB_FTTP,SBB_FTTP,Siebel Broadband FTTP,Broadband,Active,2025-05-26
SAS00933,SA00917,STD_BB_FTTP,SBB_FTTP,Siebel Broadband FTTP,Broadband,Ceased,2025-01-22
SAS00934,SA00691,STD_BB_FTTP,SBB_FTTP,Siebel Broadband FTTP,Broadband,Active,2025-03-22
SAS00935,SA00675,STD_PSTN_LINE,SPSTN_LINE,Siebel PSTN Line,Voice,Active,2023-10-21
SAS00936,SA00712,STD_PSTN_LINE,SPSTN_LINE,Siebel PSTN Line,Voice,Pending,2023-12-12
SAS00937,SA00999,STD_BB_FTTC,SBB_FTTC,Siebel Broadband FTTC,Broadband,Active,2025-04-07
SAS00938,SA00859,STD_BB_FTTP,SBB_FTTP,Siebel Broadband FTTP,Broadband,Active,2024-07-24
SAS00939,SA00775,STD_PSTN_LINE,SPSTN_LINE,Siebel PSTN Line,Voice,Ceased,2024-12-30
SAS00940,SA00497,STD_PSTN_LINE,SPSTN_LINE,Siebel PSTN Line,Voice,Active,2025-07-20
SAS00941,SA00257,STD_BB_FTTP,SBB_FTTP,Siebel Broadband FTTP,Broadband,Active,2023-10-03
SAS00942,SA00756,STD_BB_FTTC,SBB_FTTC,Siebel Broadband FTTC,Broadband,Inactive,2025-10-17
SAS00943,SA00392,STD_PSTN_LINE,SPSTN_LINE,Siebel PSTN Line,Voice,Active,2023-11-09
SAS00944,SA00779,STD_BB_FTTC,SBB_FTTC,Siebel Broadband FTTC,Broadband,Active,2025-11-30
SAS00945,SA00207,STD_BB_FTTP,SBB_FTTP,Siebel Broadband FTTP,Broadband,Active,2025-10-01
SAS00946,SA00556,STD_BB_FTTP,SBB_FTTP,Siebel Broadband FTTP,Broadband,Active,2023-02-06
SAS00947,SA00902,STD_BB_FTTC,SBB_FTTC,Siebel Broadband FTTC,Broadband,Active,2024-10-06
SAS00948,SA00471,STD_BB_FTTC,SBB_FTTC,Siebel Broadband FTTC,Broadband,Active,2024-09-12
SAS00949,SA00442,STD_BB_FTTC,SBB_FTTC,Siebel Broadband FTTC,Broadband,Active,2025-03-07
SAS00950,SA00583,STD_PSTN_LINE,SPSTN_LINE,Siebel PSTN Line,Voice,Active,2025-08-20
SAS00951,SA00875,STD_BB_FTTC,SBB_FTTC,Siebel Broadband FTTC,Broadband,Active,2025-03-12
SAS00952,SA00606,STD_BB_FTTP,SBB_FTTP,Siebel Broadband FTTP,Broadband,Active,2024-12-23
SAS00953,SA00063,STD_BB_FTTC,SBB_FTTC,Siebel Broadband FTTC,Broadband,Active,2023-09-20
SAS00954,SA00829,STD_PSTN_LINE,SPSTN_LINE,Siebel PSTN Line,Voice,Active,2024-11-29
SAS00955,SA00439,STD_BB_FTTP,SBB_FTTP,Siebel Broadband FTTP,Broadband,Pending,2025-04-23
SAS00956,SA00678,STD_BB_FTTC,SBB_FTTC,Siebel Broadband FTTC,Broadband,Active,2024-10-01
SAS00957,SA00933,STD_PSTN_LINE,SPSTN_LINE,Siebel PSTN Line,Voice,Active,2024-09-16
SAS00958,SA00174,STD_BB_FTTC,SBB_FTTC,Siebel Broadband FTTC,Broadband,Active,2023-03-18
SAS00959,SA00582,STD_PSTN_LINE,SPSTN_LINE,Siebel PSTN Line,Voice,Ceased,2024-06-30
SAS00960,SA00603,STD_BB_FTTC,SBB_FTTC,Siebel Broadband FTTC,Broadband,Pending,2025-02-12
SAS00961,SA00331,STD_PSTN_LINE,SPSTN_LINE,Siebel PSTN Line,Voice,Active,2025-09-27
SAS00962,SA00345,STD_BB_FTTP,SBB_FTTP,Siebel Broadband FTTP,Broadband,Active,2024-11-26
SAS00963,SA00373,STD_BB_FTTP,SBB_FTTP,Siebel Broadband FTTP,Broadband,Active,2023-06-04
SAS00964,SA00295,STD_BB_FTTP,SBB_FTTP,Siebel Broadband FTTP,Broadband,Active,2025-04-03
SAS00965,SA00735,STD_PSTN_LINE,SPSTN_LINE,Siebel PSTN Line,Voice,Active,2024-11-20
SAS00966,SA00581,STD_PSTN_LINE,SPSTN_LINE,Siebel PSTN Line,Voice,Active,2024-03-05
SAS00967,SA00668,STD_BB_FTTP,SBB_FTTP,Siebel Broadband FTTP,Broadband,Active,2024-09-06
SAS00968,SA00321,STD_BB_FTTC,SBB_FTTC,Siebel Broadband FTTC,Broadband,Active,2024-05-29
SAS00969,SA00465,STD_PSTN_LINE,SPSTN_LINE,Siebel PSTN Line,Voice,Active,2024-01-05
SAS00970,SA00884,STD_BB_FTTC,SBB_FTTC,Siebel Broadband FTTC,Broadband,Active,2024-03-12
SAS00971,SA00960,STD_PSTN_LINE,SPSTN_LINE,Siebel PSTN Line,Voice,Active,2025-06-07
SAS00972,SA00535,STD_BB_FTTC,SBB_FTTC,Siebel Broadband FTTC,Broadband,Active,2023-10-30
SAS00973,SA00765,STD_PSTN_LINE,SPSTN_LINE,Siebel PSTN Line,Voice,Active,2025-06-10
SAS00974,SA00881,STD_BB_FTTC,SBB_FTTC,Siebel Broadband FTTC,Broadband,Active,2025-04-24
SAS00975,SA00662,STD_BB_FTTC,SBB_FTTC,Siebel Broadband FTTC,Broadband,Active,2024-04-28
SAS00976,SA00117,STD_BB_FTTC,SBB_FTTC,Siebel Broadband FTTC,Broadband,Active,2024-05-17
SAS00977,SA00498,STD_PSTN_LINE,SPSTN_LINE,Siebel PSTN Line,Voice,Pending,2025-05-14
SAS00978,SA00164,STD_BB_FTTP,SBB_FTTP,Siebel Broadband FTTP,Broadband,Active,2024-06-13
SAS00979,SA00181,STD_PSTN_LINE,SPSTN_LINE,Siebel PSTN Line,Voice,Inactive,2025-09-22
SAS00980,SA00881,STD_BB_FTTC,SBB_FTTC,Siebel Broadband FTTC,Broadband,Active,2024-09-02
SAS00981,SA00919,STD_BB_FTTP,SBB_FTTP,Siebel Broadband FTTP,Broadband,Active,2023-07-04
SAS00982,SA00242,STD_BB_FTTC,SBB_FTTC,Siebel Broadband FTTC,Broadband,Active,2025-10-21
SAS00983,SA00681,STD_PSTN_LINE,SPSTN_LINE,Siebel PSTN Line,Voice,Ceased,2025-12-11
SAS00984,SA00906,STD_BB_FTTC,SBB_FTTC,Siebel Broadband FTTC,Broadband,Active,2023-09-08
SAS00985,SA00853,STD_PSTN_LINE,SPSTN_LINE,Siebel PSTN Line,Voice,Active,2024-04-28
SAS00986,SA00148,STD_BB_FTTC,SBB_FTTC,Siebel Broadband FTTC,Broadband,Active,2024-07-16
SAS00987,SA00261,STD_PSTN_LINE,SPSTN_LINE,Siebel PSTN Line,Voice,Active,2025-12-28
SAS00988,SA00325,STD_PSTN_LINE,SPSTN_LINE,Siebel PSTN Line,Voice,Active,2024-05-19
SAS00989,SA00372,STD_BB_FTTP,SBB_FTTP,Siebel Broadband FTTP,Broadband,Active,2024-09-23
SAS00990,SA00862,STD_PSTN_LINE,SPSTN_LINE,Siebel PSTN Line,Voice,Active,2023-04-22
SAS00991,SA00566,STD_BB_FTTP,SBB_FTTP,Siebel Broadband FTTP,Broadband,Active,2025-01-13
SAS00992,SA00888,STD_BB_FTTC,SBB_FTTC,Siebel Broadband FTTC,Broadband,Inactive,2025-03-06
SAS00993,SA00950,STD_BB_FTTP,SBB_FTTP,Siebel Broadband FTTP,Broadband,Active,2024-04-27
SAS00994,SA00881,STD_BB_FTTC,SBB_FTTC,Siebel Broadband FTTC,Broadband,Ceased,2024-10-11
SAS00995,SA00281,STD_BB_FTTC,SBB_FTTC,Siebel Broadband FTTC,Broadband,Inactive,2025-10-03
SAS00996,SA00949,STD_BB_FTTP,SBB_FTTP,Siebel Broadband FTTP,Broadband,Active,2023-07-25
SAS00997,SA00519,STD_BB_FTTC,SBB_FTTC,Siebel Broadband FTTC,Broadband,Active,2024-10-31
SAS00998,SA00781,STD_BB_FTTC,SBB_FTTC,Siebel Broadband FTTC,Broadband,Active,2024-01-12
SAS00999,SA00004,STD_BB_FTTP,SBB_FTTP,Siebel Broadband FTTP,Broadband,Active,2024-09-17
SAS01000,SA00114,STD_BB_FTTC,SBB_FTTC,Siebel Broadband FTTC,Broadband,Active,2023-09-24
